ISO-10303-21;
HEADER;
/* Generated by software containing ST-Developer
 * from STEP Tools, Inc. (www.steptools.com) 
 */
/* OPTION: using custom schema-name function */

FILE_DESCRIPTION(
/* description */ (''),
/* implementation_level */ '2;1');

FILE_NAME(
/* name */ 'TMPF0808.stp',
/* time_stamp */ '2021-04-06T13:58:27+08:00',
/* author */ (''),
/* organization */ (''),
/* preprocessor_version */ 'ST-DEVELOPER v16.7',
/* originating_system */ 'SIEMENS PLM Software NX 12.0',
/* authorisation */ '');

FILE_SCHEMA (('AUTOMOTIVE_DESIGN { 1 0 10303 214 3 1 1 1 }'));
ENDSEC;

DATA;
#10=SHAPE_REPRESENTATION_RELATIONSHIP('None',
'relationship between TMPF0808-None and TMPF0808-None',#22,#11);
#11=ADVANCED_BREP_SHAPE_REPRESENTATION('TMPF0808-None',(#234,#235,#236,
#237,#238,#239,#240,#241,#242,#243,#244,#245,#246),#8391);
#12=SHAPE_DEFINITION_REPRESENTATION(#13,#22);
#13=PRODUCT_DEFINITION_SHAPE('','',#14);
#14=PRODUCT_DEFINITION(' ','',#16,#15);
#15=PRODUCT_DEFINITION_CONTEXT('part definition',#21,'design');
#16=PRODUCT_DEFINITION_FORMATION_WITH_SPECIFIED_SOURCE(' ',' ',#18,
 .NOT_KNOWN.);
#17=PRODUCT_RELATED_PRODUCT_CATEGORY('part','',(#18));
#18=PRODUCT('TMPF0808','TMPF0808',' ',(#19));
#19=PRODUCT_CONTEXT(' ',#21,'mechanical');
#20=APPLICATION_PROTOCOL_DEFINITION('international standard',
'automotive_design',2010,#21);
#21=APPLICATION_CONTEXT(
'core data for automotive mechanical design processes');
#22=SHAPE_REPRESENTATION('TMPF0808-None',(#3773),#8391);
#23=DRAUGHTING_PRE_DEFINED_COLOUR('black');
#24=SURFACE_OF_LINEAR_EXTRUSION('',#343,#3649);
#25=SURFACE_OF_LINEAR_EXTRUSION('',#346,#3651);
#26=SURFACE_OF_LINEAR_EXTRUSION('',#351,#3654);
#27=SURFACE_OF_LINEAR_EXTRUSION('',#354,#3656);
#28=SURFACE_OF_LINEAR_EXTRUSION('',#357,#3658);
#29=SURFACE_OF_LINEAR_EXTRUSION('',#360,#3660);
#30=SURFACE_OF_LINEAR_EXTRUSION('',#363,#3662);
#31=SURFACE_OF_LINEAR_EXTRUSION('',#366,#3665);
#32=SURFACE_OF_LINEAR_EXTRUSION('',#369,#3667);
#33=SURFACE_OF_LINEAR_EXTRUSION('',#374,#3670);
#34=SURFACE_OF_LINEAR_EXTRUSION('',#377,#3672);
#35=SURFACE_OF_LINEAR_EXTRUSION('',#380,#3674);
#36=SURFACE_OF_LINEAR_EXTRUSION('',#383,#3676);
#37=SURFACE_OF_LINEAR_EXTRUSION('',#386,#3678);
#38=SURFACE_OF_LINEAR_EXTRUSION('',#389,#3680);
#39=SURFACE_OF_LINEAR_EXTRUSION('',#392,#3682);
#40=SURFACE_OF_LINEAR_EXTRUSION('',#397,#3685);
#41=SURFACE_OF_LINEAR_EXTRUSION('',#400,#3687);
#42=SURFACE_OF_LINEAR_EXTRUSION('',#403,#3689);
#43=SURFACE_OF_LINEAR_EXTRUSION('',#406,#3691);
#44=SURFACE_OF_LINEAR_EXTRUSION('',#409,#3693);
#45=SURFACE_OF_LINEAR_EXTRUSION('',#412,#3695);
#46=SURFACE_OF_LINEAR_EXTRUSION('',#415,#3696);
#47=SURFACE_OF_LINEAR_EXTRUSION('',#418,#3697);
#48=SURFACE_OF_LINEAR_EXTRUSION('',#425,#3702);
#49=SURFACE_OF_LINEAR_EXTRUSION('',#428,#3704);
#50=SURFACE_OF_LINEAR_EXTRUSION('',#431,#3706);
#51=SURFACE_OF_LINEAR_EXTRUSION('',#436,#3709);
#52=SURFACE_OF_LINEAR_EXTRUSION('',#487,#3735);
#53=SURFACE_OF_LINEAR_EXTRUSION('',#490,#3737);
#54=SURFACE_OF_LINEAR_EXTRUSION('',#493,#3739);
#55=SURFACE_OF_LINEAR_EXTRUSION('',#496,#3741);
#56=SURFACE_OF_LINEAR_EXTRUSION('',#501,#3744);
#57=SURFACE_OF_LINEAR_EXTRUSION('',#504,#3746);
#58=SURFACE_OF_LINEAR_EXTRUSION('',#507,#3748);
#59=SURFACE_OF_LINEAR_EXTRUSION('',#510,#3750);
#60=SURFACE_OF_LINEAR_EXTRUSION('',#517,#3754);
#61=SURFACE_OF_LINEAR_EXTRUSION('',#522,#3758);
#62=SURFACE_OF_LINEAR_EXTRUSION('',#525,#3760);
#63=SURFACE_OF_LINEAR_EXTRUSION('',#532,#3764);
#64=SURFACE_OF_LINEAR_EXTRUSION('',#535,#3766);
#65=SURFACE_OF_LINEAR_EXTRUSION('',#538,#3768);
#66=SURFACE_OF_LINEAR_EXTRUSION('',#541,#3770);
#67=SURFACE_OF_LINEAR_EXTRUSION('',#544,#3771);
#68=SURFACE_OF_LINEAR_EXTRUSION('',#547,#3772);
#69=OVER_RIDING_STYLED_ITEM('',(#96),#640,#82);
#70=OVER_RIDING_STYLED_ITEM('',(#97),#643,#82);
#71=OVER_RIDING_STYLED_ITEM('',(#98),#645,#82);
#72=OVER_RIDING_STYLED_ITEM('',(#99),#651,#82);
#73=OVER_RIDING_STYLED_ITEM('',(#100),#652,#82);
#74=OVER_RIDING_STYLED_ITEM('',(#102),#660,#83);
#75=OVER_RIDING_STYLED_ITEM('',(#103),#662,#83);
#76=OVER_RIDING_STYLED_ITEM('',(#104),#663,#83);
#77=OVER_RIDING_STYLED_ITEM('',(#105),#669,#83);
#78=OVER_RIDING_STYLED_ITEM('',(#106),#671,#83);
#79=PRESENTATION_LAYER_ASSIGNMENT('1','Layer 1',(#234,#235,#236,#237,#238,
#239,#240,#241,#242,#243,#244,#245,#246));
#80=STYLED_ITEM('',(#93),#234);
#81=STYLED_ITEM('',(#94),#235);
#82=STYLED_ITEM('',(#95),#236);
#83=STYLED_ITEM('',(#101),#237);
#84=STYLED_ITEM('',(#107),#238);
#85=STYLED_ITEM('',(#108),#239);
#86=STYLED_ITEM('',(#109),#240);
#87=STYLED_ITEM('',(#110),#241);
#88=STYLED_ITEM('',(#111),#242);
#89=STYLED_ITEM('',(#112),#243);
#90=STYLED_ITEM('',(#113),#244);
#91=STYLED_ITEM('',(#114),#245);
#92=STYLED_ITEM('',(#115),#246);
#93=PRESENTATION_STYLE_ASSIGNMENT((#116));
#94=PRESENTATION_STYLE_ASSIGNMENT((#117));
#95=PRESENTATION_STYLE_ASSIGNMENT((#118));
#96=PRESENTATION_STYLE_ASSIGNMENT((#119));
#97=PRESENTATION_STYLE_ASSIGNMENT((#120));
#98=PRESENTATION_STYLE_ASSIGNMENT((#121));
#99=PRESENTATION_STYLE_ASSIGNMENT((#122));
#100=PRESENTATION_STYLE_ASSIGNMENT((#123));
#101=PRESENTATION_STYLE_ASSIGNMENT((#124));
#102=PRESENTATION_STYLE_ASSIGNMENT((#125));
#103=PRESENTATION_STYLE_ASSIGNMENT((#126));
#104=PRESENTATION_STYLE_ASSIGNMENT((#127));
#105=PRESENTATION_STYLE_ASSIGNMENT((#128));
#106=PRESENTATION_STYLE_ASSIGNMENT((#129));
#107=PRESENTATION_STYLE_ASSIGNMENT((#130));
#108=PRESENTATION_STYLE_ASSIGNMENT((#131));
#109=PRESENTATION_STYLE_ASSIGNMENT((#132));
#110=PRESENTATION_STYLE_ASSIGNMENT((#133));
#111=PRESENTATION_STYLE_ASSIGNMENT((#134));
#112=PRESENTATION_STYLE_ASSIGNMENT((#135));
#113=PRESENTATION_STYLE_ASSIGNMENT((#136));
#114=PRESENTATION_STYLE_ASSIGNMENT((#137));
#115=PRESENTATION_STYLE_ASSIGNMENT((#138));
#116=SURFACE_STYLE_USAGE(.BOTH.,#139);
#117=SURFACE_STYLE_USAGE(.BOTH.,#140);
#118=SURFACE_STYLE_USAGE(.BOTH.,#141);
#119=SURFACE_STYLE_USAGE(.BOTH.,#142);
#120=SURFACE_STYLE_USAGE(.BOTH.,#143);
#121=SURFACE_STYLE_USAGE(.BOTH.,#144);
#122=SURFACE_STYLE_USAGE(.BOTH.,#145);
#123=SURFACE_STYLE_USAGE(.BOTH.,#146);
#124=SURFACE_STYLE_USAGE(.BOTH.,#147);
#125=SURFACE_STYLE_USAGE(.BOTH.,#148);
#126=SURFACE_STYLE_USAGE(.BOTH.,#149);
#127=SURFACE_STYLE_USAGE(.BOTH.,#150);
#128=SURFACE_STYLE_USAGE(.BOTH.,#151);
#129=SURFACE_STYLE_USAGE(.BOTH.,#152);
#130=SURFACE_STYLE_USAGE(.BOTH.,#153);
#131=SURFACE_STYLE_USAGE(.BOTH.,#154);
#132=SURFACE_STYLE_USAGE(.BOTH.,#155);
#133=SURFACE_STYLE_USAGE(.BOTH.,#156);
#134=SURFACE_STYLE_USAGE(.BOTH.,#157);
#135=SURFACE_STYLE_USAGE(.BOTH.,#158);
#136=SURFACE_STYLE_USAGE(.BOTH.,#159);
#137=SURFACE_STYLE_USAGE(.BOTH.,#160);
#138=SURFACE_STYLE_USAGE(.BOTH.,#161);
#139=SURFACE_SIDE_STYLE('',(#162));
#140=SURFACE_SIDE_STYLE('',(#163));
#141=SURFACE_SIDE_STYLE('',(#164));
#142=SURFACE_SIDE_STYLE('',(#165));
#143=SURFACE_SIDE_STYLE('',(#166));
#144=SURFACE_SIDE_STYLE('',(#167));
#145=SURFACE_SIDE_STYLE('',(#168));
#146=SURFACE_SIDE_STYLE('',(#169));
#147=SURFACE_SIDE_STYLE('',(#170));
#148=SURFACE_SIDE_STYLE('',(#171));
#149=SURFACE_SIDE_STYLE('',(#172));
#150=SURFACE_SIDE_STYLE('',(#173));
#151=SURFACE_SIDE_STYLE('',(#174));
#152=SURFACE_SIDE_STYLE('',(#175));
#153=SURFACE_SIDE_STYLE('',(#176));
#154=SURFACE_SIDE_STYLE('',(#177));
#155=SURFACE_SIDE_STYLE('',(#178));
#156=SURFACE_SIDE_STYLE('',(#179));
#157=SURFACE_SIDE_STYLE('',(#180));
#158=SURFACE_SIDE_STYLE('',(#181));
#159=SURFACE_SIDE_STYLE('',(#182));
#160=SURFACE_SIDE_STYLE('',(#183));
#161=SURFACE_SIDE_STYLE('',(#184));
#162=SURFACE_STYLE_FILL_AREA(#185);
#163=SURFACE_STYLE_FILL_AREA(#186);
#164=SURFACE_STYLE_FILL_AREA(#187);
#165=SURFACE_STYLE_FILL_AREA(#188);
#166=SURFACE_STYLE_FILL_AREA(#189);
#167=SURFACE_STYLE_FILL_AREA(#190);
#168=SURFACE_STYLE_FILL_AREA(#191);
#169=SURFACE_STYLE_FILL_AREA(#192);
#170=SURFACE_STYLE_FILL_AREA(#193);
#171=SURFACE_STYLE_FILL_AREA(#194);
#172=SURFACE_STYLE_FILL_AREA(#195);
#173=SURFACE_STYLE_FILL_AREA(#196);
#174=SURFACE_STYLE_FILL_AREA(#197);
#175=SURFACE_STYLE_FILL_AREA(#198);
#176=SURFACE_STYLE_FILL_AREA(#199);
#177=SURFACE_STYLE_FILL_AREA(#200);
#178=SURFACE_STYLE_FILL_AREA(#201);
#179=SURFACE_STYLE_FILL_AREA(#202);
#180=SURFACE_STYLE_FILL_AREA(#203);
#181=SURFACE_STYLE_FILL_AREA(#204);
#182=SURFACE_STYLE_FILL_AREA(#205);
#183=SURFACE_STYLE_FILL_AREA(#206);
#184=SURFACE_STYLE_FILL_AREA(#207);
#185=FILL_AREA_STYLE('',(#208));
#186=FILL_AREA_STYLE('',(#209));
#187=FILL_AREA_STYLE('',(#210));
#188=FILL_AREA_STYLE('',(#211));
#189=FILL_AREA_STYLE('',(#212));
#190=FILL_AREA_STYLE('',(#213));
#191=FILL_AREA_STYLE('',(#214));
#192=FILL_AREA_STYLE('',(#215));
#193=FILL_AREA_STYLE('',(#216));
#194=FILL_AREA_STYLE('',(#217));
#195=FILL_AREA_STYLE('',(#218));
#196=FILL_AREA_STYLE('',(#219));
#197=FILL_AREA_STYLE('',(#220));
#198=FILL_AREA_STYLE('',(#221));
#199=FILL_AREA_STYLE('',(#222));
#200=FILL_AREA_STYLE('',(#223));
#201=FILL_AREA_STYLE('',(#224));
#202=FILL_AREA_STYLE('',(#225));
#203=FILL_AREA_STYLE('',(#226));
#204=FILL_AREA_STYLE('',(#227));
#205=FILL_AREA_STYLE('',(#228));
#206=FILL_AREA_STYLE('',(#229));
#207=FILL_AREA_STYLE('',(#230));
#208=FILL_AREA_STYLE_COLOUR('',#231);
#209=FILL_AREA_STYLE_COLOUR('',#232);
#210=FILL_AREA_STYLE_COLOUR('',#232);
#211=FILL_AREA_STYLE_COLOUR('',#233);
#212=FILL_AREA_STYLE_COLOUR('',#233);
#213=FILL_AREA_STYLE_COLOUR('',#233);
#214=FILL_AREA_STYLE_COLOUR('',#233);
#215=FILL_AREA_STYLE_COLOUR('',#233);
#216=FILL_AREA_STYLE_COLOUR('',#232);
#217=FILL_AREA_STYLE_COLOUR('',#233);
#218=FILL_AREA_STYLE_COLOUR('',#233);
#219=FILL_AREA_STYLE_COLOUR('',#233);
#220=FILL_AREA_STYLE_COLOUR('',#233);
#221=FILL_AREA_STYLE_COLOUR('',#233);
#222=FILL_AREA_STYLE_COLOUR('',#231);
#223=FILL_AREA_STYLE_COLOUR('',#23);
#224=FILL_AREA_STYLE_COLOUR('',#23);
#225=FILL_AREA_STYLE_COLOUR('',#23);
#226=FILL_AREA_STYLE_COLOUR('',#23);
#227=FILL_AREA_STYLE_COLOUR('',#23);
#228=FILL_AREA_STYLE_COLOUR('',#23);
#229=FILL_AREA_STYLE_COLOUR('',#23);
#230=FILL_AREA_STYLE_COLOUR('',#23);
#231=COLOUR_RGB('Medium Gray',0.490196078431373,0.490196078431373,0.490196078431373);
#232=COLOUR_RGB('Orange',1.,0.6,0.);
#233=COLOUR_RGB('Smoke Gray',0.694102388036927,0.694102388036927,0.694102388036927);
#234=MANIFOLD_SOLID_BREP('',#247);
#235=MANIFOLD_SOLID_BREP('',#248);
#236=MANIFOLD_SOLID_BREP('',#249);
#237=MANIFOLD_SOLID_BREP('',#250);
#238=MANIFOLD_SOLID_BREP('',#251);
#239=MANIFOLD_SOLID_BREP('',#252);
#240=MANIFOLD_SOLID_BREP('',#253);
#241=MANIFOLD_SOLID_BREP('',#254);
#242=MANIFOLD_SOLID_BREP('',#255);
#243=MANIFOLD_SOLID_BREP('',#256);
#244=MANIFOLD_SOLID_BREP('',#257);
#245=MANIFOLD_SOLID_BREP('',#258);
#246=MANIFOLD_SOLID_BREP('',#259);
#247=CLOSED_SHELL('',(#608,#609,#610,#611,#612,#613,#614,#615,#616,#617,
#618,#619,#620,#621,#622,#623,#624,#625,#626,#627,#628,#629));
#248=CLOSED_SHELL('',(#630,#631,#632,#633,#634,#635));
#249=CLOSED_SHELL('',(#636,#637,#638,#639,#640,#641,#642,#643,#644,#645,
#646,#647,#648,#649,#650,#651,#652,#653));
#250=CLOSED_SHELL('',(#654,#655,#656,#657,#658,#659,#660,#661,#662,#663,
#664,#665,#666,#667,#668,#669,#670,#671));
#251=CLOSED_SHELL('',(#672,#673,#674,#675,#676,#677,#678,#679,#680,#681,
#682,#683,#684,#685,#686,#687,#688,#689,#690,#691,#692,#693,#694,#695,#696,
#697,#698,#699,#700));
#252=CLOSED_SHELL('',(#701,#702,#703,#704,#705,#706,#707,#708,#709,#710,
#711,#712,#713,#714,#715,#716));
#253=CLOSED_SHELL('',(#717,#718,#719,#720,#721,#722,#723,#724,#725,#726,
#727,#728,#729,#730,#731,#732,#733,#734,#735,#736,#737,#738,#739,#740,#741,
#742));
#254=CLOSED_SHELL('',(#743,#744,#745,#746,#747,#748,#749,#750,#751,#752,
#753));
#255=CLOSED_SHELL('',(#754,#755,#756,#757,#758,#759,#760,#761,#762,#763,
#764,#765,#766,#767));
#256=CLOSED_SHELL('',(#768,#769,#770,#771,#772,#773));
#257=CLOSED_SHELL('',(#774,#775,#776,#777,#778,#779));
#258=CLOSED_SHELL('',(#780,#781,#782,#783,#784,#785,#786,#787,#788,#789,
#790,#791,#792,#793,#794));
#259=CLOSED_SHELL('',(#795,#796,#797,#798,#799,#800,#801,#802,#803,#804,
#805,#806,#807,#808));
#260=B_SPLINE_SURFACE_WITH_KNOTS('',1,3,((#4867,#4868,#4869,#4870,#4871,
#4872,#4873,#4874,#4875,#4876,#4877,#4878,#4879,#4880,#4881,#4882,#4883,
#4884,#4885,#4886,#4887,#4888,#4889,#4890,#4891,#4892,#4893,#4894,#4895,
#4896,#4897,#4898,#4899,#4900),(#4901,#4902,#4903,#4904,#4905,#4906,#4907,
#4908,#4909,#4910,#4911,#4912,#4913,#4914,#4915,#4916,#4917,#4918,#4919,
#4920,#4921,#4922,#4923,#4924,#4925,#4926,#4927,#4928,#4929,#4930,#4931,
#4932,#4933,#4934)),.UNSPECIFIED.,.F.,.T.,.F.,(2,2),(2,2,2,2,2,2,2,2,2,
2,2,2,2,2,2,2,2,2,2),(0.,1.),(-0.0625000000000001,0.,0.0625,0.125,0.1875,
0.25,0.3125,0.375,0.4375,0.5,0.5625,0.625,0.6875,0.75,0.8125,0.875,0.9375,
1.,1.0625),.UNSPECIFIED.);
#261=B_SPLINE_SURFACE_WITH_KNOTS('',1,3,((#5208,#5209,#5210,#5211,#5212,
#5213,#5214,#5215,#5216,#5217,#5218,#5219,#5220,#5221,#5222,#5223,#5224,
#5225,#5226,#5227,#5228,#5229,#5230,#5231,#5232,#5233,#5234,#5235,#5236,
#5237,#5238,#5239,#5240,#5241,#5242,#5243,#5244,#5245,#5246,#5247,#5248,
#5249,#5250,#5251,#5252,#5253,#5254,#5255,#5256,#5257,#5258,#5259,#5260,
#5261,#5262,#5263,#5264,#5265,#5266,#5267,#5268,#5269,#5270,#5271,#5272,
#5273,#5274,#5275,#5276,#5277,#5278,#5279,#5280,#5281,#5282,#5283,#5284,
#5285,#5286,#5287,#5288,#5289,#5290,#5291,#5292,#5293,#5294,#5295,#5296,
#5297,#5298,#5299,#5300,#5301,#5302,#5303,#5304,#5305,#5306,#5307,#5308,
#5309,#5310,#5311,#5312,#5313,#5314,#5315,#5316,#5317,#5318,#5319,#5320,
#5321,#5322,#5323,#5324,#5325,#5326,#5327,#5328,#5329,#5330,#5331,#5332,
#5333,#5334,#5335,#5336,#5337,#5338,#5339),(#5340,#5341,#5342,#5343,#5344,
#5345,#5346,#5347,#5348,#5349,#5350,#5351,#5352,#5353,#5354,#5355,#5356,
#5357,#5358,#5359,#5360,#5361,#5362,#5363,#5364,#5365,#5366,#5367,#5368,
#5369,#5370,#5371,#5372,#5373,#5374,#5375,#5376,#5377,#5378,#5379,#5380,
#5381,#5382,#5383,#5384,#5385,#5386,#5387,#5388,#5389,#5390,#5391,#5392,
#5393,#5394,#5395,#5396,#5397,#5398,#5399,#5400,#5401,#5402,#5403,#5404,
#5405,#5406,#5407,#5408,#5409,#5410,#5411,#5412,#5413,#5414,#5415,#5416,
#5417,#5418,#5419,#5420,#5421,#5422,#5423,#5424,#5425,#5426,#5427,#5428,
#5429,#5430,#5431,#5432,#5433,#5434,#5435,#5436,#5437,#5438,#5439,#5440,
#5441,#5442,#5443,#5444,#5445,#5446,#5447,#5448,#5449,#5450,#5451,#5452,
#5453,#5454,#5455,#5456,#5457,#5458,#5459,#5460,#5461,#5462,#5463,#5464,
#5465,#5466,#5467,#5468,#5469,#5470,#5471)),.UNSPECIFIED.,.F.,.F.,.F.,(2,
2),(4,1,1,1,1,1,1,1,1,1,1,1,1,1,1,1,1,1,1,1,1,1,1,1,1,1,1,1,1,1,1,1,1,1,
1,1,1,1,1,1,1,1,1,1,1,1,1,1,1,1,1,1,1,1,1,1,1,1,1,1,1,1,1,1,1,1,1,1,1,1,
1,1,1,1,1,1,1,1,1,1,1,1,1,1,1,1,1,1,1,1,1,1,1,1,1,1,1,1,1,1,1,1,1,1,1,1,
1,1,1,1,1,1,1,1,1,1,1,1,1,1,1,1,1,1,1,1,1,1,1,4),(0.,1.),(0.,0.0078125,
0.015625,0.0234375,0.03125,0.0390625,0.046875,0.0546875,0.0625,0.0703125,
0.078125,0.0859375,0.09375,0.1015625,0.109375,0.1171875,0.125,0.1328125,
0.140625,0.1484375,0.15625,0.1640625,0.171875,0.1796875,0.1875,0.1953125,
0.203125,0.2109375,0.21875,0.2265625,0.234375,0.2421875,0.25,0.2578125,
0.265625,0.2734375,0.28125,0.2890625,0.296875,0.3046875,0.3125,0.3203125,
0.328125,0.3359375,0.34375,0.3515625,0.359375,0.3671875,0.375,0.3828125,
0.390625,0.3984375,0.40625,0.4140625,0.421875,0.4296875,0.4375,0.4453125,
0.453125,0.4609375,0.46875,0.4765625,0.484375,0.4921875,0.5,0.5078125,0.515625,
0.5234375,0.53125,0.5390625,0.546875,0.5546875,0.5625,0.5703125,0.578125,
0.5859375,0.59375,0.6015625,0.609375,0.6171875,0.625,0.6328125,0.640625,
0.6484375,0.65625,0.6640625,0.671875,0.6796875,0.6875,0.6953125,0.703125,
0.7109375,0.71875,0.7265625,0.734375,0.7421875,0.75,0.7578125,0.765625,
0.7734375,0.78125,0.7890625,0.796875,0.8046875,0.8125,0.8203125,0.828125,
0.8359375,0.84375,0.8515625,0.859375,0.8671875,0.875,0.8828125,0.890625,
0.8984375,0.90625,0.9140625,0.921875,0.9296875,0.9375,0.9453125,0.953125,
0.9609375,0.96875,0.9765625,0.984375,0.9921875,0.99609375,1.),
 .UNSPECIFIED.);
#262=B_SPLINE_SURFACE_WITH_KNOTS('',1,3,((#5616,#5617,#5618,#5619,#5620,
#5621,#5622,#5623,#5624,#5625,#5626,#5627,#5628,#5629,#5630,#5631,#5632,
#5633,#5634,#5635,#5636,#5637,#5638,#5639,#5640,#5641,#5642,#5643,#5644,
#5645,#5646,#5647,#5648,#5649,#5650,#5651,#5652,#5653,#5654,#5655,#5656,
#5657,#5658,#5659,#5660,#5661,#5662,#5663,#5664,#5665,#5666,#5667,#5668,
#5669,#5670,#5671,#5672,#5673,#5674,#5675,#5676,#5677,#5678,#5679,#5680,
#5681,#5682,#5683,#5684,#5685,#5686,#5687,#5688,#5689,#5690,#5691,#5692,
#5693,#5694,#5695,#5696,#5697,#5698,#5699,#5700,#5701,#5702,#5703,#5704,
#5705,#5706,#5707,#5708,#5709,#5710,#5711,#5712,#5713,#5714,#5715,#5716,
#5717,#5718,#5719,#5720,#5721,#5722,#5723,#5724,#5725,#5726,#5727,#5728,
#5729,#5730,#5731,#5732,#5733,#5734,#5735,#5736,#5737,#5738,#5739,#5740,
#5741,#5742,#5743,#5744,#5745,#5746,#5747),(#5748,#5749,#5750,#5751,#5752,
#5753,#5754,#5755,#5756,#5757,#5758,#5759,#5760,#5761,#5762,#5763,#5764,
#5765,#5766,#5767,#5768,#5769,#5770,#5771,#5772,#5773,#5774,#5775,#5776,
#5777,#5778,#5779,#5780,#5781,#5782,#5783,#5784,#5785,#5786,#5787,#5788,
#5789,#5790,#5791,#5792,#5793,#5794,#5795,#5796,#5797,#5798,#5799,#5800,
#5801,#5802,#5803,#5804,#5805,#5806,#5807,#5808,#5809,#5810,#5811,#5812,
#5813,#5814,#5815,#5816,#5817,#5818,#5819,#5820,#5821,#5822,#5823,#5824,
#5825,#5826,#5827,#5828,#5829,#5830,#5831,#5832,#5833,#5834,#5835,#5836,
#5837,#5838,#5839,#5840,#5841,#5842,#5843,#5844,#5845,#5846,#5847,#5848,
#5849,#5850,#5851,#5852,#5853,#5854,#5855,#5856,#5857,#5858,#5859,#5860,
#5861,#5862,#5863,#5864,#5865,#5866,#5867,#5868,#5869,#5870,#5871,#5872,
#5873,#5874,#5875,#5876,#5877,#5878,#5879)),.UNSPECIFIED.,.F.,.F.,.F.,(2,
2),(4,1,1,1,1,1,1,1,1,1,1,1,1,1,1,1,1,1,1,1,1,1,1,1,1,1,1,1,1,1,1,1,1,1,
1,1,1,1,1,1,1,1,1,1,1,1,1,1,1,1,1,1,1,1,1,1,1,1,1,1,1,1,1,1,1,1,1,1,1,1,
1,1,1,1,1,1,1,1,1,1,1,1,1,1,1,1,1,1,1,1,1,1,1,1,1,1,1,1,1,1,1,1,1,1,1,1,
1,1,1,1,1,1,1,1,1,1,1,1,1,1,1,1,1,1,1,1,1,1,1,4),(0.,1.),(0.,0.0078125,
0.015625,0.0234375,0.03125,0.0390625,0.046875,0.0546875,0.0625,0.0703125,
0.078125,0.0859375,0.09375,0.1015625,0.109375,0.1171875,0.125,0.1328125,
0.140625,0.1484375,0.15625,0.1640625,0.171875,0.1796875,0.1875,0.1953125,
0.203125,0.2109375,0.21875,0.2265625,0.234375,0.2421875,0.25,0.2578125,
0.265625,0.2734375,0.28125,0.2890625,0.296875,0.3046875,0.3125,0.3203125,
0.328125,0.3359375,0.34375,0.3515625,0.359375,0.3671875,0.375,0.3828125,
0.390625,0.3984375,0.40625,0.4140625,0.421875,0.4296875,0.4375,0.4453125,
0.453125,0.4609375,0.46875,0.4765625,0.484375,0.4921875,0.5,0.5078125,0.515625,
0.5234375,0.53125,0.5390625,0.546875,0.5546875,0.5625,0.5703125,0.578125,
0.5859375,0.59375,0.6015625,0.609375,0.6171875,0.625,0.6328125,0.640625,
0.6484375,0.65625,0.6640625,0.671875,0.6796875,0.6875,0.6953125,0.703125,
0.7109375,0.71875,0.7265625,0.734375,0.7421875,0.75,0.7578125,0.765625,
0.7734375,0.78125,0.7890625,0.796875,0.8046875,0.8125,0.8203125,0.828125,
0.8359375,0.84375,0.8515625,0.859375,0.8671875,0.875,0.8828125,0.890625,
0.8984375,0.90625,0.9140625,0.921875,0.9296875,0.9375,0.9453125,0.953125,
0.9609375,0.96875,0.9765625,0.984375,0.9921875,0.99609375,1.),
 .UNSPECIFIED.);
#263=B_SPLINE_SURFACE_WITH_KNOTS('',1,3,((#6018,#6019,#6020,#6021,#6022,
#6023,#6024,#6025,#6026,#6027,#6028,#6029,#6030,#6031,#6032,#6033,#6034,
#6035,#6036,#6037,#6038,#6039,#6040,#6041,#6042,#6043,#6044,#6045,#6046,
#6047,#6048,#6049,#6050,#6051,#6052,#6053,#6054,#6055,#6056,#6057,#6058,
#6059,#6060,#6061,#6062,#6063,#6064,#6065,#6066,#6067,#6068,#6069,#6070,
#6071,#6072,#6073,#6074,#6075,#6076,#6077,#6078,#6079,#6080,#6081,#6082,
#6083,#6084,#6085,#6086,#6087,#6088,#6089,#6090,#6091,#6092,#6093,#6094,
#6095,#6096,#6097,#6098,#6099,#6100,#6101,#6102,#6103,#6104,#6105,#6106,
#6107,#6108,#6109,#6110,#6111,#6112,#6113,#6114,#6115,#6116,#6117,#6118,
#6119,#6120,#6121,#6122,#6123,#6124,#6125,#6126,#6127,#6128,#6129,#6130,
#6131,#6132,#6133,#6134,#6135,#6136,#6137,#6138,#6139,#6140,#6141,#6142,
#6143,#6144,#6145,#6146,#6147,#6148,#6149),(#6150,#6151,#6152,#6153,#6154,
#6155,#6156,#6157,#6158,#6159,#6160,#6161,#6162,#6163,#6164,#6165,#6166,
#6167,#6168,#6169,#6170,#6171,#6172,#6173,#6174,#6175,#6176,#6177,#6178,
#6179,#6180,#6181,#6182,#6183,#6184,#6185,#6186,#6187,#6188,#6189,#6190,
#6191,#6192,#6193,#6194,#6195,#6196,#6197,#6198,#6199,#6200,#6201,#6202,
#6203,#6204,#6205,#6206,#6207,#6208,#6209,#6210,#6211,#6212,#6213,#6214,
#6215,#6216,#6217,#6218,#6219,#6220,#6221,#6222,#6223,#6224,#6225,#6226,
#6227,#6228,#6229,#6230,#6231,#6232,#6233,#6234,#6235,#6236,#6237,#6238,
#6239,#6240,#6241,#6242,#6243,#6244,#6245,#6246,#6247,#6248,#6249,#6250,
#6251,#6252,#6253,#6254,#6255,#6256,#6257,#6258,#6259,#6260,#6261,#6262,
#6263,#6264,#6265,#6266,#6267,#6268,#6269,#6270,#6271,#6272,#6273,#6274,
#6275,#6276,#6277,#6278,#6279,#6280,#6281)),.UNSPECIFIED.,.F.,.F.,.F.,(2,
2),(4,1,1,1,1,1,1,1,1,1,1,1,1,1,1,1,1,1,1,1,1,1,1,1,1,1,1,1,1,1,1,1,1,1,
1,1,1,1,1,1,1,1,1,1,1,1,1,1,1,1,1,1,1,1,1,1,1,1,1,1,1,1,1,1,1,1,1,1,1,1,
1,1,1,1,1,1,1,1,1,1,1,1,1,1,1,1,1,1,1,1,1,1,1,1,1,1,1,1,1,1,1,1,1,1,1,1,
1,1,1,1,1,1,1,1,1,1,1,1,1,1,1,1,1,1,1,1,1,1,1,4),(0.,1.),(0.,0.0078125,
0.015625,0.0234375,0.03125,0.0390625,0.046875,0.0546875,0.0625,0.0703125,
0.078125,0.0859375,0.09375,0.1015625,0.109375,0.1171875,0.125,0.1328125,
0.140625,0.1484375,0.15625,0.1640625,0.171875,0.1796875,0.1875,0.1953125,
0.203125,0.2109375,0.21875,0.2265625,0.234375,0.2421875,0.25,0.2578125,
0.265625,0.2734375,0.28125,0.2890625,0.296875,0.3046875,0.3125,0.3203125,
0.328125,0.3359375,0.34375,0.3515625,0.359375,0.3671875,0.375,0.3828125,
0.390625,0.3984375,0.40625,0.4140625,0.421875,0.4296875,0.4375,0.4453125,
0.453125,0.4609375,0.46875,0.4765625,0.484375,0.4921875,0.5,0.5078125,0.515625,
0.5234375,0.53125,0.5390625,0.546875,0.5546875,0.5625,0.5703125,0.578125,
0.5859375,0.59375,0.6015625,0.609375,0.6171875,0.625,0.6328125,0.640625,
0.6484375,0.65625,0.6640625,0.671875,0.6796875,0.6875,0.6953125,0.703125,
0.7109375,0.71875,0.7265625,0.734375,0.7421875,0.75,0.7578125,0.765625,
0.7734375,0.78125,0.7890625,0.796875,0.8046875,0.8125,0.8203125,0.828125,
0.8359375,0.84375,0.8515625,0.859375,0.8671875,0.875,0.8828125,0.890625,
0.8984375,0.90625,0.9140625,0.921875,0.9296875,0.9375,0.9453125,0.953125,
0.9609375,0.96875,0.9765625,0.984375,0.9921875,0.99609375,1.),
 .UNSPECIFIED.);
#264=B_SPLINE_SURFACE_WITH_KNOTS('',1,3,((#6282,#6283,#6284,#6285,#6286,
#6287,#6288,#6289,#6290,#6291,#6292,#6293,#6294,#6295,#6296,#6297,#6298,
#6299,#6300,#6301,#6302,#6303,#6304,#6305,#6306,#6307,#6308,#6309,#6310,
#6311,#6312,#6313,#6314,#6315,#6316,#6317,#6318,#6319,#6320,#6321,#6322,
#6323,#6324,#6325,#6326,#6327,#6328,#6329,#6330,#6331,#6332,#6333,#6334,
#6335,#6336,#6337,#6338,#6339,#6340,#6341,#6342,#6343,#6344,#6345,#6346,
#6347,#6348,#6349,#6350,#6351,#6352,#6353,#6354,#6355,#6356,#6357,#6358,
#6359,#6360,#6361,#6362,#6363,#6364,#6365,#6366,#6367,#6368,#6369,#6370,
#6371,#6372,#6373,#6374,#6375,#6376,#6377,#6378,#6379,#6380,#6381,#6382,
#6383,#6384,#6385,#6386,#6387,#6388,#6389,#6390,#6391,#6392,#6393,#6394,
#6395,#6396,#6397,#6398,#6399,#6400,#6401,#6402,#6403,#6404,#6405,#6406,
#6407,#6408,#6409,#6410,#6411,#6412,#6413),(#6414,#6415,#6416,#6417,#6418,
#6419,#6420,#6421,#6422,#6423,#6424,#6425,#6426,#6427,#6428,#6429,#6430,
#6431,#6432,#6433,#6434,#6435,#6436,#6437,#6438,#6439,#6440,#6441,#6442,
#6443,#6444,#6445,#6446,#6447,#6448,#6449,#6450,#6451,#6452,#6453,#6454,
#6455,#6456,#6457,#6458,#6459,#6460,#6461,#6462,#6463,#6464,#6465,#6466,
#6467,#6468,#6469,#6470,#6471,#6472,#6473,#6474,#6475,#6476,#6477,#6478,
#6479,#6480,#6481,#6482,#6483,#6484,#6485,#6486,#6487,#6488,#6489,#6490,
#6491,#6492,#6493,#6494,#6495,#6496,#6497,#6498,#6499,#6500,#6501,#6502,
#6503,#6504,#6505,#6506,#6507,#6508,#6509,#6510,#6511,#6512,#6513,#6514,
#6515,#6516,#6517,#6518,#6519,#6520,#6521,#6522,#6523,#6524,#6525,#6526,
#6527,#6528,#6529,#6530,#6531,#6532,#6533,#6534,#6535,#6536,#6537,#6538,
#6539,#6540,#6541,#6542,#6543,#6544,#6545)),.UNSPECIFIED.,.F.,.F.,.F.,(2,
2),(4,1,1,1,1,1,1,1,1,1,1,1,1,1,1,1,1,1,1,1,1,1,1,1,1,1,1,1,1,1,1,1,1,1,
1,1,1,1,1,1,1,1,1,1,1,1,1,1,1,1,1,1,1,1,1,1,1,1,1,1,1,1,1,1,1,1,1,1,1,1,
1,1,1,1,1,1,1,1,1,1,1,1,1,1,1,1,1,1,1,1,1,1,1,1,1,1,1,1,1,1,1,1,1,1,1,1,
1,1,1,1,1,1,1,1,1,1,1,1,1,1,1,1,1,1,1,1,1,1,1,4),(0.,1.),(0.,0.0078125,
0.015625,0.0234375,0.03125,0.0390625,0.046875,0.0546875,0.0625,0.0703125,
0.078125,0.0859375,0.09375,0.1015625,0.109375,0.1171875,0.125,0.1328125,
0.140625,0.1484375,0.15625,0.1640625,0.171875,0.1796875,0.1875,0.1953125,
0.203125,0.2109375,0.21875,0.2265625,0.234375,0.2421875,0.25,0.2578125,
0.265625,0.2734375,0.28125,0.2890625,0.296875,0.3046875,0.3125,0.3203125,
0.328125,0.3359375,0.34375,0.3515625,0.359375,0.3671875,0.375,0.3828125,
0.390625,0.3984375,0.40625,0.4140625,0.421875,0.4296875,0.4375,0.4453125,
0.453125,0.4609375,0.46875,0.4765625,0.484375,0.4921875,0.5,0.5078125,0.515625,
0.5234375,0.53125,0.5390625,0.546875,0.5546875,0.5625,0.5703125,0.578125,
0.5859375,0.59375,0.6015625,0.609375,0.6171875,0.625,0.6328125,0.640625,
0.6484375,0.65625,0.6640625,0.671875,0.6796875,0.6875,0.6953125,0.703125,
0.7109375,0.71875,0.7265625,0.734375,0.7421875,0.75,0.7578125,0.765625,
0.7734375,0.78125,0.7890625,0.796875,0.8046875,0.8125,0.8203125,0.828125,
0.8359375,0.84375,0.8515625,0.859375,0.8671875,0.875,0.8828125,0.890625,
0.8984375,0.90625,0.9140625,0.921875,0.9296875,0.9375,0.9453125,0.953125,
0.9609375,0.96875,0.9765625,0.984375,0.9921875,0.99609375,1.),
 .UNSPECIFIED.);
#265=CYLINDRICAL_SURFACE('',#3802,1.75);
#266=CYLINDRICAL_SURFACE('',#3831,0.4);
#267=CYLINDRICAL_SURFACE('',#3832,0.4);
#268=CYLINDRICAL_SURFACE('',#3833,0.4);
#269=CYLINDRICAL_SURFACE('',#3834,0.4);
#270=CYLINDRICAL_SURFACE('',#3835,0.4);
#271=CYLINDRICAL_SURFACE('',#3836,0.4);
#272=CYLINDRICAL_SURFACE('',#3861,0.4);
#273=CYLINDRICAL_SURFACE('',#3862,0.4);
#274=CYLINDRICAL_SURFACE('',#3863,0.4);
#275=CYLINDRICAL_SURFACE('',#3864,0.4);
#276=CYLINDRICAL_SURFACE('',#3865,0.4);
#277=CYLINDRICAL_SURFACE('',#3866,0.4);
#278=CYLINDRICAL_SURFACE('',#3878,1.);
#279=CYLINDRICAL_SURFACE('',#3881,1.);
#280=CYLINDRICAL_SURFACE('',#3884,1.);
#281=CYLINDRICAL_SURFACE('',#3887,1.);
#282=CYLINDRICAL_SURFACE('',#3912,1.75);
#283=FACE_BOUND('',#1140,.T.);
#284=FACE_BOUND('',#1141,.T.);
#285=FACE_BOUND('',#1142,.T.);
#286=FACE_BOUND('',#1143,.T.);
#287=FACE_BOUND('',#1144,.T.);
#288=FACE_BOUND('',#1145,.T.);
#289=FACE_BOUND('',#1147,.T.);
#290=FACE_BOUND('',#1148,.T.);
#291=FACE_BOUND('',#1192,.T.);
#292=FACE_BOUND('',#1193,.T.);
#293=FACE_BOUND('',#1219,.T.);
#294=FACE_BOUND('',#1220,.T.);
#295=FACE_BOUND('',#1221,.T.);
#296=FACE_BOUND('',#1222,.T.);
#297=FACE_BOUND('',#1264,.T.);
#298=FACE_BOUND('',#1265,.T.);
#299=FACE_BOUND('',#1266,.T.);
#300=FACE_BOUND('',#1267,.T.);
#301=FACE_BOUND('',#1332,.T.);
#302=FACE_BOUND('',#1333,.T.);
#303=FACE_BOUND('',#1334,.T.);
#304=FACE_BOUND('',#1335,.T.);
#305=B_SPLINE_CURVE_WITH_KNOTS('',3,(#4787,#4788,#4789,#4790,#4791,#4792,
#4793,#4794,#4795,#4796,#4797,#4798,#4799,#4800,#4801,#4802,#4803,#4804,
#4805,#4806,#4807,#4808,#4809,#4810,#4811,#4812,#4813,#4814,#4815,#4816,
#4817,#4818,#4819,#4820,#4821),.UNSPECIFIED.,.T.,.F.,(1,3,2,2,2,2,2,2,2,
3,2,2,2,2,2,2,2,3,1),(-0.0625000000000001,0.,0.0625,0.125,0.1875,0.25,0.3125,
0.375,0.4375,0.5,0.5625,0.625,0.6875,0.75,0.8125,0.875,0.9375,1.,1.0625),
 .UNSPECIFIED.);
#306=B_SPLINE_CURVE_WITH_KNOTS('',3,(#4831,#4832,#4833,#4834,#4835,#4836,
#4837,#4838,#4839,#4840,#4841,#4842,#4843,#4844,#4845,#4846,#4847,#4848,
#4849,#4850,#4851,#4852,#4853,#4854,#4855,#4856,#4857,#4858,#4859,#4860,
#4861,#4862,#4863,#4864,#4865),.UNSPECIFIED.,.T.,.F.,(1,3,2,2,2,2,2,2,2,
3,2,2,2,2,2,2,2,3,1),(-0.0625000000000001,0.,0.0625000000000001,0.125,0.1875,
0.25,0.3125,0.375,0.4375,0.5,0.5625,0.625,0.6875,0.75,0.8125,0.875,0.9375,
1.,1.0625),.UNSPECIFIED.);
#307=B_SPLINE_CURVE_WITH_KNOTS('',1,(#4936,#4937),.UNSPECIFIED.,.F.,.F.,
(2,2),(0.,1.),.UNSPECIFIED.);
#308=B_SPLINE_CURVE_WITH_KNOTS('',3,(#4940,#4941,#4942,#4943,#4944,#4945,
#4946,#4947,#4948,#4949,#4950,#4951,#4952,#4953,#4954,#4955,#4956,#4957,
#4958,#4959,#4960,#4961,#4962,#4963,#4964,#4965,#4966,#4967,#4968,#4969,
#4970,#4971,#4972,#4973,#4974,#4975,#4976,#4977,#4978,#4979,#4980,#4981,
#4982,#4983,#4984,#4985,#4986,#4987,#4988,#4989,#4990,#4991,#4992,#4993,
#4994,#4995,#4996,#4997,#4998,#4999,#5000,#5001,#5002,#5003,#5004,#5005,
#5006,#5007,#5008,#5009,#5010,#5011,#5012,#5013,#5014,#5015,#5016,#5017,
#5018,#5019,#5020,#5021,#5022,#5023,#5024,#5025,#5026,#5027,#5028,#5029,
#5030,#5031,#5032,#5033,#5034,#5035,#5036,#5037,#5038,#5039,#5040,#5041,
#5042,#5043,#5044,#5045,#5046,#5047,#5048,#5049,#5050,#5051,#5052,#5053,
#5054,#5055,#5056,#5057,#5058,#5059,#5060,#5061,#5062,#5063,#5064,#5065,
#5066,#5067,#5068,#5069,#5070,#5071),.UNSPECIFIED.,.F.,.F.,(4,1,1,1,1,1,
1,1,1,1,1,1,1,1,1,1,1,1,1,1,1,1,1,1,1,1,1,1,1,1,1,1,1,1,1,1,1,1,1,1,1,1,
1,1,1,1,1,1,1,1,1,1,1,1,1,1,1,1,1,1,1,1,1,1,1,1,1,1,1,1,1,1,1,1,1,1,1,1,
1,1,1,1,1,1,1,1,1,1,1,1,1,1,1,1,1,1,1,1,1,1,1,1,1,1,1,1,1,1,1,1,1,1,1,1,
1,1,1,1,1,1,1,1,1,1,1,1,1,1,1,4),(0.,0.0078125,0.015625,0.0234375,0.03125,
0.0390625,0.046875,0.0546875,0.0625,0.0703125,0.078125,0.0859375,0.09375,
0.1015625,0.109375,0.1171875,0.125,0.1328125,0.140625,0.1484375,0.15625,
0.1640625,0.171875,0.1796875,0.1875,0.1953125,0.203125,0.2109375,0.21875,
0.2265625,0.234375,0.2421875,0.25,0.2578125,0.265625,0.2734375,0.28125,
0.2890625,0.296875,0.3046875,0.3125,0.3203125,0.328125,0.3359375,0.34375,
0.3515625,0.359375,0.3671875,0.375,0.3828125,0.390625,0.3984375,0.40625,
0.4140625,0.421875,0.4296875,0.4375,0.4453125,0.453125,0.4609375,0.46875,
0.4765625,0.484375,0.4921875,0.5,0.5078125,0.515625,0.5234375,0.53125,0.5390625,
0.546875,0.5546875,0.5625,0.5703125,0.578125,0.5859375,0.59375,0.6015625,
0.609375,0.6171875,0.625,0.6328125,0.640625,0.6484375,0.65625,0.6640625,
0.671875,0.6796875,0.6875,0.6953125,0.703125,0.7109375,0.71875,0.7265625,
0.734375,0.7421875,0.75,0.7578125,0.765625,0.7734375,0.78125,0.7890625,
0.796875,0.8046875,0.8125,0.8203125,0.828125,0.8359375,0.84375,0.8515625,
0.859375,0.8671875,0.875,0.8828125,0.890625,0.8984375,0.90625,0.9140625,
0.921875,0.9296875,0.9375,0.9453125,0.953125,0.9609375,0.96875,0.9765625,
0.984375,0.9921875,0.99609375,1.),.UNSPECIFIED.);
#309=B_SPLINE_CURVE_WITH_KNOTS('',1,(#5073,#5074),.UNSPECIFIED.,.F.,.F.,
(2,2),(0.,1.),.UNSPECIFIED.);
#310=B_SPLINE_CURVE_WITH_KNOTS('',3,(#5076,#5077,#5078,#5079,#5080,#5081,
#5082,#5083,#5084,#5085,#5086,#5087,#5088,#5089,#5090,#5091,#5092,#5093,
#5094,#5095,#5096,#5097,#5098,#5099,#5100,#5101,#5102,#5103,#5104,#5105,
#5106,#5107,#5108,#5109,#5110,#5111,#5112,#5113,#5114,#5115,#5116,#5117,
#5118,#5119,#5120,#5121,#5122,#5123,#5124,#5125,#5126,#5127,#5128,#5129,
#5130,#5131,#5132,#5133,#5134,#5135,#5136,#5137,#5138,#5139,#5140,#5141,
#5142,#5143,#5144,#5145,#5146,#5147,#5148,#5149,#5150,#5151,#5152,#5153,
#5154,#5155,#5156,#5157,#5158,#5159,#5160,#5161,#5162,#5163,#5164,#5165,
#5166,#5167,#5168,#5169,#5170,#5171,#5172,#5173,#5174,#5175,#5176,#5177,
#5178,#5179,#5180,#5181,#5182,#5183,#5184,#5185,#5186,#5187,#5188,#5189,
#5190,#5191,#5192,#5193,#5194,#5195,#5196,#5197,#5198,#5199,#5200,#5201,
#5202,#5203,#5204,#5205,#5206,#5207),.UNSPECIFIED.,.F.,.F.,(4,1,1,1,1,1,
1,1,1,1,1,1,1,1,1,1,1,1,1,1,1,1,1,1,1,1,1,1,1,1,1,1,1,1,1,1,1,1,1,1,1,1,
1,1,1,1,1,1,1,1,1,1,1,1,1,1,1,1,1,1,1,1,1,1,1,1,1,1,1,1,1,1,1,1,1,1,1,1,
1,1,1,1,1,1,1,1,1,1,1,1,1,1,1,1,1,1,1,1,1,1,1,1,1,1,1,1,1,1,1,1,1,1,1,1,
1,1,1,1,1,1,1,1,1,1,1,1,1,1,1,4),(0.,0.00390625,0.0078125,0.015625,0.0234375,
0.03125,0.0390625,0.046875,0.0546875,0.0625,0.0703125,0.078125,0.0859375,
0.09375,0.1015625,0.109375,0.1171875,0.125,0.1328125,0.140625,0.1484375,
0.15625,0.1640625,0.171875,0.1796875,0.1875,0.1953125,0.203125,0.2109375,
0.21875,0.2265625,0.234375,0.2421875,0.25,0.2578125,0.265625,0.2734375,
0.28125,0.2890625,0.296875,0.3046875,0.3125,0.3203125,0.328125,0.3359375,
0.34375,0.3515625,0.359375,0.3671875,0.375,0.3828125,0.390625,0.3984375,
0.40625,0.4140625,0.421875,0.4296875,0.4375,0.4453125,0.453125,0.4609375,
0.46875,0.4765625,0.484375,0.4921875,0.5,0.5078125,0.515625,0.5234375,0.53125,
0.5390625,0.546875,0.5546875,0.5625,0.5703125,0.578125,0.5859375,0.59375,
0.6015625,0.609375,0.6171875,0.625,0.6328125,0.640625,0.6484375,0.65625,
0.6640625,0.671875,0.6796875,0.6875,0.6953125,0.703125,0.7109375,0.71875,
0.7265625,0.734375,0.7421875,0.75,0.7578125,0.765625,0.7734375,0.78125,
0.7890625,0.796875,0.8046875,0.8125,0.8203125,0.828125,0.8359375,0.84375,
0.8515625,0.859375,0.8671875,0.875,0.8828125,0.890625,0.8984375,0.90625,
0.9140625,0.921875,0.9296875,0.9375,0.9453125,0.953125,0.9609375,0.96875,
0.9765625,0.984375,0.9921875,1.),.UNSPECIFIED.);
#311=B_SPLINE_CURVE_WITH_KNOTS('',1,(#5472,#5473),.UNSPECIFIED.,.F.,.F.,
(2,2),(0.,1.),.UNSPECIFIED.);
#312=B_SPLINE_CURVE_WITH_KNOTS('',1,(#5476,#5477),.UNSPECIFIED.,.F.,.F.,
(2,2),(0.,1.),.UNSPECIFIED.);
#313=B_SPLINE_CURVE_WITH_KNOTS('',1,(#5478,#5479),.UNSPECIFIED.,.F.,.F.,
(2,2),(0.,1.),.UNSPECIFIED.);
#314=B_SPLINE_CURVE_WITH_KNOTS('',3,(#5481,#5482,#5483,#5484,#5485,#5486,
#5487,#5488,#5489,#5490,#5491,#5492,#5493,#5494,#5495,#5496,#5497,#5498,
#5499,#5500,#5501,#5502,#5503,#5504,#5505,#5506,#5507,#5508,#5509,#5510,
#5511,#5512,#5513,#5514,#5515,#5516,#5517,#5518,#5519,#5520,#5521,#5522,
#5523,#5524,#5525,#5526,#5527,#5528,#5529,#5530,#5531,#5532,#5533,#5534,
#5535,#5536,#5537,#5538,#5539,#5540,#5541,#5542,#5543,#5544,#5545,#5546,
#5547,#5548,#5549,#5550,#5551,#5552,#5553,#5554,#5555,#5556,#5557,#5558,
#5559,#5560,#5561,#5562,#5563,#5564,#5565,#5566,#5567,#5568,#5569,#5570,
#5571,#5572,#5573,#5574,#5575,#5576,#5577,#5578,#5579,#5580,#5581,#5582,
#5583,#5584,#5585,#5586,#5587,#5588,#5589,#5590,#5591,#5592,#5593,#5594,
#5595,#5596,#5597,#5598,#5599,#5600,#5601,#5602,#5603,#5604,#5605,#5606,
#5607,#5608,#5609,#5610,#5611,#5612),.UNSPECIFIED.,.F.,.F.,(4,1,1,1,1,1,
1,1,1,1,1,1,1,1,1,1,1,1,1,1,1,1,1,1,1,1,1,1,1,1,1,1,1,1,1,1,1,1,1,1,1,1,
1,1,1,1,1,1,1,1,1,1,1,1,1,1,1,1,1,1,1,1,1,1,1,1,1,1,1,1,1,1,1,1,1,1,1,1,
1,1,1,1,1,1,1,1,1,1,1,1,1,1,1,1,1,1,1,1,1,1,1,1,1,1,1,1,1,1,1,1,1,1,1,1,
1,1,1,1,1,1,1,1,1,1,1,1,1,1,1,4),(0.,0.0078125,0.015625,0.0234375,0.03125,
0.0390625,0.046875,0.0546875,0.0625,0.0703125,0.078125,0.0859375,0.09375,
0.1015625,0.109375,0.1171875,0.125,0.1328125,0.140625,0.1484375,0.15625,
0.1640625,0.171875,0.1796875,0.1875,0.1953125,0.203125,0.2109375,0.21875,
0.2265625,0.234375,0.2421875,0.25,0.2578125,0.265625,0.2734375,0.28125,
0.2890625,0.296875,0.3046875,0.3125,0.3203125,0.328125,0.3359375,0.34375,
0.3515625,0.359375,0.3671875,0.375,0.3828125,0.390625,0.3984375,0.40625,
0.4140625,0.421875,0.4296875,0.4375,0.4453125,0.453125,0.4609375,0.46875,
0.4765625,0.484375,0.4921875,0.5,0.5078125,0.515625,0.5234375,0.53125,0.5390625,
0.546875,0.5546875,0.5625,0.5703125,0.578125,0.5859375,0.59375,0.6015625,
0.609375,0.6171875,0.625,0.6328125,0.640625,0.6484375,0.65625,0.6640625,
0.671875,0.6796875,0.6875,0.6953125,0.703125,0.7109375,0.71875,0.7265625,
0.734375,0.7421875,0.75,0.7578125,0.765625,0.7734375,0.78125,0.7890625,
0.796875,0.8046875,0.8125,0.8203125,0.828125,0.8359375,0.84375,0.8515625,
0.859375,0.8671875,0.875,0.8828125,0.890625,0.8984375,0.90625,0.9140625,
0.921875,0.9296875,0.9375,0.9453125,0.953125,0.9609375,0.96875,0.9765625,
0.984375,0.9921875,0.99609375,1.),.UNSPECIFIED.);
#315=B_SPLINE_CURVE_WITH_KNOTS('',1,(#5614,#5615),.UNSPECIFIED.,.F.,.F.,
(2,2),(0.,1.),.UNSPECIFIED.);
#316=B_SPLINE_CURVE_WITH_KNOTS('',1,(#5880,#5881),.UNSPECIFIED.,.F.,.F.,
(2,2),(0.,1.),.UNSPECIFIED.);
#317=B_SPLINE_CURVE_WITH_KNOTS('',1,(#5883,#5884),.UNSPECIFIED.,.F.,.F.,
(2,2),(0.,1.),.UNSPECIFIED.);
#318=B_SPLINE_CURVE_WITH_KNOTS('',3,(#5886,#5887,#5888,#5889,#5890,#5891,
#5892,#5893,#5894,#5895,#5896,#5897,#5898,#5899,#5900,#5901,#5902,#5903,
#5904,#5905,#5906,#5907,#5908,#5909,#5910,#5911,#5912,#5913,#5914,#5915,
#5916,#5917,#5918,#5919,#5920,#5921,#5922,#5923,#5924,#5925,#5926,#5927,
#5928,#5929,#5930,#5931,#5932,#5933,#5934,#5935,#5936,#5937,#5938,#5939,
#5940,#5941,#5942,#5943,#5944,#5945,#5946,#5947,#5948,#5949,#5950,#5951,
#5952,#5953,#5954,#5955,#5956,#5957,#5958,#5959,#5960,#5961,#5962,#5963,
#5964,#5965,#5966,#5967,#5968,#5969,#5970,#5971,#5972,#5973,#5974,#5975,
#5976,#5977,#5978,#5979,#5980,#5981,#5982,#5983,#5984,#5985,#5986,#5987,
#5988,#5989,#5990,#5991,#5992,#5993,#5994,#5995,#5996,#5997,#5998,#5999,
#6000,#6001,#6002,#6003,#6004,#6005,#6006,#6007,#6008,#6009,#6010,#6011,
#6012,#6013,#6014,#6015,#6016,#6017),.UNSPECIFIED.,.F.,.F.,(4,1,1,1,1,1,
1,1,1,1,1,1,1,1,1,1,1,1,1,1,1,1,1,1,1,1,1,1,1,1,1,1,1,1,1,1,1,1,1,1,1,1,
1,1,1,1,1,1,1,1,1,1,1,1,1,1,1,1,1,1,1,1,1,1,1,1,1,1,1,1,1,1,1,1,1,1,1,1,
1,1,1,1,1,1,1,1,1,1,1,1,1,1,1,1,1,1,1,1,1,1,1,1,1,1,1,1,1,1,1,1,1,1,1,1,
1,1,1,1,1,1,1,1,1,1,1,1,1,1,1,4),(0.,0.0078125,0.015625,0.0234375,0.03125,
0.0390625,0.046875,0.0546875,0.0625,0.0703125,0.078125,0.0859375,0.09375,
0.1015625,0.109375,0.1171875,0.125,0.1328125,0.140625,0.1484375,0.15625,
0.1640625,0.171875,0.1796875,0.1875,0.1953125,0.203125,0.2109375,0.21875,
0.2265625,0.234375,0.2421875,0.25,0.2578125,0.265625,0.2734375,0.28125,
0.2890625,0.296875,0.3046875,0.3125,0.3203125,0.328125,0.3359375,0.34375,
0.3515625,0.359375,0.3671875,0.375,0.3828125,0.390625,0.3984375,0.40625,
0.4140625,0.421875,0.4296875,0.4375,0.4453125,0.453125,0.4609375,0.46875,
0.4765625,0.484375,0.4921875,0.5,0.5078125,0.515625,0.5234375,0.53125,0.5390625,
0.546875,0.5546875,0.5625,0.5703125,0.578125,0.5859375,0.59375,0.6015625,
0.609375,0.6171875,0.625,0.6328125,0.640625,0.6484375,0.65625,0.6640625,
0.671875,0.6796875,0.6875,0.6953125,0.703125,0.7109375,0.71875,0.7265625,
0.734375,0.7421875,0.75,0.7578125,0.765625,0.7734375,0.78125,0.7890625,
0.796875,0.8046875,0.8125,0.8203125,0.828125,0.8359375,0.84375,0.8515625,
0.859375,0.8671875,0.875,0.8828125,0.890625,0.8984375,0.90625,0.9140625,
0.921875,0.9296875,0.9375,0.9453125,0.953125,0.9609375,0.96875,0.9765625,
0.984375,0.9921875,0.99609375,1.),.UNSPECIFIED.);
#319=B_SPLINE_CURVE_WITH_KNOTS('',3,(#6895,#6896,#6897,#6898),
 .UNSPECIFIED.,.F.,.F.,(4,4),(0.,1.),.UNSPECIFIED.);
#320=B_SPLINE_CURVE_WITH_KNOTS('',3,(#6903,#6904,#6905,#6906),
 .UNSPECIFIED.,.F.,.F.,(4,4),(0.,1.),.UNSPECIFIED.);
#321=B_SPLINE_CURVE_WITH_KNOTS('',3,(#6910,#6911,#6912,#6913),
 .UNSPECIFIED.,.F.,.F.,(4,4),(0.,1.),.UNSPECIFIED.);
#322=B_SPLINE_CURVE_WITH_KNOTS('',3,(#6917,#6918,#6919,#6920),
 .UNSPECIFIED.,.F.,.F.,(4,4),(0.,1.),.UNSPECIFIED.);
#323=B_SPLINE_CURVE_WITH_KNOTS('',3,(#6922,#6923,#6924,#6925),
 .UNSPECIFIED.,.F.,.F.,(4,4),(0.,1.),.UNSPECIFIED.);
#324=B_SPLINE_CURVE_WITH_KNOTS('',3,(#6929,#6930,#6931,#6932),
 .UNSPECIFIED.,.F.,.F.,(4,4),(0.,1.),.UNSPECIFIED.);
#325=B_SPLINE_CURVE_WITH_KNOTS('',3,(#6934,#6935,#6936,#6937),
 .UNSPECIFIED.,.F.,.F.,(4,4),(0.,1.),.UNSPECIFIED.);
#326=B_SPLINE_CURVE_WITH_KNOTS('',3,(#6941,#6942,#6943,#6944),
 .UNSPECIFIED.,.F.,.F.,(4,4),(0.,1.),.UNSPECIFIED.);
#327=B_SPLINE_CURVE_WITH_KNOTS('',3,(#6946,#6947,#6948,#6949),
 .UNSPECIFIED.,.F.,.F.,(4,4),(0.,1.),.UNSPECIFIED.);
#328=B_SPLINE_CURVE_WITH_KNOTS('',3,(#6953,#6954,#6955,#6956),
 .UNSPECIFIED.,.F.,.F.,(4,4),(0.,1.),.UNSPECIFIED.);
#329=B_SPLINE_CURVE_WITH_KNOTS('',3,(#6958,#6959,#6960,#6961),
 .UNSPECIFIED.,.F.,.F.,(4,4),(0.,1.),.UNSPECIFIED.);
#330=B_SPLINE_CURVE_WITH_KNOTS('',3,(#6965,#6966,#6967,#6968),
 .UNSPECIFIED.,.F.,.F.,(4,4),(0.,1.),.UNSPECIFIED.);
#331=B_SPLINE_CURVE_WITH_KNOTS('',3,(#6970,#6971,#6972,#6973),
 .UNSPECIFIED.,.F.,.F.,(4,4),(0.,1.),.UNSPECIFIED.);
#332=B_SPLINE_CURVE_WITH_KNOTS('',3,(#6977,#6978,#6979,#6980),
 .UNSPECIFIED.,.F.,.F.,(4,4),(0.,1.),.UNSPECIFIED.);
#333=B_SPLINE_CURVE_WITH_KNOTS('',3,(#6982,#6983,#6984,#6985),
 .UNSPECIFIED.,.F.,.F.,(4,4),(0.,1.),.UNSPECIFIED.);
#334=B_SPLINE_CURVE_WITH_KNOTS('',3,(#6989,#6990,#6991,#6992),
 .UNSPECIFIED.,.F.,.F.,(4,4),(0.,1.),.UNSPECIFIED.);
#335=B_SPLINE_CURVE_WITH_KNOTS('',3,(#6994,#6995,#6996,#6997),
 .UNSPECIFIED.,.F.,.F.,(4,4),(0.,1.),.UNSPECIFIED.);
#336=B_SPLINE_CURVE_WITH_KNOTS('',3,(#7001,#7002,#7003,#7004),
 .UNSPECIFIED.,.F.,.F.,(4,4),(0.,1.),.UNSPECIFIED.);
#337=B_SPLINE_CURVE_WITH_KNOTS('',3,(#7006,#7007,#7008,#7009),
 .UNSPECIFIED.,.F.,.F.,(4,4),(0.,1.),.UNSPECIFIED.);
#338=B_SPLINE_CURVE_WITH_KNOTS('',3,(#7013,#7014,#7015,#7016),
 .UNSPECIFIED.,.F.,.F.,(4,4),(0.,1.),.UNSPECIFIED.);
#339=B_SPLINE_CURVE_WITH_KNOTS('',3,(#7018,#7019,#7020,#7021),
 .UNSPECIFIED.,.F.,.F.,(4,4),(0.,1.),.UNSPECIFIED.);
#340=B_SPLINE_CURVE_WITH_KNOTS('',3,(#7025,#7026,#7027,#7028),
 .UNSPECIFIED.,.F.,.F.,(4,4),(0.,1.),.UNSPECIFIED.);
#341=B_SPLINE_CURVE_WITH_KNOTS('',3,(#7030,#7031,#7032,#7033),
 .UNSPECIFIED.,.F.,.F.,(4,4),(0.,1.),.UNSPECIFIED.);
#342=B_SPLINE_CURVE_WITH_KNOTS('',3,(#7037,#7038,#7039,#7040),
 .UNSPECIFIED.,.F.,.F.,(4,4),(0.,1.),.UNSPECIFIED.);
#343=B_SPLINE_CURVE_WITH_KNOTS('',3,(#7041,#7042,#7043,#7044),
 .UNSPECIFIED.,.F.,.F.,(4,4),(0.,1.),.UNSPECIFIED.);
#344=B_SPLINE_CURVE_WITH_KNOTS('',3,(#7045,#7046,#7047,#7048,#7049,#7050),
 .UNSPECIFIED.,.F.,.F.,(4,2,4),(0.,0.218499600747772,1.),.UNSPECIFIED.);
#345=B_SPLINE_CURVE_WITH_KNOTS('',3,(#7054,#7055,#7056,#7057,#7058,#7059),
 .UNSPECIFIED.,.F.,.F.,(4,2,4),(0.,0.218499600747772,1.),.UNSPECIFIED.);
#346=B_SPLINE_CURVE_WITH_KNOTS('',3,(#7060,#7061,#7062,#7063,#7064,#7065),
 .UNSPECIFIED.,.F.,.F.,(4,2,4),(0.,0.218499600747772,1.),.UNSPECIFIED.);
#347=B_SPLINE_CURVE_WITH_KNOTS('',3,(#7066,#7067,#7068,#7069),
 .UNSPECIFIED.,.F.,.F.,(4,4),(0.,1.),.UNSPECIFIED.);
#348=B_SPLINE_CURVE_WITH_KNOTS('',3,(#7070,#7071,#7072,#7073),
 .UNSPECIFIED.,.F.,.F.,(4,4),(0.,1.),.UNSPECIFIED.);
#349=B_SPLINE_CURVE_WITH_KNOTS('',3,(#7077,#7078,#7079,#7080),
 .UNSPECIFIED.,.F.,.F.,(4,4),(0.,1.),.UNSPECIFIED.);
#350=B_SPLINE_CURVE_WITH_KNOTS('',3,(#7085,#7086,#7087,#7088),
 .UNSPECIFIED.,.F.,.F.,(4,4),(0.,1.),.UNSPECIFIED.);
#351=B_SPLINE_CURVE_WITH_KNOTS('',3,(#7091,#7092,#7093,#7094),
 .UNSPECIFIED.,.F.,.F.,(4,4),(0.,1.),.UNSPECIFIED.);
#352=B_SPLINE_CURVE_WITH_KNOTS('',3,(#7095,#7096,#7097,#7098,#7099,#7100),
 .UNSPECIFIED.,.F.,.F.,(4,2,4),(0.,0.217552533992583,1.),.UNSPECIFIED.);
#353=B_SPLINE_CURVE_WITH_KNOTS('',3,(#7104,#7105,#7106,#7107,#7108,#7109),
 .UNSPECIFIED.,.F.,.F.,(4,2,4),(0.,0.217552533992583,1.),.UNSPECIFIED.);
#354=B_SPLINE_CURVE_WITH_KNOTS('',3,(#7110,#7111,#7112,#7113,#7114,#7115),
 .UNSPECIFIED.,.F.,.F.,(4,2,4),(0.,0.217552533992583,1.),.UNSPECIFIED.);
#355=B_SPLINE_CURVE_WITH_KNOTS('',3,(#7116,#7117,#7118,#7119,#7120,#7121,
#7122,#7123),.UNSPECIFIED.,.F.,.F.,(4,2,2,4),(0.,0.33213644524237,0.66427289048474,
1.),.UNSPECIFIED.);
#356=B_SPLINE_CURVE_WITH_KNOTS('',3,(#7127,#7128,#7129,#7130,#7131,#7132,
#7133,#7134),.UNSPECIFIED.,.F.,.F.,(4,2,2,4),(0.,0.33213644524237,0.66427289048474,
1.),.UNSPECIFIED.);
#357=B_SPLINE_CURVE_WITH_KNOTS('',3,(#7135,#7136,#7137,#7138,#7139,#7140,
#7141,#7142),.UNSPECIFIED.,.F.,.F.,(4,2,2,4),(0.,0.33213644524237,0.66427289048474,
1.),.UNSPECIFIED.);
#358=B_SPLINE_CURVE_WITH_KNOTS('',3,(#7143,#7144,#7145,#7146,#7147,#7148),
 .UNSPECIFIED.,.F.,.F.,(4,2,4),(0.,0.606635071090049,1.),.UNSPECIFIED.);
#359=B_SPLINE_CURVE_WITH_KNOTS('',3,(#7152,#7153,#7154,#7155,#7156,#7157),
 .UNSPECIFIED.,.F.,.F.,(4,2,4),(0.,0.606635071090049,1.),.UNSPECIFIED.);
#360=B_SPLINE_CURVE_WITH_KNOTS('',3,(#7158,#7159,#7160,#7161,#7162,#7163),
 .UNSPECIFIED.,.F.,.F.,(4,2,4),(0.,0.606635071090049,1.),.UNSPECIFIED.);
#361=B_SPLINE_CURVE_WITH_KNOTS('',3,(#7164,#7165,#7166,#7167),
 .UNSPECIFIED.,.F.,.F.,(4,4),(0.,1.),.UNSPECIFIED.);
#362=B_SPLINE_CURVE_WITH_KNOTS('',3,(#7171,#7172,#7173,#7174),
 .UNSPECIFIED.,.F.,.F.,(4,4),(0.,1.),.UNSPECIFIED.);
#363=B_SPLINE_CURVE_WITH_KNOTS('',3,(#7175,#7176,#7177,#7178),
 .UNSPECIFIED.,.F.,.F.,(4,4),(0.,1.),.UNSPECIFIED.);
#364=B_SPLINE_CURVE_WITH_KNOTS('',3,(#7179,#7180,#7181,#7182),
 .UNSPECIFIED.,.F.,.F.,(4,4),(0.,1.),.UNSPECIFIED.);
#365=B_SPLINE_CURVE_WITH_KNOTS('',3,(#7187,#7188,#7189,#7190),
 .UNSPECIFIED.,.F.,.F.,(4,4),(0.,1.),.UNSPECIFIED.);
#366=B_SPLINE_CURVE_WITH_KNOTS('',3,(#7193,#7194,#7195,#7196),
 .UNSPECIFIED.,.F.,.F.,(4,4),(0.,1.),.UNSPECIFIED.);
#367=B_SPLINE_CURVE_WITH_KNOTS('',3,(#7197,#7198,#7199,#7200),
 .UNSPECIFIED.,.F.,.F.,(4,4),(0.,1.),.UNSPECIFIED.);
#368=B_SPLINE_CURVE_WITH_KNOTS('',3,(#7204,#7205,#7206,#7207),
 .UNSPECIFIED.,.F.,.F.,(4,4),(0.,1.),.UNSPECIFIED.);
#369=B_SPLINE_CURVE_WITH_KNOTS('',3,(#7208,#7209,#7210,#7211),
 .UNSPECIFIED.,.F.,.F.,(4,4),(0.,1.),.UNSPECIFIED.);
#370=B_SPLINE_CURVE_WITH_KNOTS('',3,(#7212,#7213,#7214,#7215),
 .UNSPECIFIED.,.F.,.F.,(4,4),(0.,1.),.UNSPECIFIED.);
#371=B_SPLINE_CURVE_WITH_KNOTS('',3,(#7219,#7220,#7221,#7222),
 .UNSPECIFIED.,.F.,.F.,(4,4),(0.,1.),.UNSPECIFIED.);
#372=B_SPLINE_CURVE_WITH_KNOTS('',3,(#7224,#7225,#7226,#7227),
 .UNSPECIFIED.,.F.,.F.,(4,4),(0.,1.),.UNSPECIFIED.);
#373=B_SPLINE_CURVE_WITH_KNOTS('',3,(#7231,#7232,#7233,#7234),
 .UNSPECIFIED.,.F.,.F.,(4,4),(0.,1.),.UNSPECIFIED.);
#374=B_SPLINE_CURVE_WITH_KNOTS('',3,(#7235,#7236,#7237,#7238),
 .UNSPECIFIED.,.F.,.F.,(4,4),(0.,1.),.UNSPECIFIED.);
#375=B_SPLINE_CURVE_WITH_KNOTS('',3,(#7239,#7240,#7241,#7242,#7243,#7244,
#7245,#7246),.UNSPECIFIED.,.F.,.F.,(4,2,2,4),(0.,0.511832061068703,0.756106870229007,
1.),.UNSPECIFIED.);
#376=B_SPLINE_CURVE_WITH_KNOTS('',3,(#7250,#7251,#7252,#7253,#7254,#7255,
#7256,#7257),.UNSPECIFIED.,.F.,.F.,(4,2,2,4),(0.,0.511832061068703,0.756106870229007,
1.),.UNSPECIFIED.);
#377=B_SPLINE_CURVE_WITH_KNOTS('',3,(#7258,#7259,#7260,#7261,#7262,#7263,
#7264,#7265),.UNSPECIFIED.,.F.,.F.,(4,2,2,4),(0.,0.511832061068703,0.756106870229007,
1.),.UNSPECIFIED.);
#378=B_SPLINE_CURVE_WITH_KNOTS('',3,(#7266,#7267,#7268,#7269),
 .UNSPECIFIED.,.F.,.F.,(4,4),(0.,1.),.UNSPECIFIED.);
#379=B_SPLINE_CURVE_WITH_KNOTS('',3,(#7273,#7274,#7275,#7276),
 .UNSPECIFIED.,.F.,.F.,(4,4),(0.,1.),.UNSPECIFIED.);
#380=B_SPLINE_CURVE_WITH_KNOTS('',3,(#7277,#7278,#7279,#7280),
 .UNSPECIFIED.,.F.,.F.,(4,4),(0.,1.),.UNSPECIFIED.);
#381=B_SPLINE_CURVE_WITH_KNOTS('',3,(#7281,#7282,#7283,#7284),
 .UNSPECIFIED.,.F.,.F.,(4,4),(0.,1.),.UNSPECIFIED.);
#382=B_SPLINE_CURVE_WITH_KNOTS('',3,(#7288,#7289,#7290,#7291),
 .UNSPECIFIED.,.F.,.F.,(4,4),(0.,1.),.UNSPECIFIED.);
#383=B_SPLINE_CURVE_WITH_KNOTS('',3,(#7292,#7293,#7294,#7295),
 .UNSPECIFIED.,.F.,.F.,(4,4),(0.,1.),.UNSPECIFIED.);
#384=B_SPLINE_CURVE_WITH_KNOTS('',3,(#7296,#7297,#7298,#7299,#7300,#7301),
 .UNSPECIFIED.,.F.,.F.,(4,2,4),(0.,0.498969072164949,1.),.UNSPECIFIED.);
#385=B_SPLINE_CURVE_WITH_KNOTS('',3,(#7305,#7306,#7307,#7308,#7309,#7310),
 .UNSPECIFIED.,.F.,.F.,(4,2,4),(0.,0.498969072164949,1.),.UNSPECIFIED.);
#386=B_SPLINE_CURVE_WITH_KNOTS('',3,(#7311,#7312,#7313,#7314,#7315,#7316),
 .UNSPECIFIED.,.F.,.F.,(4,2,4),(0.,0.498969072164949,1.),.UNSPECIFIED.);
#387=B_SPLINE_CURVE_WITH_KNOTS('',3,(#7317,#7318,#7319,#7320),
 .UNSPECIFIED.,.F.,.F.,(4,4),(0.,1.),.UNSPECIFIED.);
#388=B_SPLINE_CURVE_WITH_KNOTS('',3,(#7324,#7325,#7326,#7327),
 .UNSPECIFIED.,.F.,.F.,(4,4),(0.,1.),.UNSPECIFIED.);
#389=B_SPLINE_CURVE_WITH_KNOTS('',3,(#7328,#7329,#7330,#7331),
 .UNSPECIFIED.,.F.,.F.,(4,4),(0.,1.),.UNSPECIFIED.);
#390=B_SPLINE_CURVE_WITH_KNOTS('',3,(#7332,#7333,#7334,#7335),
 .UNSPECIFIED.,.F.,.F.,(4,4),(0.,1.),.UNSPECIFIED.);
#391=B_SPLINE_CURVE_WITH_KNOTS('',3,(#7339,#7340,#7341,#7342),
 .UNSPECIFIED.,.F.,.F.,(4,4),(0.,1.),.UNSPECIFIED.);
#392=B_SPLINE_CURVE_WITH_KNOTS('',3,(#7343,#7344,#7345,#7346),
 .UNSPECIFIED.,.F.,.F.,(4,4),(0.,1.),.UNSPECIFIED.);
#393=B_SPLINE_CURVE_WITH_KNOTS('',3,(#7347,#7348,#7349,#7350),
 .UNSPECIFIED.,.F.,.F.,(4,4),(0.,1.),.UNSPECIFIED.);
#394=B_SPLINE_CURVE_WITH_KNOTS('',3,(#7354,#7355,#7356,#7357),
 .UNSPECIFIED.,.F.,.F.,(4,4),(0.,1.),.UNSPECIFIED.);
#395=B_SPLINE_CURVE_WITH_KNOTS('',3,(#7359,#7360,#7361,#7362,#7363,#7364,
#7365,#7366),.UNSPECIFIED.,.F.,.F.,(4,2,2,4),(0.,0.32564841498559,0.651296829971181,
1.),.UNSPECIFIED.);
#396=B_SPLINE_CURVE_WITH_KNOTS('',3,(#7370,#7371,#7372,#7373,#7374,#7375,
#7376,#7377),.UNSPECIFIED.,.F.,.F.,(4,2,2,4),(0.,0.32564841498559,0.651296829971181,
1.),.UNSPECIFIED.);
#397=B_SPLINE_CURVE_WITH_KNOTS('',3,(#7378,#7379,#7380,#7381,#7382,#7383,
#7384,#7385),.UNSPECIFIED.,.F.,.F.,(4,2,2,4),(0.,0.32564841498559,0.651296829971181,
1.),.UNSPECIFIED.);
#398=B_SPLINE_CURVE_WITH_KNOTS('',3,(#7386,#7387,#7388,#7389,#7390,#7391),
 .UNSPECIFIED.,.F.,.F.,(4,2,4),(0.,0.920187793427232,1.),.UNSPECIFIED.);
#399=B_SPLINE_CURVE_WITH_KNOTS('',3,(#7395,#7396,#7397,#7398,#7399,#7400),
 .UNSPECIFIED.,.F.,.F.,(4,2,4),(0.,0.920187793427232,1.),.UNSPECIFIED.);
#400=B_SPLINE_CURVE_WITH_KNOTS('',3,(#7401,#7402,#7403,#7404,#7405,#7406),
 .UNSPECIFIED.,.F.,.F.,(4,2,4),(0.,0.920187793427232,1.),.UNSPECIFIED.);
#401=B_SPLINE_CURVE_WITH_KNOTS('',3,(#7407,#7408,#7409,#7410),
 .UNSPECIFIED.,.F.,.F.,(4,4),(0.,1.),.UNSPECIFIED.);
#402=B_SPLINE_CURVE_WITH_KNOTS('',3,(#7414,#7415,#7416,#7417),
 .UNSPECIFIED.,.F.,.F.,(4,4),(0.,1.),.UNSPECIFIED.);
#403=B_SPLINE_CURVE_WITH_KNOTS('',3,(#7418,#7419,#7420,#7421),
 .UNSPECIFIED.,.F.,.F.,(4,4),(0.,1.),.UNSPECIFIED.);
#404=B_SPLINE_CURVE_WITH_KNOTS('',3,(#7422,#7423,#7424,#7425),
 .UNSPECIFIED.,.F.,.F.,(4,4),(0.,1.),.UNSPECIFIED.);
#405=B_SPLINE_CURVE_WITH_KNOTS('',3,(#7429,#7430,#7431,#7432),
 .UNSPECIFIED.,.F.,.F.,(4,4),(0.,1.),.UNSPECIFIED.);
#406=B_SPLINE_CURVE_WITH_KNOTS('',3,(#7433,#7434,#7435,#7436),
 .UNSPECIFIED.,.F.,.F.,(4,4),(0.,1.),.UNSPECIFIED.);
#407=B_SPLINE_CURVE_WITH_KNOTS('',3,(#7437,#7438,#7439,#7440),
 .UNSPECIFIED.,.F.,.F.,(4,4),(0.,1.),.UNSPECIFIED.);
#408=B_SPLINE_CURVE_WITH_KNOTS('',3,(#7444,#7445,#7446,#7447),
 .UNSPECIFIED.,.F.,.F.,(4,4),(0.,1.),.UNSPECIFIED.);
#409=B_SPLINE_CURVE_WITH_KNOTS('',3,(#7448,#7449,#7450,#7451),
 .UNSPECIFIED.,.F.,.F.,(4,4),(0.,1.),.UNSPECIFIED.);
#410=B_SPLINE_CURVE_WITH_KNOTS('',3,(#7452,#7453,#7454,#7455),
 .UNSPECIFIED.,.F.,.F.,(4,4),(0.,1.),.UNSPECIFIED.);
#411=B_SPLINE_CURVE_WITH_KNOTS('',3,(#7459,#7460,#7461,#7462),
 .UNSPECIFIED.,.F.,.F.,(4,4),(0.,1.),.UNSPECIFIED.);
#412=B_SPLINE_CURVE_WITH_KNOTS('',3,(#7463,#7464,#7465,#7466),
 .UNSPECIFIED.,.F.,.F.,(4,4),(0.,1.),.UNSPECIFIED.);
#413=B_SPLINE_CURVE_WITH_KNOTS('',3,(#7467,#7468,#7469,#7470,#7471,#7472,
#7473,#7474,#7475,#7476),.UNSPECIFIED.,.F.,.F.,(4,2,2,2,4),(0.,0.182532695374801,
0.496012759170655,0.809492822966508,1.),.UNSPECIFIED.);
#414=B_SPLINE_CURVE_WITH_KNOTS('',3,(#7477,#7478,#7479,#7480,#7481,#7482,
#7483,#7484,#7485,#7486),.UNSPECIFIED.,.F.,.F.,(4,2,2,2,4),(0.,0.182532695374801,
0.496012759170655,0.809492822966508,1.),.UNSPECIFIED.);
#415=B_SPLINE_CURVE_WITH_KNOTS('',3,(#7487,#7488,#7489,#7490,#7491,#7492,
#7493,#7494,#7495,#7496),.UNSPECIFIED.,.F.,.F.,(4,2,2,2,4),(0.,0.182532695374801,
0.496012759170655,0.809492822966508,1.),.UNSPECIFIED.);
#416=B_SPLINE_CURVE_WITH_KNOTS('',3,(#7497,#7498,#7499,#7500),
 .UNSPECIFIED.,.F.,.F.,(4,4),(0.,1.),.UNSPECIFIED.);
#417=B_SPLINE_CURVE_WITH_KNOTS('',3,(#7501,#7502,#7503,#7504),
 .UNSPECIFIED.,.F.,.F.,(4,4),(0.,1.),.UNSPECIFIED.);
#418=B_SPLINE_CURVE_WITH_KNOTS('',3,(#7505,#7506,#7507,#7508),
 .UNSPECIFIED.,.F.,.F.,(4,4),(0.,1.),.UNSPECIFIED.);
#419=B_SPLINE_CURVE_WITH_KNOTS('',3,(#7511,#7512,#7513,#7514),
 .UNSPECIFIED.,.F.,.F.,(4,4),(0.,1.),.UNSPECIFIED.);
#420=B_SPLINE_CURVE_WITH_KNOTS('',3,(#7519,#7520,#7521,#7522),
 .UNSPECIFIED.,.F.,.F.,(4,4),(0.,1.),.UNSPECIFIED.);
#421=B_SPLINE_CURVE_WITH_KNOTS('',3,(#7526,#7527,#7528,#7529),
 .UNSPECIFIED.,.F.,.F.,(4,4),(0.,1.),.UNSPECIFIED.);
#422=B_SPLINE_CURVE_WITH_KNOTS('',3,(#7533,#7534,#7535,#7536),
 .UNSPECIFIED.,.F.,.F.,(4,4),(0.,1.),.UNSPECIFIED.);
#423=B_SPLINE_CURVE_WITH_KNOTS('',3,(#7538,#7539,#7540,#7541,#7542,#7543),
 .UNSPECIFIED.,.F.,.F.,(4,2,4),(0.,0.709909047391096,1.),.UNSPECIFIED.);
#424=B_SPLINE_CURVE_WITH_KNOTS('',3,(#7547,#7548,#7549,#7550,#7551,#7552),
 .UNSPECIFIED.,.F.,.F.,(4,2,4),(0.,0.709909047391096,1.),.UNSPECIFIED.);
#425=B_SPLINE_CURVE_WITH_KNOTS('',3,(#7553,#7554,#7555,#7556,#7557,#7558),
 .UNSPECIFIED.,.F.,.F.,(4,2,4),(0.,0.709909047391096,1.),.UNSPECIFIED.);
#426=B_SPLINE_CURVE_WITH_KNOTS('',3,(#7559,#7560,#7561,#7562),
 .UNSPECIFIED.,.F.,.F.,(4,4),(0.,1.),.UNSPECIFIED.);
#427=B_SPLINE_CURVE_WITH_KNOTS('',3,(#7566,#7567,#7568,#7569),
 .UNSPECIFIED.,.F.,.F.,(4,4),(0.,1.),.UNSPECIFIED.);
#428=B_SPLINE_CURVE_WITH_KNOTS('',3,(#7570,#7571,#7572,#7573),
 .UNSPECIFIED.,.F.,.F.,(4,4),(0.,1.),.UNSPECIFIED.);
#429=B_SPLINE_CURVE_WITH_KNOTS('',3,(#7574,#7575,#7576,#7577,#7578,#7579),
 .UNSPECIFIED.,.F.,.F.,(4,2,4),(0.,0.472972972972977,1.),.UNSPECIFIED.);
#430=B_SPLINE_CURVE_WITH_KNOTS('',3,(#7583,#7584,#7585,#7586,#7587,#7588),
 .UNSPECIFIED.,.F.,.F.,(4,2,4),(0.,0.472972972972977,1.),.UNSPECIFIED.);
#431=B_SPLINE_CURVE_WITH_KNOTS('',3,(#7589,#7590,#7591,#7592,#7593,#7594),
 .UNSPECIFIED.,.F.,.F.,(4,2,4),(0.,0.472972972972977,1.),.UNSPECIFIED.);
#432=B_SPLINE_CURVE_WITH_KNOTS('',3,(#7595,#7596,#7597,#7598),
 .UNSPECIFIED.,.F.,.F.,(4,4),(0.,1.),.UNSPECIFIED.);
#433=B_SPLINE_CURVE_WITH_KNOTS('',3,(#7602,#7603,#7604,#7605),
 .UNSPECIFIED.,.F.,.F.,(4,4),(0.,1.),.UNSPECIFIED.);
#434=B_SPLINE_CURVE_WITH_KNOTS('',3,(#7607,#7608,#7609,#7610,#7611,#7612,
#7613,#7614),.UNSPECIFIED.,.F.,.F.,(4,2,2,4),(0.,0.419689119170982,0.709844559585491,
1.),.UNSPECIFIED.);
#435=B_SPLINE_CURVE_WITH_KNOTS('',3,(#7618,#7619,#7620,#7621,#7622,#7623,
#7624,#7625),.UNSPECIFIED.,.F.,.F.,(4,2,2,4),(0.,0.419689119170982,0.709844559585491,
1.),.UNSPECIFIED.);
#436=B_SPLINE_CURVE_WITH_KNOTS('',3,(#7626,#7627,#7628,#7629,#7630,#7631,
#7632,#7633),.UNSPECIFIED.,.F.,.F.,(4,2,2,4),(0.,0.419689119170982,0.709844559585491,
1.),.UNSPECIFIED.);
#437=B_SPLINE_CURVE_WITH_KNOTS('',3,(#7634,#7635,#7636,#7637),
 .UNSPECIFIED.,.F.,.F.,(4,4),(0.,1.),.UNSPECIFIED.);
#438=B_SPLINE_CURVE_WITH_KNOTS('',3,(#7641,#7642,#7643,#7644),
 .UNSPECIFIED.,.F.,.F.,(4,4),(0.,1.),.UNSPECIFIED.);
#439=B_SPLINE_CURVE_WITH_KNOTS('',3,(#7646,#7647,#7648,#7649),
 .UNSPECIFIED.,.F.,.F.,(4,4),(0.,1.),.UNSPECIFIED.);
#440=B_SPLINE_CURVE_WITH_KNOTS('',3,(#7650,#7651,#7652,#7653),
 .UNSPECIFIED.,.F.,.F.,(4,4),(0.,1.),.UNSPECIFIED.);
#441=B_SPLINE_CURVE_WITH_KNOTS('',3,(#7657,#7658,#7659,#7660),
 .UNSPECIFIED.,.F.,.F.,(4,4),(0.,1.),.UNSPECIFIED.);
#442=B_SPLINE_CURVE_WITH_KNOTS('',3,(#7665,#7666,#7667,#7668),
 .UNSPECIFIED.,.F.,.F.,(4,4),(0.,1.),.UNSPECIFIED.);
#443=B_SPLINE_CURVE_WITH_KNOTS('',3,(#7672,#7673,#7674,#7675),
 .UNSPECIFIED.,.F.,.F.,(4,4),(0.,1.),.UNSPECIFIED.);
#444=B_SPLINE_CURVE_WITH_KNOTS('',3,(#7679,#7680,#7681,#7682),
 .UNSPECIFIED.,.F.,.F.,(4,4),(0.,1.),.UNSPECIFIED.);
#445=B_SPLINE_CURVE_WITH_KNOTS('',3,(#7684,#7685,#7686,#7687),
 .UNSPECIFIED.,.F.,.F.,(4,4),(0.,1.),.UNSPECIFIED.);
#446=B_SPLINE_CURVE_WITH_KNOTS('',3,(#7691,#7692,#7693,#7694),
 .UNSPECIFIED.,.F.,.F.,(4,4),(0.,1.),.UNSPECIFIED.);
#447=B_SPLINE_CURVE_WITH_KNOTS('',3,(#7696,#7697,#7698,#7699),
 .UNSPECIFIED.,.F.,.F.,(4,4),(0.,1.),.UNSPECIFIED.);
#448=B_SPLINE_CURVE_WITH_KNOTS('',3,(#7703,#7704,#7705,#7706),
 .UNSPECIFIED.,.F.,.F.,(4,4),(0.,1.),.UNSPECIFIED.);
#449=B_SPLINE_CURVE_WITH_KNOTS('',3,(#7708,#7709,#7710,#7711),
 .UNSPECIFIED.,.F.,.F.,(4,4),(0.,1.),.UNSPECIFIED.);
#450=B_SPLINE_CURVE_WITH_KNOTS('',3,(#7715,#7716,#7717,#7718),
 .UNSPECIFIED.,.F.,.F.,(4,4),(0.,1.),.UNSPECIFIED.);
#451=B_SPLINE_CURVE_WITH_KNOTS('',3,(#7720,#7721,#7722,#7723),
 .UNSPECIFIED.,.F.,.F.,(4,4),(0.,1.),.UNSPECIFIED.);
#452=B_SPLINE_CURVE_WITH_KNOTS('',3,(#7727,#7728,#7729,#7730),
 .UNSPECIFIED.,.F.,.F.,(4,4),(0.,1.),.UNSPECIFIED.);
#453=B_SPLINE_CURVE_WITH_KNOTS('',3,(#7732,#7733,#7734,#7735),
 .UNSPECIFIED.,.F.,.F.,(4,4),(0.,1.),.UNSPECIFIED.);
#454=B_SPLINE_CURVE_WITH_KNOTS('',3,(#7739,#7740,#7741,#7742),
 .UNSPECIFIED.,.F.,.F.,(4,4),(0.,1.),.UNSPECIFIED.);
#455=B_SPLINE_CURVE_WITH_KNOTS('',3,(#7744,#7745,#7746,#7747),
 .UNSPECIFIED.,.F.,.F.,(4,4),(0.,1.),.UNSPECIFIED.);
#456=B_SPLINE_CURVE_WITH_KNOTS('',3,(#7751,#7752,#7753,#7754),
 .UNSPECIFIED.,.F.,.F.,(4,4),(0.,1.),.UNSPECIFIED.);
#457=B_SPLINE_CURVE_WITH_KNOTS('',3,(#7756,#7757,#7758,#7759),
 .UNSPECIFIED.,.F.,.F.,(4,4),(0.,1.),.UNSPECIFIED.);
#458=B_SPLINE_CURVE_WITH_KNOTS('',3,(#7763,#7764,#7765,#7766),
 .UNSPECIFIED.,.F.,.F.,(4,4),(0.,1.),.UNSPECIFIED.);
#459=B_SPLINE_CURVE_WITH_KNOTS('',3,(#7768,#7769,#7770,#7771),
 .UNSPECIFIED.,.F.,.F.,(4,4),(0.,1.),.UNSPECIFIED.);
#460=B_SPLINE_CURVE_WITH_KNOTS('',3,(#7775,#7776,#7777,#7778),
 .UNSPECIFIED.,.F.,.F.,(4,4),(0.,1.),.UNSPECIFIED.);
#461=B_SPLINE_CURVE_WITH_KNOTS('',3,(#7780,#7781,#7782,#7783),
 .UNSPECIFIED.,.F.,.F.,(4,4),(0.,1.),.UNSPECIFIED.);
#462=B_SPLINE_CURVE_WITH_KNOTS('',3,(#7787,#7788,#7789,#7790),
 .UNSPECIFIED.,.F.,.F.,(4,4),(0.,1.),.UNSPECIFIED.);
#463=B_SPLINE_CURVE_WITH_KNOTS('',3,(#7792,#7793,#7794,#7795),
 .UNSPECIFIED.,.F.,.F.,(4,4),(0.,1.),.UNSPECIFIED.);
#464=B_SPLINE_CURVE_WITH_KNOTS('',3,(#7796,#7797,#7798,#7799),
 .UNSPECIFIED.,.F.,.F.,(4,4),(0.,1.),.UNSPECIFIED.);
#465=B_SPLINE_CURVE_WITH_KNOTS('',3,(#7803,#7804,#7805,#7806),
 .UNSPECIFIED.,.F.,.F.,(4,4),(0.,1.),.UNSPECIFIED.);
#466=B_SPLINE_CURVE_WITH_KNOTS('',3,(#7811,#7812,#7813,#7814),
 .UNSPECIFIED.,.F.,.F.,(4,4),(0.,1.),.UNSPECIFIED.);
#467=B_SPLINE_CURVE_WITH_KNOTS('',3,(#7818,#7819,#7820,#7821),
 .UNSPECIFIED.,.F.,.F.,(4,4),(0.,1.),.UNSPECIFIED.);
#468=B_SPLINE_CURVE_WITH_KNOTS('',3,(#7825,#7826,#7827,#7828),
 .UNSPECIFIED.,.F.,.F.,(4,4),(0.,1.),.UNSPECIFIED.);
#469=B_SPLINE_CURVE_WITH_KNOTS('',3,(#7830,#7831,#7832,#7833),
 .UNSPECIFIED.,.F.,.F.,(4,4),(0.,1.),.UNSPECIFIED.);
#470=B_SPLINE_CURVE_WITH_KNOTS('',3,(#7837,#7838,#7839,#7840),
 .UNSPECIFIED.,.F.,.F.,(4,4),(0.,1.),.UNSPECIFIED.);
#471=B_SPLINE_CURVE_WITH_KNOTS('',3,(#7842,#7843,#7844,#7845),
 .UNSPECIFIED.,.F.,.F.,(4,4),(0.,1.),.UNSPECIFIED.);
#472=B_SPLINE_CURVE_WITH_KNOTS('',3,(#7846,#7847,#7848,#7849),
 .UNSPECIFIED.,.F.,.F.,(4,4),(0.,1.),.UNSPECIFIED.);
#473=B_SPLINE_CURVE_WITH_KNOTS('',3,(#7853,#7854,#7855,#7856),
 .UNSPECIFIED.,.F.,.F.,(4,4),(0.,1.),.UNSPECIFIED.);
#474=B_SPLINE_CURVE_WITH_KNOTS('',3,(#7861,#7862,#7863,#7864),
 .UNSPECIFIED.,.F.,.F.,(4,4),(0.,1.),.UNSPECIFIED.);
#475=B_SPLINE_CURVE_WITH_KNOTS('',3,(#7868,#7869,#7870,#7871),
 .UNSPECIFIED.,.F.,.F.,(4,4),(0.,1.),.UNSPECIFIED.);
#476=B_SPLINE_CURVE_WITH_KNOTS('',3,(#7875,#7876,#7877,#7878),
 .UNSPECIFIED.,.F.,.F.,(4,4),(0.,1.),.UNSPECIFIED.);
#477=B_SPLINE_CURVE_WITH_KNOTS('',3,(#7880,#7881,#7882,#7883),
 .UNSPECIFIED.,.F.,.F.,(4,4),(0.,1.),.UNSPECIFIED.);
#478=B_SPLINE_CURVE_WITH_KNOTS('',3,(#7887,#7888,#7889,#7890),
 .UNSPECIFIED.,.F.,.F.,(4,4),(0.,1.),.UNSPECIFIED.);
#479=B_SPLINE_CURVE_WITH_KNOTS('',3,(#7892,#7893,#7894,#7895),
 .UNSPECIFIED.,.F.,.F.,(4,4),(0.,1.),.UNSPECIFIED.);
#480=B_SPLINE_CURVE_WITH_KNOTS('',3,(#7896,#7897,#7898,#7899),
 .UNSPECIFIED.,.F.,.F.,(4,4),(0.,1.),.UNSPECIFIED.);
#481=B_SPLINE_CURVE_WITH_KNOTS('',3,(#7903,#7904,#7905,#7906),
 .UNSPECIFIED.,.F.,.F.,(4,4),(0.,1.),.UNSPECIFIED.);
#482=B_SPLINE_CURVE_WITH_KNOTS('',3,(#7911,#7912,#7913,#7914),
 .UNSPECIFIED.,.F.,.F.,(4,4),(0.,1.),.UNSPECIFIED.);
#483=B_SPLINE_CURVE_WITH_KNOTS('',3,(#7918,#7919,#7920,#7921),
 .UNSPECIFIED.,.F.,.F.,(4,4),(0.,1.),.UNSPECIFIED.);
#484=B_SPLINE_CURVE_WITH_KNOTS('',3,(#7925,#7926,#7927,#7928),
 .UNSPECIFIED.,.F.,.F.,(4,4),(0.,1.),.UNSPECIFIED.);
#485=B_SPLINE_CURVE_WITH_KNOTS('',3,(#7930,#7931,#7932,#7933,#7934,#7935),
 .UNSPECIFIED.,.F.,.F.,(4,2,4),(0.,0.58754272692746,1.),.UNSPECIFIED.);
#486=B_SPLINE_CURVE_WITH_KNOTS('',3,(#7939,#7940,#7941,#7942,#7943,#7944),
 .UNSPECIFIED.,.F.,.F.,(4,2,4),(0.,0.58754272692746,1.),.UNSPECIFIED.);
#487=B_SPLINE_CURVE_WITH_KNOTS('',3,(#7945,#7946,#7947,#7948,#7949,#7950),
 .UNSPECIFIED.,.F.,.F.,(4,2,4),(0.,0.58754272692746,1.),.UNSPECIFIED.);
#488=B_SPLINE_CURVE_WITH_KNOTS('',3,(#7951,#7952,#7953,#7954,#7955,#7956),
 .UNSPECIFIED.,.F.,.F.,(4,2,4),(0.,0.614457831325305,1.),.UNSPECIFIED.);
#489=B_SPLINE_CURVE_WITH_KNOTS('',3,(#7960,#7961,#7962,#7963,#7964,#7965),
 .UNSPECIFIED.,.F.,.F.,(4,2,4),(0.,0.614457831325305,1.),.UNSPECIFIED.);
#490=B_SPLINE_CURVE_WITH_KNOTS('',3,(#7966,#7967,#7968,#7969,#7970,#7971),
 .UNSPECIFIED.,.F.,.F.,(4,2,4),(0.,0.614457831325305,1.),.UNSPECIFIED.);
#491=B_SPLINE_CURVE_WITH_KNOTS('',3,(#7972,#7973,#7974,#7975),
 .UNSPECIFIED.,.F.,.F.,(4,4),(0.,1.),.UNSPECIFIED.);
#492=B_SPLINE_CURVE_WITH_KNOTS('',3,(#7979,#7980,#7981,#7982),
 .UNSPECIFIED.,.F.,.F.,(4,4),(0.,1.),.UNSPECIFIED.);
#493=B_SPLINE_CURVE_WITH_KNOTS('',3,(#7983,#7984,#7985,#7986),
 .UNSPECIFIED.,.F.,.F.,(4,4),(0.,1.),.UNSPECIFIED.);
#494=B_SPLINE_CURVE_WITH_KNOTS('',3,(#7987,#7988,#7989,#7990,#7991,#7992),
 .UNSPECIFIED.,.F.,.F.,(4,2,4),(0.,0.253466204506067,1.),.UNSPECIFIED.);
#495=B_SPLINE_CURVE_WITH_KNOTS('',3,(#7996,#7997,#7998,#7999,#8000,#8001),
 .UNSPECIFIED.,.F.,.F.,(4,2,4),(0.,0.253466204506067,1.),.UNSPECIFIED.);
#496=B_SPLINE_CURVE_WITH_KNOTS('',3,(#8002,#8003,#8004,#8005,#8006,#8007),
 .UNSPECIFIED.,.F.,.F.,(4,2,4),(0.,0.253466204506067,1.),.UNSPECIFIED.);
#497=B_SPLINE_CURVE_WITH_KNOTS('',3,(#8008,#8009,#8010,#8011),
 .UNSPECIFIED.,.F.,.F.,(4,4),(0.,1.),.UNSPECIFIED.);
#498=B_SPLINE_CURVE_WITH_KNOTS('',3,(#8015,#8016,#8017,#8018),
 .UNSPECIFIED.,.F.,.F.,(4,4),(0.,1.),.UNSPECIFIED.);
#499=B_SPLINE_CURVE_WITH_KNOTS('',3,(#8020,#8021,#8022,#8023,#8024,#8025),
 .UNSPECIFIED.,.F.,.F.,(4,2,4),(0.,0.723307021188202,1.),.UNSPECIFIED.);
#500=B_SPLINE_CURVE_WITH_KNOTS('',3,(#8029,#8030,#8031,#8032,#8033,#8034),
 .UNSPECIFIED.,.F.,.F.,(4,2,4),(0.,0.723307021188202,1.),.UNSPECIFIED.);
#501=B_SPLINE_CURVE_WITH_KNOTS('',3,(#8035,#8036,#8037,#8038,#8039,#8040),
 .UNSPECIFIED.,.F.,.F.,(4,2,4),(0.,0.723307021188202,1.),.UNSPECIFIED.);
#502=B_SPLINE_CURVE_WITH_KNOTS('',3,(#8041,#8042,#8043,#8044),
 .UNSPECIFIED.,.F.,.F.,(4,4),(0.,1.),.UNSPECIFIED.);
#503=B_SPLINE_CURVE_WITH_KNOTS('',3,(#8048,#8049,#8050,#8051),
 .UNSPECIFIED.,.F.,.F.,(4,4),(0.,1.),.UNSPECIFIED.);
#504=B_SPLINE_CURVE_WITH_KNOTS('',3,(#8052,#8053,#8054,#8055),
 .UNSPECIFIED.,.F.,.F.,(4,4),(0.,1.),.UNSPECIFIED.);
#505=B_SPLINE_CURVE_WITH_KNOTS('',3,(#8056,#8057,#8058,#8059),
 .UNSPECIFIED.,.F.,.F.,(4,4),(0.,1.),.UNSPECIFIED.);
#506=B_SPLINE_CURVE_WITH_KNOTS('',3,(#8063,#8064,#8065,#8066),
 .UNSPECIFIED.,.F.,.F.,(4,4),(0.,1.),.UNSPECIFIED.);
#507=B_SPLINE_CURVE_WITH_KNOTS('',3,(#8067,#8068,#8069,#8070),
 .UNSPECIFIED.,.F.,.F.,(4,4),(0.,1.),.UNSPECIFIED.);
#508=B_SPLINE_CURVE_WITH_KNOTS('',3,(#8071,#8072,#8073,#8074,#8075,#8076),
 .UNSPECIFIED.,.F.,.F.,(4,2,4),(0.,0.303191489361702,1.),.UNSPECIFIED.);
#509=B_SPLINE_CURVE_WITH_KNOTS('',3,(#8080,#8081,#8082,#8083,#8084,#8085),
 .UNSPECIFIED.,.F.,.F.,(4,2,4),(0.,0.303191489361702,1.),.UNSPECIFIED.);
#510=B_SPLINE_CURVE_WITH_KNOTS('',3,(#8086,#8087,#8088,#8089,#8090,#8091),
 .UNSPECIFIED.,.F.,.F.,(4,2,4),(0.,0.303191489361702,1.),.UNSPECIFIED.);
#511=B_SPLINE_CURVE_WITH_KNOTS('',3,(#8092,#8093,#8094,#8095),
 .UNSPECIFIED.,.F.,.F.,(4,4),(0.,1.),.UNSPECIFIED.);
#512=B_SPLINE_CURVE_WITH_KNOTS('',3,(#8099,#8100,#8101,#8102),
 .UNSPECIFIED.,.F.,.F.,(4,4),(0.,1.),.UNSPECIFIED.);
#513=B_SPLINE_CURVE_WITH_KNOTS('',3,(#8104,#8105,#8106,#8107),
 .UNSPECIFIED.,.F.,.F.,(4,4),(0.,1.),.UNSPECIFIED.);
#514=B_SPLINE_CURVE_WITH_KNOTS('',3,(#8108,#8109,#8110,#8111),
 .UNSPECIFIED.,.F.,.F.,(4,4),(0.,1.),.UNSPECIFIED.);
#515=B_SPLINE_CURVE_WITH_KNOTS('',3,(#8115,#8116,#8117,#8118,#8119,#8120,
#8121,#8122,#8123,#8124),.UNSPECIFIED.,.F.,.F.,(4,2,2,2,4),(0.,0.264665829784212,
0.507276173753074,0.751346348149805,1.),.UNSPECIFIED.);
#516=B_SPLINE_CURVE_WITH_KNOTS('',3,(#8129,#8130,#8131,#8132,#8133,#8134,
#8135,#8136,#8137,#8138),.UNSPECIFIED.,.F.,.F.,(4,2,2,2,4),(0.,0.264665829784212,
0.507276173753074,0.751346348149805,1.),.UNSPECIFIED.);
#517=B_SPLINE_CURVE_WITH_KNOTS('',3,(#8141,#8142,#8143,#8144,#8145,#8146,
#8147,#8148,#8149,#8150),.UNSPECIFIED.,.F.,.F.,(4,2,2,2,4),(0.,0.264665829784212,
0.507276173753074,0.751346348149805,1.),.UNSPECIFIED.);
#518=B_SPLINE_CURVE_WITH_KNOTS('',3,(#8151,#8152,#8153,#8154),
 .UNSPECIFIED.,.F.,.F.,(4,4),(0.,1.),.UNSPECIFIED.);
#519=B_SPLINE_CURVE_WITH_KNOTS('',3,(#8159,#8160,#8161,#8162),
 .UNSPECIFIED.,.F.,.F.,(4,4),(0.,1.),.UNSPECIFIED.);
#520=B_SPLINE_CURVE_WITH_KNOTS('',3,(#8166,#8167,#8168,#8169,#8170,#8171,
#8172,#8173),.UNSPECIFIED.,.F.,.F.,(4,2,2,4),(0.,0.352083333333332,0.704166666666665,
1.),.UNSPECIFIED.);
#521=B_SPLINE_CURVE_WITH_KNOTS('',3,(#8177,#8178,#8179,#8180,#8181,#8182,
#8183,#8184),.UNSPECIFIED.,.F.,.F.,(4,2,2,4),(0.,0.352083333333332,0.704166666666665,
1.),.UNSPECIFIED.);
#522=B_SPLINE_CURVE_WITH_KNOTS('',3,(#8185,#8186,#8187,#8188,#8189,#8190,
#8191,#8192),.UNSPECIFIED.,.F.,.F.,(4,2,2,4),(0.,0.352083333333332,0.704166666666665,
1.),.UNSPECIFIED.);
#523=B_SPLINE_CURVE_WITH_KNOTS('',3,(#8193,#8194,#8195,#8196,#8197,#8198,
#8199,#8200),.UNSPECIFIED.,.F.,.F.,(4,2,2,4),(0.,0.259717314487633,0.519434628975266,
1.),.UNSPECIFIED.);
#524=B_SPLINE_CURVE_WITH_KNOTS('',3,(#8204,#8205,#8206,#8207,#8208,#8209,
#8210,#8211),.UNSPECIFIED.,.F.,.F.,(4,2,2,4),(0.,0.259717314487633,0.519434628975266,
1.),.UNSPECIFIED.);
#525=B_SPLINE_CURVE_WITH_KNOTS('',3,(#8212,#8213,#8214,#8215,#8216,#8217,
#8218,#8219),.UNSPECIFIED.,.F.,.F.,(4,2,2,4),(0.,0.259717314487633,0.519434628975266,
1.),.UNSPECIFIED.);
#526=B_SPLINE_CURVE_WITH_KNOTS('',3,(#8220,#8221,#8222,#8223),
 .UNSPECIFIED.,.F.,.F.,(4,4),(0.,1.),.UNSPECIFIED.);
#527=B_SPLINE_CURVE_WITH_KNOTS('',3,(#8227,#8228,#8229,#8230),
 .UNSPECIFIED.,.F.,.F.,(4,4),(0.,1.),.UNSPECIFIED.);
#528=B_SPLINE_CURVE_WITH_KNOTS('',3,(#8232,#8233,#8234,#8235),
 .UNSPECIFIED.,.F.,.F.,(4,4),(0.,1.),.UNSPECIFIED.);
#529=B_SPLINE_CURVE_WITH_KNOTS('',3,(#8239,#8240,#8241,#8242),
 .UNSPECIFIED.,.F.,.F.,(4,4),(0.,1.),.UNSPECIFIED.);
#530=B_SPLINE_CURVE_WITH_KNOTS('',3,(#8244,#8245,#8246,#8247,#8248,#8249,
#8250,#8251),.UNSPECIFIED.,.F.,.F.,(4,2,2,4),(0.,0.39952153110048,0.69976076555024,
1.),.UNSPECIFIED.);
#531=B_SPLINE_CURVE_WITH_KNOTS('',3,(#8255,#8256,#8257,#8258,#8259,#8260,
#8261,#8262),.UNSPECIFIED.,.F.,.F.,(4,2,2,4),(0.,0.39952153110048,0.69976076555024,
1.),.UNSPECIFIED.);
#532=B_SPLINE_CURVE_WITH_KNOTS('',3,(#8263,#8264,#8265,#8266,#8267,#8268,
#8269,#8270),.UNSPECIFIED.,.F.,.F.,(4,2,2,4),(0.,0.39952153110048,0.69976076555024,
1.),.UNSPECIFIED.);
#533=B_SPLINE_CURVE_WITH_KNOTS('',3,(#8271,#8272,#8273,#8274,#8275,#8276,
#8277,#8278,#8279,#8280),.UNSPECIFIED.,.F.,.F.,(4,2,2,2,4),(0.,0.196761666039082,
0.483159202162636,0.76955673828619,1.),.UNSPECIFIED.);
#534=B_SPLINE_CURVE_WITH_KNOTS('',3,(#8284,#8285,#8286,#8287,#8288,#8289,
#8290,#8291,#8292,#8293),.UNSPECIFIED.,.F.,.F.,(4,2,2,2,4),(0.,0.196761666039082,
0.483159202162636,0.76955673828619,1.),.UNSPECIFIED.);
#535=B_SPLINE_CURVE_WITH_KNOTS('',3,(#8294,#8295,#8296,#8297,#8298,#8299,
#8300,#8301,#8302,#8303),.UNSPECIFIED.,.F.,.F.,(4,2,2,2,4),(0.,0.196761666039082,
0.483159202162636,0.76955673828619,1.),.UNSPECIFIED.);
#536=B_SPLINE_CURVE_WITH_KNOTS('',3,(#8304,#8305,#8306,#8307),
 .UNSPECIFIED.,.F.,.F.,(4,4),(0.,1.),.UNSPECIFIED.);
#537=B_SPLINE_CURVE_WITH_KNOTS('',3,(#8311,#8312,#8313,#8314),
 .UNSPECIFIED.,.F.,.F.,(4,4),(0.,1.),.UNSPECIFIED.);
#538=B_SPLINE_CURVE_WITH_KNOTS('',3,(#8315,#8316,#8317,#8318),
 .UNSPECIFIED.,.F.,.F.,(4,4),(0.,1.),.UNSPECIFIED.);
#539=B_SPLINE_CURVE_WITH_KNOTS('',3,(#8319,#8320,#8321,#8322,#8323,#8324,
#8325,#8326),.UNSPECIFIED.,.F.,.F.,(4,2,2,4),(0.,0.342024539877299,0.684049079754598,
1.),.UNSPECIFIED.);
#540=B_SPLINE_CURVE_WITH_KNOTS('',3,(#8330,#8331,#8332,#8333,#8334,#8335,
#8336,#8337),.UNSPECIFIED.,.F.,.F.,(4,2,2,4),(0.,0.342024539877299,0.684049079754598,
1.),.UNSPECIFIED.);
#541=B_SPLINE_CURVE_WITH_KNOTS('',3,(#8338,#8339,#8340,#8341,#8342,#8343,
#8344,#8345),.UNSPECIFIED.,.F.,.F.,(4,2,2,4),(0.,0.342024539877299,0.684049079754598,
1.),.UNSPECIFIED.);
#542=B_SPLINE_CURVE_WITH_KNOTS('',3,(#8346,#8347,#8348,#8349),
 .UNSPECIFIED.,.F.,.F.,(4,4),(0.,1.),.UNSPECIFIED.);
#543=B_SPLINE_CURVE_WITH_KNOTS('',3,(#8350,#8351,#8352,#8353),
 .UNSPECIFIED.,.F.,.F.,(4,4),(0.,1.),.UNSPECIFIED.);
#544=B_SPLINE_CURVE_WITH_KNOTS('',3,(#8354,#8355,#8356,#8357),
 .UNSPECIFIED.,.F.,.F.,(4,4),(0.,1.),.UNSPECIFIED.);
#545=B_SPLINE_CURVE_WITH_KNOTS('',3,(#8358,#8359,#8360,#8361,#8362,#8363,
#8364,#8365,#8366,#8367),.UNSPECIFIED.,.F.,.F.,(4,2,2,2,4),(0.,0.240839312373621,
0.493511770152882,0.746184227932144,1.),.UNSPECIFIED.);
#546=B_SPLINE_CURVE_WITH_KNOTS('',3,(#8368,#8369,#8370,#8371,#8372,#8373,
#8374,#8375,#8376,#8377),.UNSPECIFIED.,.F.,.F.,(4,2,2,2,4),(0.,0.240839312373621,
0.493511770152882,0.746184227932144,1.),.UNSPECIFIED.);
#547=B_SPLINE_CURVE_WITH_KNOTS('',3,(#8378,#8379,#8380,#8381,#8382,#8383,
#8384,#8385,#8386,#8387),.UNSPECIFIED.,.F.,.F.,(4,2,2,2,4),(0.,0.240839312373621,
0.493511770152882,0.746184227932144,1.),.UNSPECIFIED.);
#548=CONICAL_SURFACE('',#3777,0.2,5.);
#549=CONICAL_SURFACE('',#3781,0.2,5.);
#550=CONICAL_SURFACE('',#3789,0.2,5.);
#551=CONICAL_SURFACE('',#3793,0.2,5.);
#552=CONICAL_SURFACE('',#3891,0.2,5.);
#553=CONICAL_SURFACE('',#3894,0.2,5.);
#554=CONICAL_SURFACE('',#3901,0.2,5.);
#555=CONICAL_SURFACE('',#3904,0.2,5.);
#556=CIRCLE('',#3775,0.2);
#557=CIRCLE('',#3776,0.339981861641478);
#558=CIRCLE('',#3779,0.2);
#559=CIRCLE('',#3780,0.339981861641478);
#560=CIRCLE('',#3787,0.2);
#561=CIRCLE('',#3788,0.339981861641478);
#562=CIRCLE('',#3791,0.2);
#563=CIRCLE('',#3792,0.339981861641478);
#564=CIRCLE('',#3799,1.75);
#565=CIRCLE('',#3801,1.75);
#566=CIRCLE('',#3808,0.4);
#567=CIRCLE('',#3809,0.4);
#568=CIRCLE('',#3810,0.4);
#569=CIRCLE('',#3811,0.4);
#570=CIRCLE('',#3812,0.4);
#571=CIRCLE('',#3813,0.4);
#572=CIRCLE('',#3815,0.4);
#573=CIRCLE('',#3816,0.4);
#574=CIRCLE('',#3817,0.4);
#575=CIRCLE('',#3818,0.4);
#576=CIRCLE('',#3819,0.4);
#577=CIRCLE('',#3820,0.4);
#578=CIRCLE('',#3839,0.4);
#579=CIRCLE('',#3840,0.4);
#580=CIRCLE('',#3841,0.4);
#581=CIRCLE('',#3842,0.4);
#582=CIRCLE('',#3843,0.4);
#583=CIRCLE('',#3844,0.4);
#584=CIRCLE('',#3847,0.4);
#585=CIRCLE('',#3848,0.4);
#586=CIRCLE('',#3849,0.4);
#587=CIRCLE('',#3850,0.4);
#588=CIRCLE('',#3851,0.4);
#589=CIRCLE('',#3852,0.4);
#590=CIRCLE('',#3867,1.);
#591=CIRCLE('',#3868,1.);
#592=CIRCLE('',#3869,1.);
#593=CIRCLE('',#3870,1.);
#594=CIRCLE('',#3871,0.339981861641478);
#595=CIRCLE('',#3872,0.339981861641478);
#596=CIRCLE('',#3873,0.339981861641478);
#597=CIRCLE('',#3874,0.339981861641478);
#598=CIRCLE('',#3877,1.);
#599=CIRCLE('',#3880,1.);
#600=CIRCLE('',#3883,1.);
#601=CIRCLE('',#3886,1.);
#602=CIRCLE('',#3890,0.2);
#603=CIRCLE('',#3893,0.2);
#604=CIRCLE('',#3900,0.2);
#605=CIRCLE('',#3903,0.2);
#606=CIRCLE('',#3909,1.75);
#607=CIRCLE('',#3911,1.75);
#608=ADVANCED_FACE('',(#934),#809,.F.);
#609=ADVANCED_FACE('',(#935),#548,.T.);
#610=ADVANCED_FACE('',(#936),#810,.F.);
#611=ADVANCED_FACE('',(#937),#549,.T.);
#612=ADVANCED_FACE('',(#938),#811,.F.);
#613=ADVANCED_FACE('',(#939),#812,.F.);
#614=ADVANCED_FACE('',(#940),#813,.F.);
#615=ADVANCED_FACE('',(#941),#814,.F.);
#616=ADVANCED_FACE('',(#942),#815,.F.);
#617=ADVANCED_FACE('',(#943),#550,.T.);
#618=ADVANCED_FACE('',(#944),#816,.F.);
#619=ADVANCED_FACE('',(#945),#551,.T.);
#620=ADVANCED_FACE('',(#946),#817,.F.);
#621=ADVANCED_FACE('',(#947),#818,.F.);
#622=ADVANCED_FACE('',(#948),#819,.F.);
#623=ADVANCED_FACE('',(#949),#820,.F.);
#624=ADVANCED_FACE('',(#283,#284),#821,.T.);
#625=ADVANCED_FACE('',(#285,#286),#822,.F.);
#626=ADVANCED_FACE('',(#287,#288),#265,.T.);
#627=ADVANCED_FACE('',(#950),#823,.F.);
#628=ADVANCED_FACE('',(#289,#290),#260,.F.);
#629=ADVANCED_FACE('',(#951),#824,.T.);
#630=ADVANCED_FACE('',(#952),#261,.T.);
#631=ADVANCED_FACE('',(#953),#825,.F.);
#632=ADVANCED_FACE('',(#954),#262,.T.);
#633=ADVANCED_FACE('',(#955),#826,.T.);
#634=ADVANCED_FACE('',(#956),#263,.T.);
#635=ADVANCED_FACE('',(#957),#264,.T.);
#636=ADVANCED_FACE('',(#958),#827,.T.);
#637=ADVANCED_FACE('',(#959),#828,.T.);
#638=ADVANCED_FACE('',(#960),#829,.T.);
#639=ADVANCED_FACE('',(#961),#830,.T.);
#640=ADVANCED_FACE('',(#962),#831,.F.);
#641=ADVANCED_FACE('',(#963),#832,.T.);
#642=ADVANCED_FACE('',(#964),#833,.F.);
#643=ADVANCED_FACE('',(#965),#834,.T.);
#644=ADVANCED_FACE('',(#966),#835,.T.);
#645=ADVANCED_FACE('',(#967),#836,.F.);
#646=ADVANCED_FACE('',(#968),#837,.F.);
#647=ADVANCED_FACE('',(#969),#838,.T.);
#648=ADVANCED_FACE('',(#970),#266,.F.);
#649=ADVANCED_FACE('',(#971),#267,.F.);
#650=ADVANCED_FACE('',(#972),#268,.F.);
#651=ADVANCED_FACE('',(#973),#269,.T.);
#652=ADVANCED_FACE('',(#974),#270,.T.);
#653=ADVANCED_FACE('',(#975),#271,.T.);
#654=ADVANCED_FACE('',(#976),#839,.T.);
#655=ADVANCED_FACE('',(#977),#840,.T.);
#656=ADVANCED_FACE('',(#978),#841,.F.);
#657=ADVANCED_FACE('',(#979),#842,.F.);
#658=ADVANCED_FACE('',(#980),#843,.F.);
#659=ADVANCED_FACE('',(#981),#844,.F.);
#660=ADVANCED_FACE('',(#982),#845,.T.);
#661=ADVANCED_FACE('',(#983),#846,.F.);
#662=ADVANCED_FACE('',(#984),#847,.F.);
#663=ADVANCED_FACE('',(#985),#848,.F.);
#664=ADVANCED_FACE('',(#986),#849,.T.);
#665=ADVANCED_FACE('',(#987),#850,.F.);
#666=ADVANCED_FACE('',(#988),#272,.F.);
#667=ADVANCED_FACE('',(#989),#273,.F.);
#668=ADVANCED_FACE('',(#990),#274,.F.);
#669=ADVANCED_FACE('',(#991),#275,.T.);
#670=ADVANCED_FACE('',(#992),#276,.T.);
#671=ADVANCED_FACE('',(#993),#277,.T.);
#672=ADVANCED_FACE('',(#291,#292),#851,.T.);
#673=ADVANCED_FACE('',(#994),#852,.T.);
#674=ADVANCED_FACE('',(#995),#278,.T.);
#675=ADVANCED_FACE('',(#996),#853,.T.);
#676=ADVANCED_FACE('',(#997),#279,.T.);
#677=ADVANCED_FACE('',(#998),#854,.T.);
#678=ADVANCED_FACE('',(#999),#280,.T.);
#679=ADVANCED_FACE('',(#1000),#855,.T.);
#680=ADVANCED_FACE('',(#1001),#281,.T.);
#681=ADVANCED_FACE('',(#1002),#856,.F.);
#682=ADVANCED_FACE('',(#1003),#857,.T.);
#683=ADVANCED_FACE('',(#1004),#552,.F.);
#684=ADVANCED_FACE('',(#1005),#858,.T.);
#685=ADVANCED_FACE('',(#1006),#553,.F.);
#686=ADVANCED_FACE('',(#1007),#859,.T.);
#687=ADVANCED_FACE('',(#1008),#860,.T.);
#688=ADVANCED_FACE('',(#1009),#861,.T.);
#689=ADVANCED_FACE('',(#1010),#862,.T.);
#690=ADVANCED_FACE('',(#1011),#863,.T.);
#691=ADVANCED_FACE('',(#1012),#554,.F.);
#692=ADVANCED_FACE('',(#1013),#864,.T.);
#693=ADVANCED_FACE('',(#1014),#555,.F.);
#694=ADVANCED_FACE('',(#1015),#865,.T.);
#695=ADVANCED_FACE('',(#1016),#866,.T.);
#696=ADVANCED_FACE('',(#1017),#867,.T.);
#697=ADVANCED_FACE('',(#1018),#868,.T.);
#698=ADVANCED_FACE('',(#293,#294),#869,.T.);
#699=ADVANCED_FACE('',(#295,#296),#282,.F.);
#700=ADVANCED_FACE('',(#1019),#870,.T.);
#701=ADVANCED_FACE('',(#1020),#871,.F.);
#702=ADVANCED_FACE('',(#1021),#872,.F.);
#703=ADVANCED_FACE('',(#1022),#873,.F.);
#704=ADVANCED_FACE('',(#1023),#874,.F.);
#705=ADVANCED_FACE('',(#1024),#875,.F.);
#706=ADVANCED_FACE('',(#1025),#876,.F.);
#707=ADVANCED_FACE('',(#1026),#877,.F.);
#708=ADVANCED_FACE('',(#1027),#878,.F.);
#709=ADVANCED_FACE('',(#1028),#879,.F.);
#710=ADVANCED_FACE('',(#1029),#880,.F.);
#711=ADVANCED_FACE('',(#1030),#881,.F.);
#712=ADVANCED_FACE('',(#1031),#24,.F.);
#713=ADVANCED_FACE('',(#1032),#25,.F.);
#714=ADVANCED_FACE('',(#1033),#882,.F.);
#715=ADVANCED_FACE('',(#1034),#883,.F.);
#716=ADVANCED_FACE('',(#1035),#884,.T.);
#717=ADVANCED_FACE('',(#1036),#26,.F.);
#718=ADVANCED_FACE('',(#1037),#27,.F.);
#719=ADVANCED_FACE('',(#1038),#28,.F.);
#720=ADVANCED_FACE('',(#1039),#29,.F.);
#721=ADVANCED_FACE('',(#1040),#30,.F.);
#722=ADVANCED_FACE('',(#1041),#31,.F.);
#723=ADVANCED_FACE('',(#1042),#32,.F.);
#724=ADVANCED_FACE('',(#1043),#885,.F.);
#725=ADVANCED_FACE('',(#1044),#33,.F.);
#726=ADVANCED_FACE('',(#1045),#34,.F.);
#727=ADVANCED_FACE('',(#1046),#35,.F.);
#728=ADVANCED_FACE('',(#1047),#36,.F.);
#729=ADVANCED_FACE('',(#1048),#37,.F.);
#730=ADVANCED_FACE('',(#1049),#38,.F.);
#731=ADVANCED_FACE('',(#1050),#39,.F.);
#732=ADVANCED_FACE('',(#1051),#886,.F.);
#733=ADVANCED_FACE('',(#1052),#40,.F.);
#734=ADVANCED_FACE('',(#1053),#41,.F.);
#735=ADVANCED_FACE('',(#1054),#42,.F.);
#736=ADVANCED_FACE('',(#1055),#43,.F.);
#737=ADVANCED_FACE('',(#1056),#44,.F.);
#738=ADVANCED_FACE('',(#1057),#45,.F.);
#739=ADVANCED_FACE('',(#1058),#46,.F.);
#740=ADVANCED_FACE('',(#1059),#47,.F.);
#741=ADVANCED_FACE('',(#297,#298),#887,.F.);
#742=ADVANCED_FACE('',(#299,#300),#888,.T.);
#743=ADVANCED_FACE('',(#1060),#889,.F.);
#744=ADVANCED_FACE('',(#1061),#890,.F.);
#745=ADVANCED_FACE('',(#1062),#48,.F.);
#746=ADVANCED_FACE('',(#1063),#49,.F.);
#747=ADVANCED_FACE('',(#1064),#50,.F.);
#748=ADVANCED_FACE('',(#1065),#891,.F.);
#749=ADVANCED_FACE('',(#1066),#51,.F.);
#750=ADVANCED_FACE('',(#1067),#892,.F.);
#751=ADVANCED_FACE('',(#1068),#893,.F.);
#752=ADVANCED_FACE('',(#1069),#894,.T.);
#753=ADVANCED_FACE('',(#1070),#895,.F.);
#754=ADVANCED_FACE('',(#1071),#896,.F.);
#755=ADVANCED_FACE('',(#1072),#897,.F.);
#756=ADVANCED_FACE('',(#1073),#898,.F.);
#757=ADVANCED_FACE('',(#1074),#899,.F.);
#758=ADVANCED_FACE('',(#1075),#900,.F.);
#759=ADVANCED_FACE('',(#1076),#901,.F.);
#760=ADVANCED_FACE('',(#1077),#902,.F.);
#761=ADVANCED_FACE('',(#1078),#903,.F.);
#762=ADVANCED_FACE('',(#1079),#904,.F.);
#763=ADVANCED_FACE('',(#1080),#905,.F.);
#764=ADVANCED_FACE('',(#1081),#906,.F.);
#765=ADVANCED_FACE('',(#1082),#907,.F.);
#766=ADVANCED_FACE('',(#1083),#908,.F.);
#767=ADVANCED_FACE('',(#1084),#909,.T.);
#768=ADVANCED_FACE('',(#1085),#910,.F.);
#769=ADVANCED_FACE('',(#1086),#911,.F.);
#770=ADVANCED_FACE('',(#1087),#912,.F.);
#771=ADVANCED_FACE('',(#1088),#913,.F.);
#772=ADVANCED_FACE('',(#1089),#914,.F.);
#773=ADVANCED_FACE('',(#1090),#915,.T.);
#774=ADVANCED_FACE('',(#1091),#916,.F.);
#775=ADVANCED_FACE('',(#1092),#917,.F.);
#776=ADVANCED_FACE('',(#1093),#918,.F.);
#777=ADVANCED_FACE('',(#1094),#919,.F.);
#778=ADVANCED_FACE('',(#1095),#920,.F.);
#779=ADVANCED_FACE('',(#1096),#921,.T.);
#780=ADVANCED_FACE('',(#1097),#922,.F.);
#781=ADVANCED_FACE('',(#1098),#923,.F.);
#782=ADVANCED_FACE('',(#1099),#52,.F.);
#783=ADVANCED_FACE('',(#1100),#53,.F.);
#784=ADVANCED_FACE('',(#1101),#54,.F.);
#785=ADVANCED_FACE('',(#1102),#55,.F.);
#786=ADVANCED_FACE('',(#1103),#924,.F.);
#787=ADVANCED_FACE('',(#1104),#56,.F.);
#788=ADVANCED_FACE('',(#1105),#57,.F.);
#789=ADVANCED_FACE('',(#1106),#58,.F.);
#790=ADVANCED_FACE('',(#1107),#59,.F.);
#791=ADVANCED_FACE('',(#1108),#925,.F.);
#792=ADVANCED_FACE('',(#1109),#926,.F.);
#793=ADVANCED_FACE('',(#1110),#927,.T.);
#794=ADVANCED_FACE('',(#1111),#928,.F.);
#795=ADVANCED_FACE('',(#1112),#60,.F.);
#796=ADVANCED_FACE('',(#1113),#929,.F.);
#797=ADVANCED_FACE('',(#1114),#61,.F.);
#798=ADVANCED_FACE('',(#1115),#62,.F.);
#799=ADVANCED_FACE('',(#1116),#930,.F.);
#800=ADVANCED_FACE('',(#1117),#931,.F.);
#801=ADVANCED_FACE('',(#1118),#63,.F.);
#802=ADVANCED_FACE('',(#1119),#64,.F.);
#803=ADVANCED_FACE('',(#1120),#65,.F.);
#804=ADVANCED_FACE('',(#1121),#66,.F.);
#805=ADVANCED_FACE('',(#1122),#67,.F.);
#806=ADVANCED_FACE('',(#1123),#68,.F.);
#807=ADVANCED_FACE('',(#301,#302),#932,.F.);
#808=ADVANCED_FACE('',(#303,#304),#933,.T.);
#809=PLANE('',#3774);
#810=PLANE('',#3778);
#811=PLANE('',#3782);
#812=PLANE('',#3783);
#813=PLANE('',#3784);
#814=PLANE('',#3785);
#815=PLANE('',#3786);
#816=PLANE('',#3790);
#817=PLANE('',#3794);
#818=PLANE('',#3795);
#819=PLANE('',#3796);
#820=PLANE('',#3797);
#821=PLANE('',#3798);
#822=PLANE('',#3800);
#823=PLANE('',#3803);
#824=PLANE('',#3804);
#825=PLANE('',#3805);
#826=PLANE('',#3806);
#827=PLANE('',#3807);
#828=PLANE('',#3814);
#829=PLANE('',#3821);
#830=PLANE('',#3822);
#831=PLANE('',#3823);
#832=PLANE('',#3824);
#833=PLANE('',#3825);
#834=PLANE('',#3826);
#835=PLANE('',#3827);
#836=PLANE('',#3828);
#837=PLANE('',#3829);
#838=PLANE('',#3830);
#839=PLANE('',#3837);
#840=PLANE('',#3838);
#841=PLANE('',#3845);
#842=PLANE('',#3846);
#843=PLANE('',#3853);
#844=PLANE('',#3854);
#845=PLANE('',#3855);
#846=PLANE('',#3856);
#847=PLANE('',#3857);
#848=PLANE('',#3858);
#849=PLANE('',#3859);
#850=PLANE('',#3860);
#851=PLANE('',#3875);
#852=PLANE('',#3876);
#853=PLANE('',#3879);
#854=PLANE('',#3882);
#855=PLANE('',#3885);
#856=PLANE('',#3888);
#857=PLANE('',#3889);
#858=PLANE('',#3892);
#859=PLANE('',#3895);
#860=PLANE('',#3896);
#861=PLANE('',#3897);
#862=PLANE('',#3898);
#863=PLANE('',#3899);
#864=PLANE('',#3902);
#865=PLANE('',#3905);
#866=PLANE('',#3906);
#867=PLANE('',#3907);
#868=PLANE('',#3908);
#869=PLANE('',#3910);
#870=PLANE('',#3913);
#871=PLANE('',#3914);
#872=PLANE('',#3915);
#873=PLANE('',#3916);
#874=PLANE('',#3917);
#875=PLANE('',#3918);
#876=PLANE('',#3919);
#877=PLANE('',#3920);
#878=PLANE('',#3921);
#879=PLANE('',#3922);
#880=PLANE('',#3923);
#881=PLANE('',#3924);
#882=PLANE('',#3925);
#883=PLANE('',#3926);
#884=PLANE('',#3927);
#885=PLANE('',#3928);
#886=PLANE('',#3929);
#887=PLANE('',#3930);
#888=PLANE('',#3931);
#889=PLANE('',#3932);
#890=PLANE('',#3933);
#891=PLANE('',#3934);
#892=PLANE('',#3935);
#893=PLANE('',#3936);
#894=PLANE('',#3937);
#895=PLANE('',#3938);
#896=PLANE('',#3939);
#897=PLANE('',#3940);
#898=PLANE('',#3941);
#899=PLANE('',#3942);
#900=PLANE('',#3943);
#901=PLANE('',#3944);
#902=PLANE('',#3945);
#903=PLANE('',#3946);
#904=PLANE('',#3947);
#905=PLANE('',#3948);
#906=PLANE('',#3949);
#907=PLANE('',#3950);
#908=PLANE('',#3951);
#909=PLANE('',#3952);
#910=PLANE('',#3953);
#911=PLANE('',#3954);
#912=PLANE('',#3955);
#913=PLANE('',#3956);
#914=PLANE('',#3957);
#915=PLANE('',#3958);
#916=PLANE('',#3959);
#917=PLANE('',#3960);
#918=PLANE('',#3961);
#919=PLANE('',#3962);
#920=PLANE('',#3963);
#921=PLANE('',#3964);
#922=PLANE('',#3965);
#923=PLANE('',#3966);
#924=PLANE('',#3967);
#925=PLANE('',#3968);
#926=PLANE('',#3969);
#927=PLANE('',#3970);
#928=PLANE('',#3971);
#929=PLANE('',#3972);
#930=PLANE('',#3973);
#931=PLANE('',#3974);
#932=PLANE('',#3975);
#933=PLANE('',#3976);
#934=FACE_OUTER_BOUND('',#1124,.T.);
#935=FACE_OUTER_BOUND('',#1125,.T.);
#936=FACE_OUTER_BOUND('',#1126,.T.);
#937=FACE_OUTER_BOUND('',#1127,.T.);
#938=FACE_OUTER_BOUND('',#1128,.T.);
#939=FACE_OUTER_BOUND('',#1129,.T.);
#940=FACE_OUTER_BOUND('',#1130,.T.);
#941=FACE_OUTER_BOUND('',#1131,.T.);
#942=FACE_OUTER_BOUND('',#1132,.T.);
#943=FACE_OUTER_BOUND('',#1133,.T.);
#944=FACE_OUTER_BOUND('',#1134,.T.);
#945=FACE_OUTER_BOUND('',#1135,.T.);
#946=FACE_OUTER_BOUND('',#1136,.T.);
#947=FACE_OUTER_BOUND('',#1137,.T.);
#948=FACE_OUTER_BOUND('',#1138,.T.);
#949=FACE_OUTER_BOUND('',#1139,.T.);
#950=FACE_OUTER_BOUND('',#1146,.T.);
#951=FACE_OUTER_BOUND('',#1149,.T.);
#952=FACE_OUTER_BOUND('',#1150,.T.);
#953=FACE_OUTER_BOUND('',#1151,.T.);
#954=FACE_OUTER_BOUND('',#1152,.T.);
#955=FACE_OUTER_BOUND('',#1153,.T.);
#956=FACE_OUTER_BOUND('',#1154,.T.);
#957=FACE_OUTER_BOUND('',#1155,.T.);
#958=FACE_OUTER_BOUND('',#1156,.T.);
#959=FACE_OUTER_BOUND('',#1157,.T.);
#960=FACE_OUTER_BOUND('',#1158,.T.);
#961=FACE_OUTER_BOUND('',#1159,.T.);
#962=FACE_OUTER_BOUND('',#1160,.T.);
#963=FACE_OUTER_BOUND('',#1161,.T.);
#964=FACE_OUTER_BOUND('',#1162,.T.);
#965=FACE_OUTER_BOUND('',#1163,.T.);
#966=FACE_OUTER_BOUND('',#1164,.T.);
#967=FACE_OUTER_BOUND('',#1165,.T.);
#968=FACE_OUTER_BOUND('',#1166,.T.);
#969=FACE_OUTER_BOUND('',#1167,.T.);
#970=FACE_OUTER_BOUND('',#1168,.T.);
#971=FACE_OUTER_BOUND('',#1169,.T.);
#972=FACE_OUTER_BOUND('',#1170,.T.);
#973=FACE_OUTER_BOUND('',#1171,.T.);
#974=FACE_OUTER_BOUND('',#1172,.T.);
#975=FACE_OUTER_BOUND('',#1173,.T.);
#976=FACE_OUTER_BOUND('',#1174,.T.);
#977=FACE_OUTER_BOUND('',#1175,.T.);
#978=FACE_OUTER_BOUND('',#1176,.T.);
#979=FACE_OUTER_BOUND('',#1177,.T.);
#980=FACE_OUTER_BOUND('',#1178,.T.);
#981=FACE_OUTER_BOUND('',#1179,.T.);
#982=FACE_OUTER_BOUND('',#1180,.T.);
#983=FACE_OUTER_BOUND('',#1181,.T.);
#984=FACE_OUTER_BOUND('',#1182,.T.);
#985=FACE_OUTER_BOUND('',#1183,.T.);
#986=FACE_OUTER_BOUND('',#1184,.T.);
#987=FACE_OUTER_BOUND('',#1185,.T.);
#988=FACE_OUTER_BOUND('',#1186,.T.);
#989=FACE_OUTER_BOUND('',#1187,.T.);
#990=FACE_OUTER_BOUND('',#1188,.T.);
#991=FACE_OUTER_BOUND('',#1189,.T.);
#992=FACE_OUTER_BOUND('',#1190,.T.);
#993=FACE_OUTER_BOUND('',#1191,.T.);
#994=FACE_OUTER_BOUND('',#1194,.T.);
#995=FACE_OUTER_BOUND('',#1195,.T.);
#996=FACE_OUTER_BOUND('',#1196,.T.);
#997=FACE_OUTER_BOUND('',#1197,.T.);
#998=FACE_OUTER_BOUND('',#1198,.T.);
#999=FACE_OUTER_BOUND('',#1199,.T.);
#1000=FACE_OUTER_BOUND('',#1200,.T.);
#1001=FACE_OUTER_BOUND('',#1201,.T.);
#1002=FACE_OUTER_BOUND('',#1202,.T.);
#1003=FACE_OUTER_BOUND('',#1203,.T.);
#1004=FACE_OUTER_BOUND('',#1204,.T.);
#1005=FACE_OUTER_BOUND('',#1205,.T.);
#1006=FACE_OUTER_BOUND('',#1206,.T.);
#1007=FACE_OUTER_BOUND('',#1207,.T.);
#1008=FACE_OUTER_BOUND('',#1208,.T.);
#1009=FACE_OUTER_BOUND('',#1209,.T.);
#1010=FACE_OUTER_BOUND('',#1210,.T.);
#1011=FACE_OUTER_BOUND('',#1211,.T.);
#1012=FACE_OUTER_BOUND('',#1212,.T.);
#1013=FACE_OUTER_BOUND('',#1213,.T.);
#1014=FACE_OUTER_BOUND('',#1214,.T.);
#1015=FACE_OUTER_BOUND('',#1215,.T.);
#1016=FACE_OUTER_BOUND('',#1216,.T.);
#1017=FACE_OUTER_BOUND('',#1217,.T.);
#1018=FACE_OUTER_BOUND('',#1218,.T.);
#1019=FACE_OUTER_BOUND('',#1223,.T.);
#1020=FACE_OUTER_BOUND('',#1224,.T.);
#1021=FACE_OUTER_BOUND('',#1225,.T.);
#1022=FACE_OUTER_BOUND('',#1226,.T.);
#1023=FACE_OUTER_BOUND('',#1227,.T.);
#1024=FACE_OUTER_BOUND('',#1228,.T.);
#1025=FACE_OUTER_BOUND('',#1229,.T.);
#1026=FACE_OUTER_BOUND('',#1230,.T.);
#1027=FACE_OUTER_BOUND('',#1231,.T.);
#1028=FACE_OUTER_BOUND('',#1232,.T.);
#1029=FACE_OUTER_BOUND('',#1233,.T.);
#1030=FACE_OUTER_BOUND('',#1234,.T.);
#1031=FACE_OUTER_BOUND('',#1235,.T.);
#1032=FACE_OUTER_BOUND('',#1236,.T.);
#1033=FACE_OUTER_BOUND('',#1237,.T.);
#1034=FACE_OUTER_BOUND('',#1238,.T.);
#1035=FACE_OUTER_BOUND('',#1239,.T.);
#1036=FACE_OUTER_BOUND('',#1240,.T.);
#1037=FACE_OUTER_BOUND('',#1241,.T.);
#1038=FACE_OUTER_BOUND('',#1242,.T.);
#1039=FACE_OUTER_BOUND('',#1243,.T.);
#1040=FACE_OUTER_BOUND('',#1244,.T.);
#1041=FACE_OUTER_BOUND('',#1245,.T.);
#1042=FACE_OUTER_BOUND('',#1246,.T.);
#1043=FACE_OUTER_BOUND('',#1247,.T.);
#1044=FACE_OUTER_BOUND('',#1248,.T.);
#1045=FACE_OUTER_BOUND('',#1249,.T.);
#1046=FACE_OUTER_BOUND('',#1250,.T.);
#1047=FACE_OUTER_BOUND('',#1251,.T.);
#1048=FACE_OUTER_BOUND('',#1252,.T.);
#1049=FACE_OUTER_BOUND('',#1253,.T.);
#1050=FACE_OUTER_BOUND('',#1254,.T.);
#1051=FACE_OUTER_BOUND('',#1255,.T.);
#1052=FACE_OUTER_BOUND('',#1256,.T.);
#1053=FACE_OUTER_BOUND('',#1257,.T.);
#1054=FACE_OUTER_BOUND('',#1258,.T.);
#1055=FACE_OUTER_BOUND('',#1259,.T.);
#1056=FACE_OUTER_BOUND('',#1260,.T.);
#1057=FACE_OUTER_BOUND('',#1261,.T.);
#1058=FACE_OUTER_BOUND('',#1262,.T.);
#1059=FACE_OUTER_BOUND('',#1263,.T.);
#1060=FACE_OUTER_BOUND('',#1268,.T.);
#1061=FACE_OUTER_BOUND('',#1269,.T.);
#1062=FACE_OUTER_BOUND('',#1270,.T.);
#1063=FACE_OUTER_BOUND('',#1271,.T.);
#1064=FACE_OUTER_BOUND('',#1272,.T.);
#1065=FACE_OUTER_BOUND('',#1273,.T.);
#1066=FACE_OUTER_BOUND('',#1274,.T.);
#1067=FACE_OUTER_BOUND('',#1275,.T.);
#1068=FACE_OUTER_BOUND('',#1276,.T.);
#1069=FACE_OUTER_BOUND('',#1277,.T.);
#1070=FACE_OUTER_BOUND('',#1278,.T.);
#1071=FACE_OUTER_BOUND('',#1279,.T.);
#1072=FACE_OUTER_BOUND('',#1280,.T.);
#1073=FACE_OUTER_BOUND('',#1281,.T.);
#1074=FACE_OUTER_BOUND('',#1282,.T.);
#1075=FACE_OUTER_BOUND('',#1283,.T.);
#1076=FACE_OUTER_BOUND('',#1284,.T.);
#1077=FACE_OUTER_BOUND('',#1285,.T.);
#1078=FACE_OUTER_BOUND('',#1286,.T.);
#1079=FACE_OUTER_BOUND('',#1287,.T.);
#1080=FACE_OUTER_BOUND('',#1288,.T.);
#1081=FACE_OUTER_BOUND('',#1289,.T.);
#1082=FACE_OUTER_BOUND('',#1290,.T.);
#1083=FACE_OUTER_BOUND('',#1291,.T.);
#1084=FACE_OUTER_BOUND('',#1292,.T.);
#1085=FACE_OUTER_BOUND('',#1293,.T.);
#1086=FACE_OUTER_BOUND('',#1294,.T.);
#1087=FACE_OUTER_BOUND('',#1295,.T.);
#1088=FACE_OUTER_BOUND('',#1296,.T.);
#1089=FACE_OUTER_BOUND('',#1297,.T.);
#1090=FACE_OUTER_BOUND('',#1298,.T.);
#1091=FACE_OUTER_BOUND('',#1299,.T.);
#1092=FACE_OUTER_BOUND('',#1300,.T.);
#1093=FACE_OUTER_BOUND('',#1301,.T.);
#1094=FACE_OUTER_BOUND('',#1302,.T.);
#1095=FACE_OUTER_BOUND('',#1303,.T.);
#1096=FACE_OUTER_BOUND('',#1304,.T.);
#1097=FACE_OUTER_BOUND('',#1305,.T.);
#1098=FACE_OUTER_BOUND('',#1306,.T.);
#1099=FACE_OUTER_BOUND('',#1307,.T.);
#1100=FACE_OUTER_BOUND('',#1308,.T.);
#1101=FACE_OUTER_BOUND('',#1309,.T.);
#1102=FACE_OUTER_BOUND('',#1310,.T.);
#1103=FACE_OUTER_BOUND('',#1311,.T.);
#1104=FACE_OUTER_BOUND('',#1312,.T.);
#1105=FACE_OUTER_BOUND('',#1313,.T.);
#1106=FACE_OUTER_BOUND('',#1314,.T.);
#1107=FACE_OUTER_BOUND('',#1315,.T.);
#1108=FACE_OUTER_BOUND('',#1316,.T.);
#1109=FACE_OUTER_BOUND('',#1317,.T.);
#1110=FACE_OUTER_BOUND('',#1318,.T.);
#1111=FACE_OUTER_BOUND('',#1319,.T.);
#1112=FACE_OUTER_BOUND('',#1320,.T.);
#1113=FACE_OUTER_BOUND('',#1321,.T.);
#1114=FACE_OUTER_BOUND('',#1322,.T.);
#1115=FACE_OUTER_BOUND('',#1323,.T.);
#1116=FACE_OUTER_BOUND('',#1324,.T.);
#1117=FACE_OUTER_BOUND('',#1325,.T.);
#1118=FACE_OUTER_BOUND('',#1326,.T.);
#1119=FACE_OUTER_BOUND('',#1327,.T.);
#1120=FACE_OUTER_BOUND('',#1328,.T.);
#1121=FACE_OUTER_BOUND('',#1329,.T.);
#1122=FACE_OUTER_BOUND('',#1330,.T.);
#1123=FACE_OUTER_BOUND('',#1331,.T.);
#1124=EDGE_LOOP('',(#1336,#1337,#1338,#1339));
#1125=EDGE_LOOP('',(#1340,#1341,#1342,#1343));
#1126=EDGE_LOOP('',(#1344,#1345,#1346,#1347));
#1127=EDGE_LOOP('',(#1348,#1349,#1350,#1351));
#1128=EDGE_LOOP('',(#1352,#1353,#1354,#1355));
#1129=EDGE_LOOP('',(#1356,#1357,#1358,#1359));
#1130=EDGE_LOOP('',(#1360,#1361,#1362,#1363));
#1131=EDGE_LOOP('',(#1364,#1365,#1366,#1367));
#1132=EDGE_LOOP('',(#1368,#1369,#1370,#1371));
#1133=EDGE_LOOP('',(#1372,#1373,#1374,#1375));
#1134=EDGE_LOOP('',(#1376,#1377,#1378,#1379));
#1135=EDGE_LOOP('',(#1380,#1381,#1382,#1383));
#1136=EDGE_LOOP('',(#1384,#1385,#1386,#1387));
#1137=EDGE_LOOP('',(#1388,#1389,#1390,#1391));
#1138=EDGE_LOOP('',(#1392,#1393,#1394,#1395));
#1139=EDGE_LOOP('',(#1396,#1397,#1398,#1399));
#1140=EDGE_LOOP('',(#1400));
#1141=EDGE_LOOP('',(#1401,#1402,#1403,#1404,#1405,#1406,#1407,#1408,#1409,
#1410,#1411,#1412,#1413,#1414,#1415,#1416));
#1142=EDGE_LOOP('',(#1417));
#1143=EDGE_LOOP('',(#1418,#1419,#1420,#1421,#1422,#1423,#1424,#1425,#1426,
#1427,#1428,#1429,#1430,#1431,#1432,#1433));
#1144=EDGE_LOOP('',(#1434));
#1145=EDGE_LOOP('',(#1435));
#1146=EDGE_LOOP('',(#1436));
#1147=EDGE_LOOP('',(#1437));
#1148=EDGE_LOOP('',(#1438));
#1149=EDGE_LOOP('',(#1439));
#1150=EDGE_LOOP('',(#1440,#1441,#1442,#1443));
#1151=EDGE_LOOP('',(#1444,#1445,#1446,#1447));
#1152=EDGE_LOOP('',(#1448,#1449,#1450,#1451));
#1153=EDGE_LOOP('',(#1452,#1453,#1454,#1455));
#1154=EDGE_LOOP('',(#1456,#1457,#1458,#1459));
#1155=EDGE_LOOP('',(#1460,#1461,#1462,#1463));
#1156=EDGE_LOOP('',(#1464,#1465,#1466,#1467));
#1157=EDGE_LOOP('',(#1468,#1469,#1470,#1471,#1472,#1473,#1474,#1475,#1476,
#1477,#1478,#1479,#1480,#1481,#1482,#1483));
#1158=EDGE_LOOP('',(#1484,#1485,#1486,#1487,#1488,#1489,#1490,#1491,#1492,
#1493,#1494,#1495,#1496,#1497,#1498,#1499));
#1159=EDGE_LOOP('',(#1500,#1501,#1502,#1503));
#1160=EDGE_LOOP('',(#1504,#1505,#1506,#1507));
#1161=EDGE_LOOP('',(#1508,#1509,#1510,#1511));
#1162=EDGE_LOOP('',(#1512,#1513,#1514,#1515));
#1163=EDGE_LOOP('',(#1516,#1517,#1518,#1519));
#1164=EDGE_LOOP('',(#1520,#1521,#1522,#1523));
#1165=EDGE_LOOP('',(#1524,#1525,#1526,#1527));
#1166=EDGE_LOOP('',(#1528,#1529,#1530,#1531));
#1167=EDGE_LOOP('',(#1532,#1533,#1534,#1535));
#1168=EDGE_LOOP('',(#1536,#1537,#1538,#1539));
#1169=EDGE_LOOP('',(#1540,#1541,#1542,#1543));
#1170=EDGE_LOOP('',(#1544,#1545,#1546,#1547));
#1171=EDGE_LOOP('',(#1548,#1549,#1550,#1551));
#1172=EDGE_LOOP('',(#1552,#1553,#1554,#1555));
#1173=EDGE_LOOP('',(#1556,#1557,#1558,#1559));
#1174=EDGE_LOOP('',(#1560,#1561,#1562,#1563));
#1175=EDGE_LOOP('',(#1564,#1565,#1566,#1567));
#1176=EDGE_LOOP('',(#1568,#1569,#1570,#1571,#1572,#1573,#1574,#1575,#1576,
#1577,#1578,#1579,#1580,#1581,#1582,#1583));
#1177=EDGE_LOOP('',(#1584,#1585,#1586,#1587));
#1178=EDGE_LOOP('',(#1588,#1589,#1590,#1591,#1592,#1593,#1594,#1595,#1596,
#1597,#1598,#1599,#1600,#1601,#1602,#1603));
#1179=EDGE_LOOP('',(#1604,#1605,#1606,#1607));
#1180=EDGE_LOOP('',(#1608,#1609,#1610,#1611));
#1181=EDGE_LOOP('',(#1612,#1613,#1614,#1615));
#1182=EDGE_LOOP('',(#1616,#1617,#1618,#1619));
#1183=EDGE_LOOP('',(#1620,#1621,#1622,#1623));
#1184=EDGE_LOOP('',(#1624,#1625,#1626,#1627));
#1185=EDGE_LOOP('',(#1628,#1629,#1630,#1631));
#1186=EDGE_LOOP('',(#1632,#1633,#1634,#1635));
#1187=EDGE_LOOP('',(#1636,#1637,#1638,#1639));
#1188=EDGE_LOOP('',(#1640,#1641,#1642,#1643));
#1189=EDGE_LOOP('',(#1644,#1645,#1646,#1647));
#1190=EDGE_LOOP('',(#1648,#1649,#1650,#1651));
#1191=EDGE_LOOP('',(#1652,#1653,#1654,#1655));
#1192=EDGE_LOOP('',(#1656,#1657,#1658,#1659,#1660,#1661,#1662,#1663));
#1193=EDGE_LOOP('',(#1664,#1665,#1666,#1667,#1668,#1669,#1670,#1671,#1672,
#1673,#1674,#1675,#1676,#1677,#1678,#1679));
#1194=EDGE_LOOP('',(#1680,#1681,#1682,#1683));
#1195=EDGE_LOOP('',(#1684,#1685,#1686,#1687));
#1196=EDGE_LOOP('',(#1688,#1689,#1690,#1691));
#1197=EDGE_LOOP('',(#1692,#1693,#1694,#1695));
#1198=EDGE_LOOP('',(#1696,#1697,#1698,#1699));
#1199=EDGE_LOOP('',(#1700,#1701,#1702,#1703));
#1200=EDGE_LOOP('',(#1704,#1705,#1706,#1707));
#1201=EDGE_LOOP('',(#1708,#1709,#1710,#1711));
#1202=EDGE_LOOP('',(#1712,#1713,#1714,#1715,#1716,#1717,#1718,#1719));
#1203=EDGE_LOOP('',(#1720,#1721,#1722,#1723));
#1204=EDGE_LOOP('',(#1724,#1725,#1726,#1727));
#1205=EDGE_LOOP('',(#1728,#1729,#1730,#1731));
#1206=EDGE_LOOP('',(#1732,#1733,#1734,#1735));
#1207=EDGE_LOOP('',(#1736,#1737,#1738,#1739));
#1208=EDGE_LOOP('',(#1740,#1741,#1742,#1743));
#1209=EDGE_LOOP('',(#1744,#1745,#1746,#1747));
#1210=EDGE_LOOP('',(#1748,#1749,#1750,#1751));
#1211=EDGE_LOOP('',(#1752,#1753,#1754,#1755));
#1212=EDGE_LOOP('',(#1756,#1757,#1758,#1759));
#1213=EDGE_LOOP('',(#1760,#1761,#1762,#1763));
#1214=EDGE_LOOP('',(#1764,#1765,#1766,#1767));
#1215=EDGE_LOOP('',(#1768,#1769,#1770,#1771));
#1216=EDGE_LOOP('',(#1772,#1773,#1774,#1775));
#1217=EDGE_LOOP('',(#1776,#1777,#1778,#1779));
#1218=EDGE_LOOP('',(#1780,#1781,#1782,#1783));
#1219=EDGE_LOOP('',(#1784));
#1220=EDGE_LOOP('',(#1785,#1786,#1787,#1788,#1789,#1790,#1791,#1792,#1793,
#1794,#1795,#1796,#1797,#1798,#1799,#1800));
#1221=EDGE_LOOP('',(#1801));
#1222=EDGE_LOOP('',(#1802));
#1223=EDGE_LOOP('',(#1803));
#1224=EDGE_LOOP('',(#1804,#1805,#1806,#1807));
#1225=EDGE_LOOP('',(#1808,#1809,#1810,#1811));
#1226=EDGE_LOOP('',(#1812,#1813,#1814,#1815));
#1227=EDGE_LOOP('',(#1816,#1817,#1818,#1819));
#1228=EDGE_LOOP('',(#1820,#1821,#1822,#1823));
#1229=EDGE_LOOP('',(#1824,#1825,#1826,#1827));
#1230=EDGE_LOOP('',(#1828,#1829,#1830,#1831));
#1231=EDGE_LOOP('',(#1832,#1833,#1834,#1835));
#1232=EDGE_LOOP('',(#1836,#1837,#1838,#1839));
#1233=EDGE_LOOP('',(#1840,#1841,#1842,#1843));
#1234=EDGE_LOOP('',(#1844,#1845,#1846,#1847));
#1235=EDGE_LOOP('',(#1848,#1849,#1850,#1851));
#1236=EDGE_LOOP('',(#1852,#1853,#1854,#1855));
#1237=EDGE_LOOP('',(#1856,#1857,#1858,#1859));
#1238=EDGE_LOOP('',(#1860,#1861,#1862,#1863,#1864,#1865,#1866,#1867,#1868,
#1869,#1870,#1871,#1872,#1873));
#1239=EDGE_LOOP('',(#1874,#1875,#1876,#1877,#1878,#1879,#1880,#1881,#1882,
#1883,#1884,#1885,#1886,#1887));
#1240=EDGE_LOOP('',(#1888,#1889,#1890,#1891));
#1241=EDGE_LOOP('',(#1892,#1893,#1894,#1895));
#1242=EDGE_LOOP('',(#1896,#1897,#1898,#1899));
#1243=EDGE_LOOP('',(#1900,#1901,#1902,#1903));
#1244=EDGE_LOOP('',(#1904,#1905,#1906,#1907));
#1245=EDGE_LOOP('',(#1908,#1909,#1910,#1911));
#1246=EDGE_LOOP('',(#1912,#1913,#1914,#1915));
#1247=EDGE_LOOP('',(#1916,#1917,#1918,#1919));
#1248=EDGE_LOOP('',(#1920,#1921,#1922,#1923));
#1249=EDGE_LOOP('',(#1924,#1925,#1926,#1927));
#1250=EDGE_LOOP('',(#1928,#1929,#1930,#1931));
#1251=EDGE_LOOP('',(#1932,#1933,#1934,#1935));
#1252=EDGE_LOOP('',(#1936,#1937,#1938,#1939));
#1253=EDGE_LOOP('',(#1940,#1941,#1942,#1943));
#1254=EDGE_LOOP('',(#1944,#1945,#1946,#1947));
#1255=EDGE_LOOP('',(#1948,#1949,#1950,#1951));
#1256=EDGE_LOOP('',(#1952,#1953,#1954,#1955));
#1257=EDGE_LOOP('',(#1956,#1957,#1958,#1959));
#1258=EDGE_LOOP('',(#1960,#1961,#1962,#1963));
#1259=EDGE_LOOP('',(#1964,#1965,#1966,#1967));
#1260=EDGE_LOOP('',(#1968,#1969,#1970,#1971));
#1261=EDGE_LOOP('',(#1972,#1973,#1974,#1975));
#1262=EDGE_LOOP('',(#1976,#1977,#1978,#1979));
#1263=EDGE_LOOP('',(#1980,#1981,#1982,#1983));
#1264=EDGE_LOOP('',(#1984,#1985,#1986,#1987,#1988,#1989,#1990,#1991,#1992,
#1993,#1994,#1995,#1996,#1997,#1998,#1999,#2000,#2001));
#1265=EDGE_LOOP('',(#2002,#2003,#2004,#2005,#2006,#2007));
#1266=EDGE_LOOP('',(#2008,#2009,#2010,#2011,#2012,#2013,#2014,#2015,#2016,
#2017,#2018,#2019,#2020,#2021,#2022,#2023,#2024,#2025));
#1267=EDGE_LOOP('',(#2026,#2027,#2028,#2029,#2030,#2031));
#1268=EDGE_LOOP('',(#2032,#2033,#2034,#2035));
#1269=EDGE_LOOP('',(#2036,#2037,#2038,#2039));
#1270=EDGE_LOOP('',(#2040,#2041,#2042,#2043));
#1271=EDGE_LOOP('',(#2044,#2045,#2046,#2047));
#1272=EDGE_LOOP('',(#2048,#2049,#2050,#2051));
#1273=EDGE_LOOP('',(#2052,#2053,#2054,#2055));
#1274=EDGE_LOOP('',(#2056,#2057,#2058,#2059));
#1275=EDGE_LOOP('',(#2060,#2061,#2062,#2063));
#1276=EDGE_LOOP('',(#2064,#2065,#2066,#2067));
#1277=EDGE_LOOP('',(#2068,#2069,#2070,#2071,#2072,#2073,#2074,#2075,#2076));
#1278=EDGE_LOOP('',(#2077,#2078,#2079,#2080,#2081,#2082,#2083,#2084,#2085));
#1279=EDGE_LOOP('',(#2086,#2087,#2088,#2089));
#1280=EDGE_LOOP('',(#2090,#2091,#2092,#2093));
#1281=EDGE_LOOP('',(#2094,#2095,#2096,#2097));
#1282=EDGE_LOOP('',(#2098,#2099,#2100,#2101));
#1283=EDGE_LOOP('',(#2102,#2103,#2104,#2105));
#1284=EDGE_LOOP('',(#2106,#2107,#2108,#2109));
#1285=EDGE_LOOP('',(#2110,#2111,#2112,#2113));
#1286=EDGE_LOOP('',(#2114,#2115,#2116,#2117));
#1287=EDGE_LOOP('',(#2118,#2119,#2120,#2121));
#1288=EDGE_LOOP('',(#2122,#2123,#2124,#2125));
#1289=EDGE_LOOP('',(#2126,#2127,#2128,#2129));
#1290=EDGE_LOOP('',(#2130,#2131,#2132,#2133));
#1291=EDGE_LOOP('',(#2134,#2135,#2136,#2137,#2138,#2139,#2140,#2141,#2142,
#2143,#2144,#2145));
#1292=EDGE_LOOP('',(#2146,#2147,#2148,#2149,#2150,#2151,#2152,#2153,#2154,
#2155,#2156,#2157));
#1293=EDGE_LOOP('',(#2158,#2159,#2160,#2161));
#1294=EDGE_LOOP('',(#2162,#2163,#2164,#2165));
#1295=EDGE_LOOP('',(#2166,#2167,#2168,#2169));
#1296=EDGE_LOOP('',(#2170,#2171,#2172,#2173));
#1297=EDGE_LOOP('',(#2174,#2175,#2176,#2177));
#1298=EDGE_LOOP('',(#2178,#2179,#2180,#2181));
#1299=EDGE_LOOP('',(#2182,#2183,#2184,#2185));
#1300=EDGE_LOOP('',(#2186,#2187,#2188,#2189));
#1301=EDGE_LOOP('',(#2190,#2191,#2192,#2193));
#1302=EDGE_LOOP('',(#2194,#2195,#2196,#2197));
#1303=EDGE_LOOP('',(#2198,#2199,#2200,#2201));
#1304=EDGE_LOOP('',(#2202,#2203,#2204,#2205));
#1305=EDGE_LOOP('',(#2206,#2207,#2208,#2209));
#1306=EDGE_LOOP('',(#2210,#2211,#2212,#2213));
#1307=EDGE_LOOP('',(#2214,#2215,#2216,#2217));
#1308=EDGE_LOOP('',(#2218,#2219,#2220,#2221));
#1309=EDGE_LOOP('',(#2222,#2223,#2224,#2225));
#1310=EDGE_LOOP('',(#2226,#2227,#2228,#2229));
#1311=EDGE_LOOP('',(#2230,#2231,#2232,#2233));
#1312=EDGE_LOOP('',(#2234,#2235,#2236,#2237));
#1313=EDGE_LOOP('',(#2238,#2239,#2240,#2241));
#1314=EDGE_LOOP('',(#2242,#2243,#2244,#2245));
#1315=EDGE_LOOP('',(#2246,#2247,#2248,#2249));
#1316=EDGE_LOOP('',(#2250,#2251,#2252,#2253));
#1317=EDGE_LOOP('',(#2254,#2255,#2256,#2257));
#1318=EDGE_LOOP('',(#2258,#2259,#2260,#2261,#2262,#2263,#2264,#2265,#2266,
#2267,#2268,#2269,#2270));
#1319=EDGE_LOOP('',(#2271,#2272,#2273,#2274,#2275,#2276,#2277,#2278,#2279,
#2280,#2281,#2282,#2283));
#1320=EDGE_LOOP('',(#2284,#2285,#2286,#2287));
#1321=EDGE_LOOP('',(#2288,#2289,#2290,#2291));
#1322=EDGE_LOOP('',(#2292,#2293,#2294,#2295));
#1323=EDGE_LOOP('',(#2296,#2297,#2298,#2299));
#1324=EDGE_LOOP('',(#2300,#2301,#2302,#2303));
#1325=EDGE_LOOP('',(#2304,#2305,#2306,#2307));
#1326=EDGE_LOOP('',(#2308,#2309,#2310,#2311));
#1327=EDGE_LOOP('',(#2312,#2313,#2314,#2315));
#1328=EDGE_LOOP('',(#2316,#2317,#2318,#2319));
#1329=EDGE_LOOP('',(#2320,#2321,#2322,#2323));
#1330=EDGE_LOOP('',(#2324,#2325,#2326,#2327));
#1331=EDGE_LOOP('',(#2328,#2329,#2330,#2331));
#1332=EDGE_LOOP('',(#2332,#2333,#2334,#2335,#2336,#2337,#2338,#2339,#2340,
#2341));
#1333=EDGE_LOOP('',(#2342,#2343));
#1334=EDGE_LOOP('',(#2344,#2345,#2346,#2347,#2348,#2349,#2350,#2351,#2352,
#2353));
#1335=EDGE_LOOP('',(#2354,#2355));
#1336=ORIENTED_EDGE('',*,*,#2698,.T.);
#1337=ORIENTED_EDGE('',*,*,#2699,.F.);
#1338=ORIENTED_EDGE('',*,*,#2700,.F.);
#1339=ORIENTED_EDGE('',*,*,#2701,.T.);
#1340=ORIENTED_EDGE('',*,*,#2702,.T.);
#1341=ORIENTED_EDGE('',*,*,#2703,.F.);
#1342=ORIENTED_EDGE('',*,*,#2704,.F.);
#1343=ORIENTED_EDGE('',*,*,#2699,.T.);
#1344=ORIENTED_EDGE('',*,*,#2705,.T.);
#1345=ORIENTED_EDGE('',*,*,#2706,.F.);
#1346=ORIENTED_EDGE('',*,*,#2707,.F.);
#1347=ORIENTED_EDGE('',*,*,#2703,.T.);
#1348=ORIENTED_EDGE('',*,*,#2708,.T.);
#1349=ORIENTED_EDGE('',*,*,#2709,.F.);
#1350=ORIENTED_EDGE('',*,*,#2710,.F.);
#1351=ORIENTED_EDGE('',*,*,#2706,.T.);
#1352=ORIENTED_EDGE('',*,*,#2711,.T.);
#1353=ORIENTED_EDGE('',*,*,#2712,.F.);
#1354=ORIENTED_EDGE('',*,*,#2713,.F.);
#1355=ORIENTED_EDGE('',*,*,#2709,.T.);
#1356=ORIENTED_EDGE('',*,*,#2714,.T.);
#1357=ORIENTED_EDGE('',*,*,#2715,.F.);
#1358=ORIENTED_EDGE('',*,*,#2716,.F.);
#1359=ORIENTED_EDGE('',*,*,#2712,.T.);
#1360=ORIENTED_EDGE('',*,*,#2717,.T.);
#1361=ORIENTED_EDGE('',*,*,#2718,.F.);
#1362=ORIENTED_EDGE('',*,*,#2719,.F.);
#1363=ORIENTED_EDGE('',*,*,#2715,.T.);
#1364=ORIENTED_EDGE('',*,*,#2720,.T.);
#1365=ORIENTED_EDGE('',*,*,#2721,.F.);
#1366=ORIENTED_EDGE('',*,*,#2722,.F.);
#1367=ORIENTED_EDGE('',*,*,#2718,.T.);
#1368=ORIENTED_EDGE('',*,*,#2723,.T.);
#1369=ORIENTED_EDGE('',*,*,#2724,.F.);
#1370=ORIENTED_EDGE('',*,*,#2725,.F.);
#1371=ORIENTED_EDGE('',*,*,#2721,.T.);
#1372=ORIENTED_EDGE('',*,*,#2726,.T.);
#1373=ORIENTED_EDGE('',*,*,#2727,.F.);
#1374=ORIENTED_EDGE('',*,*,#2728,.F.);
#1375=ORIENTED_EDGE('',*,*,#2724,.T.);
#1376=ORIENTED_EDGE('',*,*,#2729,.T.);
#1377=ORIENTED_EDGE('',*,*,#2730,.F.);
#1378=ORIENTED_EDGE('',*,*,#2731,.F.);
#1379=ORIENTED_EDGE('',*,*,#2727,.T.);
#1380=ORIENTED_EDGE('',*,*,#2732,.T.);
#1381=ORIENTED_EDGE('',*,*,#2733,.F.);
#1382=ORIENTED_EDGE('',*,*,#2734,.F.);
#1383=ORIENTED_EDGE('',*,*,#2730,.T.);
#1384=ORIENTED_EDGE('',*,*,#2735,.T.);
#1385=ORIENTED_EDGE('',*,*,#2736,.F.);
#1386=ORIENTED_EDGE('',*,*,#2737,.F.);
#1387=ORIENTED_EDGE('',*,*,#2733,.T.);
#1388=ORIENTED_EDGE('',*,*,#2738,.T.);
#1389=ORIENTED_EDGE('',*,*,#2739,.F.);
#1390=ORIENTED_EDGE('',*,*,#2740,.F.);
#1391=ORIENTED_EDGE('',*,*,#2736,.T.);
#1392=ORIENTED_EDGE('',*,*,#2741,.T.);
#1393=ORIENTED_EDGE('',*,*,#2742,.F.);
#1394=ORIENTED_EDGE('',*,*,#2743,.F.);
#1395=ORIENTED_EDGE('',*,*,#2739,.T.);
#1396=ORIENTED_EDGE('',*,*,#2744,.T.);
#1397=ORIENTED_EDGE('',*,*,#2701,.F.);
#1398=ORIENTED_EDGE('',*,*,#2745,.F.);
#1399=ORIENTED_EDGE('',*,*,#2742,.T.);
#1400=ORIENTED_EDGE('',*,*,#2746,.F.);
#1401=ORIENTED_EDGE('',*,*,#2700,.T.);
#1402=ORIENTED_EDGE('',*,*,#2704,.T.);
#1403=ORIENTED_EDGE('',*,*,#2707,.T.);
#1404=ORIENTED_EDGE('',*,*,#2710,.T.);
#1405=ORIENTED_EDGE('',*,*,#2713,.T.);
#1406=ORIENTED_EDGE('',*,*,#2716,.T.);
#1407=ORIENTED_EDGE('',*,*,#2719,.T.);
#1408=ORIENTED_EDGE('',*,*,#2722,.T.);
#1409=ORIENTED_EDGE('',*,*,#2725,.T.);
#1410=ORIENTED_EDGE('',*,*,#2728,.T.);
#1411=ORIENTED_EDGE('',*,*,#2731,.T.);
#1412=ORIENTED_EDGE('',*,*,#2734,.T.);
#1413=ORIENTED_EDGE('',*,*,#2737,.T.);
#1414=ORIENTED_EDGE('',*,*,#2740,.T.);
#1415=ORIENTED_EDGE('',*,*,#2743,.T.);
#1416=ORIENTED_EDGE('',*,*,#2745,.T.);
#1417=ORIENTED_EDGE('',*,*,#2747,.T.);
#1418=ORIENTED_EDGE('',*,*,#2698,.F.);
#1419=ORIENTED_EDGE('',*,*,#2744,.F.);
#1420=ORIENTED_EDGE('',*,*,#2741,.F.);
#1421=ORIENTED_EDGE('',*,*,#2738,.F.);
#1422=ORIENTED_EDGE('',*,*,#2735,.F.);
#1423=ORIENTED_EDGE('',*,*,#2732,.F.);
#1424=ORIENTED_EDGE('',*,*,#2729,.F.);
#1425=ORIENTED_EDGE('',*,*,#2726,.F.);
#1426=ORIENTED_EDGE('',*,*,#2723,.F.);
#1427=ORIENTED_EDGE('',*,*,#2720,.F.);
#1428=ORIENTED_EDGE('',*,*,#2717,.F.);
#1429=ORIENTED_EDGE('',*,*,#2714,.F.);
#1430=ORIENTED_EDGE('',*,*,#2711,.F.);
#1431=ORIENTED_EDGE('',*,*,#2708,.F.);
#1432=ORIENTED_EDGE('',*,*,#2705,.F.);
#1433=ORIENTED_EDGE('',*,*,#2702,.F.);
#1434=ORIENTED_EDGE('',*,*,#2748,.T.);
#1435=ORIENTED_EDGE('',*,*,#2747,.F.);
#1436=ORIENTED_EDGE('',*,*,#2748,.F.);
#1437=ORIENTED_EDGE('',*,*,#2749,.T.);
#1438=ORIENTED_EDGE('',*,*,#2746,.T.);
#1439=ORIENTED_EDGE('',*,*,#2749,.F.);
#1440=ORIENTED_EDGE('',*,*,#2750,.T.);
#1441=ORIENTED_EDGE('',*,*,#2751,.T.);
#1442=ORIENTED_EDGE('',*,*,#2752,.T.);
#1443=ORIENTED_EDGE('',*,*,#2753,.T.);
#1444=ORIENTED_EDGE('',*,*,#2754,.F.);
#1445=ORIENTED_EDGE('',*,*,#2755,.F.);
#1446=ORIENTED_EDGE('',*,*,#2750,.F.);
#1447=ORIENTED_EDGE('',*,*,#2756,.F.);
#1448=ORIENTED_EDGE('',*,*,#2755,.T.);
#1449=ORIENTED_EDGE('',*,*,#2757,.T.);
#1450=ORIENTED_EDGE('',*,*,#2758,.T.);
#1451=ORIENTED_EDGE('',*,*,#2751,.F.);
#1452=ORIENTED_EDGE('',*,*,#2759,.F.);
#1453=ORIENTED_EDGE('',*,*,#2760,.F.);
#1454=ORIENTED_EDGE('',*,*,#2752,.F.);
#1455=ORIENTED_EDGE('',*,*,#2758,.F.);
#1456=ORIENTED_EDGE('',*,*,#2756,.T.);
#1457=ORIENTED_EDGE('',*,*,#2753,.F.);
#1458=ORIENTED_EDGE('',*,*,#2760,.T.);
#1459=ORIENTED_EDGE('',*,*,#2761,.F.);
#1460=ORIENTED_EDGE('',*,*,#2754,.T.);
#1461=ORIENTED_EDGE('',*,*,#2761,.T.);
#1462=ORIENTED_EDGE('',*,*,#2759,.T.);
#1463=ORIENTED_EDGE('',*,*,#2757,.F.);
#1464=ORIENTED_EDGE('',*,*,#2762,.F.);
#1465=ORIENTED_EDGE('',*,*,#2763,.T.);
#1466=ORIENTED_EDGE('',*,*,#2764,.T.);
#1467=ORIENTED_EDGE('',*,*,#2765,.F.);
#1468=ORIENTED_EDGE('',*,*,#2766,.F.);
#1469=ORIENTED_EDGE('',*,*,#2767,.T.);
#1470=ORIENTED_EDGE('',*,*,#2768,.T.);
#1471=ORIENTED_EDGE('',*,*,#2769,.F.);
#1472=ORIENTED_EDGE('',*,*,#2770,.T.);
#1473=ORIENTED_EDGE('',*,*,#2771,.T.);
#1474=ORIENTED_EDGE('',*,*,#2772,.T.);
#1475=ORIENTED_EDGE('',*,*,#2773,.T.);
#1476=ORIENTED_EDGE('',*,*,#2774,.T.);
#1477=ORIENTED_EDGE('',*,*,#2775,.T.);
#1478=ORIENTED_EDGE('',*,*,#2762,.T.);
#1479=ORIENTED_EDGE('',*,*,#2776,.F.);
#1480=ORIENTED_EDGE('',*,*,#2777,.F.);
#1481=ORIENTED_EDGE('',*,*,#2778,.T.);
#1482=ORIENTED_EDGE('',*,*,#2779,.T.);
#1483=ORIENTED_EDGE('',*,*,#2780,.T.);
#1484=ORIENTED_EDGE('',*,*,#2781,.T.);
#1485=ORIENTED_EDGE('',*,*,#2782,.T.);
#1486=ORIENTED_EDGE('',*,*,#2783,.F.);
#1487=ORIENTED_EDGE('',*,*,#2784,.T.);
#1488=ORIENTED_EDGE('',*,*,#2785,.T.);
#1489=ORIENTED_EDGE('',*,*,#2786,.T.);
#1490=ORIENTED_EDGE('',*,*,#2787,.T.);
#1491=ORIENTED_EDGE('',*,*,#2788,.F.);
#1492=ORIENTED_EDGE('',*,*,#2764,.F.);
#1493=ORIENTED_EDGE('',*,*,#2789,.T.);
#1494=ORIENTED_EDGE('',*,*,#2790,.F.);
#1495=ORIENTED_EDGE('',*,*,#2791,.T.);
#1496=ORIENTED_EDGE('',*,*,#2792,.F.);
#1497=ORIENTED_EDGE('',*,*,#2793,.T.);
#1498=ORIENTED_EDGE('',*,*,#2794,.F.);
#1499=ORIENTED_EDGE('',*,*,#2795,.F.);
#1500=ORIENTED_EDGE('',*,*,#2787,.F.);
#1501=ORIENTED_EDGE('',*,*,#2796,.T.);
#1502=ORIENTED_EDGE('',*,*,#2777,.T.);
#1503=ORIENTED_EDGE('',*,*,#2797,.F.);
#1504=ORIENTED_EDGE('',*,*,#2785,.F.);
#1505=ORIENTED_EDGE('',*,*,#2798,.T.);
#1506=ORIENTED_EDGE('',*,*,#2779,.F.);
#1507=ORIENTED_EDGE('',*,*,#2799,.T.);
#1508=ORIENTED_EDGE('',*,*,#2776,.T.);
#1509=ORIENTED_EDGE('',*,*,#2765,.T.);
#1510=ORIENTED_EDGE('',*,*,#2788,.T.);
#1511=ORIENTED_EDGE('',*,*,#2797,.T.);
#1512=ORIENTED_EDGE('',*,*,#2790,.T.);
#1513=ORIENTED_EDGE('',*,*,#2800,.T.);
#1514=ORIENTED_EDGE('',*,*,#2774,.F.);
#1515=ORIENTED_EDGE('',*,*,#2801,.T.);
#1516=ORIENTED_EDGE('',*,*,#2783,.T.);
#1517=ORIENTED_EDGE('',*,*,#2802,.T.);
#1518=ORIENTED_EDGE('',*,*,#2766,.T.);
#1519=ORIENTED_EDGE('',*,*,#2803,.T.);
#1520=ORIENTED_EDGE('',*,*,#2792,.T.);
#1521=ORIENTED_EDGE('',*,*,#2804,.T.);
#1522=ORIENTED_EDGE('',*,*,#2772,.F.);
#1523=ORIENTED_EDGE('',*,*,#2805,.T.);
#1524=ORIENTED_EDGE('',*,*,#2768,.F.);
#1525=ORIENTED_EDGE('',*,*,#2806,.T.);
#1526=ORIENTED_EDGE('',*,*,#2781,.F.);
#1527=ORIENTED_EDGE('',*,*,#2807,.F.);
#1528=ORIENTED_EDGE('',*,*,#2794,.T.);
#1529=ORIENTED_EDGE('',*,*,#2808,.T.);
#1530=ORIENTED_EDGE('',*,*,#2770,.F.);
#1531=ORIENTED_EDGE('',*,*,#2809,.F.);
#1532=ORIENTED_EDGE('',*,*,#2807,.T.);
#1533=ORIENTED_EDGE('',*,*,#2795,.T.);
#1534=ORIENTED_EDGE('',*,*,#2809,.T.);
#1535=ORIENTED_EDGE('',*,*,#2769,.T.);
#1536=ORIENTED_EDGE('',*,*,#2775,.F.);
#1537=ORIENTED_EDGE('',*,*,#2800,.F.);
#1538=ORIENTED_EDGE('',*,*,#2789,.F.);
#1539=ORIENTED_EDGE('',*,*,#2763,.F.);
#1540=ORIENTED_EDGE('',*,*,#2773,.F.);
#1541=ORIENTED_EDGE('',*,*,#2804,.F.);
#1542=ORIENTED_EDGE('',*,*,#2791,.F.);
#1543=ORIENTED_EDGE('',*,*,#2801,.F.);
#1544=ORIENTED_EDGE('',*,*,#2793,.F.);
#1545=ORIENTED_EDGE('',*,*,#2805,.F.);
#1546=ORIENTED_EDGE('',*,*,#2771,.F.);
#1547=ORIENTED_EDGE('',*,*,#2808,.F.);
#1548=ORIENTED_EDGE('',*,*,#2782,.F.);
#1549=ORIENTED_EDGE('',*,*,#2806,.F.);
#1550=ORIENTED_EDGE('',*,*,#2767,.F.);
#1551=ORIENTED_EDGE('',*,*,#2802,.F.);
#1552=ORIENTED_EDGE('',*,*,#2780,.F.);
#1553=ORIENTED_EDGE('',*,*,#2798,.F.);
#1554=ORIENTED_EDGE('',*,*,#2784,.F.);
#1555=ORIENTED_EDGE('',*,*,#2803,.F.);
#1556=ORIENTED_EDGE('',*,*,#2786,.F.);
#1557=ORIENTED_EDGE('',*,*,#2799,.F.);
#1558=ORIENTED_EDGE('',*,*,#2778,.F.);
#1559=ORIENTED_EDGE('',*,*,#2796,.F.);
#1560=ORIENTED_EDGE('',*,*,#2810,.T.);
#1561=ORIENTED_EDGE('',*,*,#2811,.T.);
#1562=ORIENTED_EDGE('',*,*,#2812,.F.);
#1563=ORIENTED_EDGE('',*,*,#2813,.T.);
#1564=ORIENTED_EDGE('',*,*,#2814,.T.);
#1565=ORIENTED_EDGE('',*,*,#2815,.T.);
#1566=ORIENTED_EDGE('',*,*,#2816,.F.);
#1567=ORIENTED_EDGE('',*,*,#2817,.T.);
#1568=ORIENTED_EDGE('',*,*,#2818,.T.);
#1569=ORIENTED_EDGE('',*,*,#2819,.T.);
#1570=ORIENTED_EDGE('',*,*,#2820,.T.);
#1571=ORIENTED_EDGE('',*,*,#2821,.T.);
#1572=ORIENTED_EDGE('',*,*,#2822,.F.);
#1573=ORIENTED_EDGE('',*,*,#2823,.T.);
#1574=ORIENTED_EDGE('',*,*,#2824,.T.);
#1575=ORIENTED_EDGE('',*,*,#2825,.T.);
#1576=ORIENTED_EDGE('',*,*,#2826,.F.);
#1577=ORIENTED_EDGE('',*,*,#2827,.T.);
#1578=ORIENTED_EDGE('',*,*,#2814,.F.);
#1579=ORIENTED_EDGE('',*,*,#2828,.T.);
#1580=ORIENTED_EDGE('',*,*,#2810,.F.);
#1581=ORIENTED_EDGE('',*,*,#2829,.T.);
#1582=ORIENTED_EDGE('',*,*,#2830,.F.);
#1583=ORIENTED_EDGE('',*,*,#2831,.T.);
#1584=ORIENTED_EDGE('',*,*,#2832,.F.);
#1585=ORIENTED_EDGE('',*,*,#2833,.T.);
#1586=ORIENTED_EDGE('',*,*,#2826,.T.);
#1587=ORIENTED_EDGE('',*,*,#2834,.T.);
#1588=ORIENTED_EDGE('',*,*,#2835,.T.);
#1589=ORIENTED_EDGE('',*,*,#2836,.T.);
#1590=ORIENTED_EDGE('',*,*,#2837,.T.);
#1591=ORIENTED_EDGE('',*,*,#2838,.T.);
#1592=ORIENTED_EDGE('',*,*,#2839,.T.);
#1593=ORIENTED_EDGE('',*,*,#2840,.T.);
#1594=ORIENTED_EDGE('',*,*,#2812,.T.);
#1595=ORIENTED_EDGE('',*,*,#2841,.T.);
#1596=ORIENTED_EDGE('',*,*,#2816,.T.);
#1597=ORIENTED_EDGE('',*,*,#2842,.T.);
#1598=ORIENTED_EDGE('',*,*,#2832,.T.);
#1599=ORIENTED_EDGE('',*,*,#2843,.T.);
#1600=ORIENTED_EDGE('',*,*,#2844,.F.);
#1601=ORIENTED_EDGE('',*,*,#2845,.T.);
#1602=ORIENTED_EDGE('',*,*,#2846,.F.);
#1603=ORIENTED_EDGE('',*,*,#2847,.T.);
#1604=ORIENTED_EDGE('',*,*,#2824,.F.);
#1605=ORIENTED_EDGE('',*,*,#2848,.T.);
#1606=ORIENTED_EDGE('',*,*,#2844,.T.);
#1607=ORIENTED_EDGE('',*,*,#2849,.T.);
#1608=ORIENTED_EDGE('',*,*,#2846,.T.);
#1609=ORIENTED_EDGE('',*,*,#2850,.T.);
#1610=ORIENTED_EDGE('',*,*,#2822,.T.);
#1611=ORIENTED_EDGE('',*,*,#2851,.T.);
#1612=ORIENTED_EDGE('',*,*,#2825,.F.);
#1613=ORIENTED_EDGE('',*,*,#2849,.F.);
#1614=ORIENTED_EDGE('',*,*,#2843,.F.);
#1615=ORIENTED_EDGE('',*,*,#2834,.F.);
#1616=ORIENTED_EDGE('',*,*,#2820,.F.);
#1617=ORIENTED_EDGE('',*,*,#2852,.T.);
#1618=ORIENTED_EDGE('',*,*,#2835,.F.);
#1619=ORIENTED_EDGE('',*,*,#2853,.T.);
#1620=ORIENTED_EDGE('',*,*,#2837,.F.);
#1621=ORIENTED_EDGE('',*,*,#2854,.T.);
#1622=ORIENTED_EDGE('',*,*,#2818,.F.);
#1623=ORIENTED_EDGE('',*,*,#2855,.T.);
#1624=ORIENTED_EDGE('',*,*,#2830,.T.);
#1625=ORIENTED_EDGE('',*,*,#2856,.T.);
#1626=ORIENTED_EDGE('',*,*,#2839,.F.);
#1627=ORIENTED_EDGE('',*,*,#2857,.T.);
#1628=ORIENTED_EDGE('',*,*,#2855,.F.);
#1629=ORIENTED_EDGE('',*,*,#2831,.F.);
#1630=ORIENTED_EDGE('',*,*,#2857,.F.);
#1631=ORIENTED_EDGE('',*,*,#2838,.F.);
#1632=ORIENTED_EDGE('',*,*,#2842,.F.);
#1633=ORIENTED_EDGE('',*,*,#2815,.F.);
#1634=ORIENTED_EDGE('',*,*,#2827,.F.);
#1635=ORIENTED_EDGE('',*,*,#2833,.F.);
#1636=ORIENTED_EDGE('',*,*,#2841,.F.);
#1637=ORIENTED_EDGE('',*,*,#2811,.F.);
#1638=ORIENTED_EDGE('',*,*,#2828,.F.);
#1639=ORIENTED_EDGE('',*,*,#2817,.F.);
#1640=ORIENTED_EDGE('',*,*,#2840,.F.);
#1641=ORIENTED_EDGE('',*,*,#2856,.F.);
#1642=ORIENTED_EDGE('',*,*,#2829,.F.);
#1643=ORIENTED_EDGE('',*,*,#2813,.F.);
#1644=ORIENTED_EDGE('',*,*,#2819,.F.);
#1645=ORIENTED_EDGE('',*,*,#2854,.F.);
#1646=ORIENTED_EDGE('',*,*,#2836,.F.);
#1647=ORIENTED_EDGE('',*,*,#2852,.F.);
#1648=ORIENTED_EDGE('',*,*,#2845,.F.);
#1649=ORIENTED_EDGE('',*,*,#2848,.F.);
#1650=ORIENTED_EDGE('',*,*,#2823,.F.);
#1651=ORIENTED_EDGE('',*,*,#2850,.F.);
#1652=ORIENTED_EDGE('',*,*,#2821,.F.);
#1653=ORIENTED_EDGE('',*,*,#2853,.F.);
#1654=ORIENTED_EDGE('',*,*,#2847,.F.);
#1655=ORIENTED_EDGE('',*,*,#2851,.F.);
#1656=ORIENTED_EDGE('',*,*,#2858,.T.);
#1657=ORIENTED_EDGE('',*,*,#2859,.T.);
#1658=ORIENTED_EDGE('',*,*,#2860,.T.);
#1659=ORIENTED_EDGE('',*,*,#2861,.T.);
#1660=ORIENTED_EDGE('',*,*,#2862,.T.);
#1661=ORIENTED_EDGE('',*,*,#2863,.T.);
#1662=ORIENTED_EDGE('',*,*,#2864,.T.);
#1663=ORIENTED_EDGE('',*,*,#2865,.T.);
#1664=ORIENTED_EDGE('',*,*,#2866,.F.);
#1665=ORIENTED_EDGE('',*,*,#2867,.F.);
#1666=ORIENTED_EDGE('',*,*,#2868,.F.);
#1667=ORIENTED_EDGE('',*,*,#2869,.F.);
#1668=ORIENTED_EDGE('',*,*,#2870,.F.);
#1669=ORIENTED_EDGE('',*,*,#2871,.F.);
#1670=ORIENTED_EDGE('',*,*,#2872,.F.);
#1671=ORIENTED_EDGE('',*,*,#2873,.F.);
#1672=ORIENTED_EDGE('',*,*,#2874,.F.);
#1673=ORIENTED_EDGE('',*,*,#2875,.F.);
#1674=ORIENTED_EDGE('',*,*,#2876,.F.);
#1675=ORIENTED_EDGE('',*,*,#2877,.F.);
#1676=ORIENTED_EDGE('',*,*,#2878,.F.);
#1677=ORIENTED_EDGE('',*,*,#2879,.F.);
#1678=ORIENTED_EDGE('',*,*,#2880,.F.);
#1679=ORIENTED_EDGE('',*,*,#2881,.F.);
#1680=ORIENTED_EDGE('',*,*,#2858,.F.);
#1681=ORIENTED_EDGE('',*,*,#2882,.F.);
#1682=ORIENTED_EDGE('',*,*,#2883,.T.);
#1683=ORIENTED_EDGE('',*,*,#2884,.T.);
#1684=ORIENTED_EDGE('',*,*,#2859,.F.);
#1685=ORIENTED_EDGE('',*,*,#2884,.F.);
#1686=ORIENTED_EDGE('',*,*,#2885,.T.);
#1687=ORIENTED_EDGE('',*,*,#2886,.T.);
#1688=ORIENTED_EDGE('',*,*,#2860,.F.);
#1689=ORIENTED_EDGE('',*,*,#2886,.F.);
#1690=ORIENTED_EDGE('',*,*,#2887,.T.);
#1691=ORIENTED_EDGE('',*,*,#2888,.T.);
#1692=ORIENTED_EDGE('',*,*,#2861,.F.);
#1693=ORIENTED_EDGE('',*,*,#2888,.F.);
#1694=ORIENTED_EDGE('',*,*,#2889,.T.);
#1695=ORIENTED_EDGE('',*,*,#2890,.T.);
#1696=ORIENTED_EDGE('',*,*,#2862,.F.);
#1697=ORIENTED_EDGE('',*,*,#2890,.F.);
#1698=ORIENTED_EDGE('',*,*,#2891,.T.);
#1699=ORIENTED_EDGE('',*,*,#2892,.T.);
#1700=ORIENTED_EDGE('',*,*,#2863,.F.);
#1701=ORIENTED_EDGE('',*,*,#2892,.F.);
#1702=ORIENTED_EDGE('',*,*,#2893,.T.);
#1703=ORIENTED_EDGE('',*,*,#2894,.T.);
#1704=ORIENTED_EDGE('',*,*,#2864,.F.);
#1705=ORIENTED_EDGE('',*,*,#2894,.F.);
#1706=ORIENTED_EDGE('',*,*,#2895,.T.);
#1707=ORIENTED_EDGE('',*,*,#2896,.T.);
#1708=ORIENTED_EDGE('',*,*,#2865,.F.);
#1709=ORIENTED_EDGE('',*,*,#2896,.F.);
#1710=ORIENTED_EDGE('',*,*,#2897,.T.);
#1711=ORIENTED_EDGE('',*,*,#2882,.T.);
#1712=ORIENTED_EDGE('',*,*,#2883,.F.);
#1713=ORIENTED_EDGE('',*,*,#2897,.F.);
#1714=ORIENTED_EDGE('',*,*,#2895,.F.);
#1715=ORIENTED_EDGE('',*,*,#2893,.F.);
#1716=ORIENTED_EDGE('',*,*,#2891,.F.);
#1717=ORIENTED_EDGE('',*,*,#2889,.F.);
#1718=ORIENTED_EDGE('',*,*,#2887,.F.);
#1719=ORIENTED_EDGE('',*,*,#2885,.F.);
#1720=ORIENTED_EDGE('',*,*,#2898,.T.);
#1721=ORIENTED_EDGE('',*,*,#2899,.T.);
#1722=ORIENTED_EDGE('',*,*,#2867,.T.);
#1723=ORIENTED_EDGE('',*,*,#2900,.F.);
#1724=ORIENTED_EDGE('',*,*,#2901,.T.);
#1725=ORIENTED_EDGE('',*,*,#2900,.T.);
#1726=ORIENTED_EDGE('',*,*,#2866,.T.);
#1727=ORIENTED_EDGE('',*,*,#2902,.F.);
#1728=ORIENTED_EDGE('',*,*,#2903,.T.);
#1729=ORIENTED_EDGE('',*,*,#2902,.T.);
#1730=ORIENTED_EDGE('',*,*,#2881,.T.);
#1731=ORIENTED_EDGE('',*,*,#2904,.F.);
#1732=ORIENTED_EDGE('',*,*,#2905,.T.);
#1733=ORIENTED_EDGE('',*,*,#2904,.T.);
#1734=ORIENTED_EDGE('',*,*,#2880,.T.);
#1735=ORIENTED_EDGE('',*,*,#2906,.F.);
#1736=ORIENTED_EDGE('',*,*,#2907,.T.);
#1737=ORIENTED_EDGE('',*,*,#2906,.T.);
#1738=ORIENTED_EDGE('',*,*,#2879,.T.);
#1739=ORIENTED_EDGE('',*,*,#2908,.F.);
#1740=ORIENTED_EDGE('',*,*,#2909,.T.);
#1741=ORIENTED_EDGE('',*,*,#2908,.T.);
#1742=ORIENTED_EDGE('',*,*,#2878,.T.);
#1743=ORIENTED_EDGE('',*,*,#2910,.F.);
#1744=ORIENTED_EDGE('',*,*,#2911,.T.);
#1745=ORIENTED_EDGE('',*,*,#2910,.T.);
#1746=ORIENTED_EDGE('',*,*,#2877,.T.);
#1747=ORIENTED_EDGE('',*,*,#2912,.F.);
#1748=ORIENTED_EDGE('',*,*,#2913,.T.);
#1749=ORIENTED_EDGE('',*,*,#2912,.T.);
#1750=ORIENTED_EDGE('',*,*,#2876,.T.);
#1751=ORIENTED_EDGE('',*,*,#2914,.F.);
#1752=ORIENTED_EDGE('',*,*,#2915,.T.);
#1753=ORIENTED_EDGE('',*,*,#2914,.T.);
#1754=ORIENTED_EDGE('',*,*,#2875,.T.);
#1755=ORIENTED_EDGE('',*,*,#2916,.F.);
#1756=ORIENTED_EDGE('',*,*,#2917,.T.);
#1757=ORIENTED_EDGE('',*,*,#2916,.T.);
#1758=ORIENTED_EDGE('',*,*,#2874,.T.);
#1759=ORIENTED_EDGE('',*,*,#2918,.F.);
#1760=ORIENTED_EDGE('',*,*,#2919,.T.);
#1761=ORIENTED_EDGE('',*,*,#2918,.T.);
#1762=ORIENTED_EDGE('',*,*,#2873,.T.);
#1763=ORIENTED_EDGE('',*,*,#2920,.F.);
#1764=ORIENTED_EDGE('',*,*,#2921,.T.);
#1765=ORIENTED_EDGE('',*,*,#2920,.T.);
#1766=ORIENTED_EDGE('',*,*,#2872,.T.);
#1767=ORIENTED_EDGE('',*,*,#2922,.F.);
#1768=ORIENTED_EDGE('',*,*,#2923,.T.);
#1769=ORIENTED_EDGE('',*,*,#2922,.T.);
#1770=ORIENTED_EDGE('',*,*,#2871,.T.);
#1771=ORIENTED_EDGE('',*,*,#2924,.F.);
#1772=ORIENTED_EDGE('',*,*,#2925,.T.);
#1773=ORIENTED_EDGE('',*,*,#2924,.T.);
#1774=ORIENTED_EDGE('',*,*,#2870,.T.);
#1775=ORIENTED_EDGE('',*,*,#2926,.F.);
#1776=ORIENTED_EDGE('',*,*,#2927,.T.);
#1777=ORIENTED_EDGE('',*,*,#2926,.T.);
#1778=ORIENTED_EDGE('',*,*,#2869,.T.);
#1779=ORIENTED_EDGE('',*,*,#2928,.F.);
#1780=ORIENTED_EDGE('',*,*,#2929,.T.);
#1781=ORIENTED_EDGE('',*,*,#2928,.T.);
#1782=ORIENTED_EDGE('',*,*,#2868,.T.);
#1783=ORIENTED_EDGE('',*,*,#2899,.F.);
#1784=ORIENTED_EDGE('',*,*,#2930,.T.);
#1785=ORIENTED_EDGE('',*,*,#2898,.F.);
#1786=ORIENTED_EDGE('',*,*,#2901,.F.);
#1787=ORIENTED_EDGE('',*,*,#2903,.F.);
#1788=ORIENTED_EDGE('',*,*,#2905,.F.);
#1789=ORIENTED_EDGE('',*,*,#2907,.F.);
#1790=ORIENTED_EDGE('',*,*,#2909,.F.);
#1791=ORIENTED_EDGE('',*,*,#2911,.F.);
#1792=ORIENTED_EDGE('',*,*,#2913,.F.);
#1793=ORIENTED_EDGE('',*,*,#2915,.F.);
#1794=ORIENTED_EDGE('',*,*,#2917,.F.);
#1795=ORIENTED_EDGE('',*,*,#2919,.F.);
#1796=ORIENTED_EDGE('',*,*,#2921,.F.);
#1797=ORIENTED_EDGE('',*,*,#2923,.F.);
#1798=ORIENTED_EDGE('',*,*,#2925,.F.);
#1799=ORIENTED_EDGE('',*,*,#2927,.F.);
#1800=ORIENTED_EDGE('',*,*,#2929,.F.);
#1801=ORIENTED_EDGE('',*,*,#2931,.T.);
#1802=ORIENTED_EDGE('',*,*,#2930,.F.);
#1803=ORIENTED_EDGE('',*,*,#2931,.F.);
#1804=ORIENTED_EDGE('',*,*,#2932,.T.);
#1805=ORIENTED_EDGE('',*,*,#2933,.F.);
#1806=ORIENTED_EDGE('',*,*,#2934,.F.);
#1807=ORIENTED_EDGE('',*,*,#2935,.T.);
#1808=ORIENTED_EDGE('',*,*,#2936,.T.);
#1809=ORIENTED_EDGE('',*,*,#2937,.F.);
#1810=ORIENTED_EDGE('',*,*,#2938,.F.);
#1811=ORIENTED_EDGE('',*,*,#2933,.T.);
#1812=ORIENTED_EDGE('',*,*,#2939,.T.);
#1813=ORIENTED_EDGE('',*,*,#2940,.F.);
#1814=ORIENTED_EDGE('',*,*,#2941,.F.);
#1815=ORIENTED_EDGE('',*,*,#2937,.T.);
#1816=ORIENTED_EDGE('',*,*,#2942,.T.);
#1817=ORIENTED_EDGE('',*,*,#2943,.F.);
#1818=ORIENTED_EDGE('',*,*,#2944,.F.);
#1819=ORIENTED_EDGE('',*,*,#2940,.T.);
#1820=ORIENTED_EDGE('',*,*,#2945,.T.);
#1821=ORIENTED_EDGE('',*,*,#2946,.F.);
#1822=ORIENTED_EDGE('',*,*,#2947,.F.);
#1823=ORIENTED_EDGE('',*,*,#2943,.T.);
#1824=ORIENTED_EDGE('',*,*,#2948,.T.);
#1825=ORIENTED_EDGE('',*,*,#2949,.F.);
#1826=ORIENTED_EDGE('',*,*,#2950,.F.);
#1827=ORIENTED_EDGE('',*,*,#2946,.T.);
#1828=ORIENTED_EDGE('',*,*,#2951,.T.);
#1829=ORIENTED_EDGE('',*,*,#2952,.F.);
#1830=ORIENTED_EDGE('',*,*,#2953,.F.);
#1831=ORIENTED_EDGE('',*,*,#2949,.T.);
#1832=ORIENTED_EDGE('',*,*,#2954,.T.);
#1833=ORIENTED_EDGE('',*,*,#2955,.F.);
#1834=ORIENTED_EDGE('',*,*,#2956,.F.);
#1835=ORIENTED_EDGE('',*,*,#2952,.T.);
#1836=ORIENTED_EDGE('',*,*,#2957,.T.);
#1837=ORIENTED_EDGE('',*,*,#2958,.F.);
#1838=ORIENTED_EDGE('',*,*,#2959,.F.);
#1839=ORIENTED_EDGE('',*,*,#2955,.T.);
#1840=ORIENTED_EDGE('',*,*,#2960,.T.);
#1841=ORIENTED_EDGE('',*,*,#2961,.F.);
#1842=ORIENTED_EDGE('',*,*,#2962,.F.);
#1843=ORIENTED_EDGE('',*,*,#2958,.T.);
#1844=ORIENTED_EDGE('',*,*,#2963,.T.);
#1845=ORIENTED_EDGE('',*,*,#2964,.F.);
#1846=ORIENTED_EDGE('',*,*,#2965,.F.);
#1847=ORIENTED_EDGE('',*,*,#2961,.T.);
#1848=ORIENTED_EDGE('',*,*,#2966,.T.);
#1849=ORIENTED_EDGE('',*,*,#2967,.F.);
#1850=ORIENTED_EDGE('',*,*,#2968,.F.);
#1851=ORIENTED_EDGE('',*,*,#2964,.T.);
#1852=ORIENTED_EDGE('',*,*,#2969,.T.);
#1853=ORIENTED_EDGE('',*,*,#2970,.F.);
#1854=ORIENTED_EDGE('',*,*,#2971,.F.);
#1855=ORIENTED_EDGE('',*,*,#2967,.T.);
#1856=ORIENTED_EDGE('',*,*,#2972,.T.);
#1857=ORIENTED_EDGE('',*,*,#2935,.F.);
#1858=ORIENTED_EDGE('',*,*,#2973,.F.);
#1859=ORIENTED_EDGE('',*,*,#2970,.T.);
#1860=ORIENTED_EDGE('',*,*,#2934,.T.);
#1861=ORIENTED_EDGE('',*,*,#2938,.T.);
#1862=ORIENTED_EDGE('',*,*,#2941,.T.);
#1863=ORIENTED_EDGE('',*,*,#2944,.T.);
#1864=ORIENTED_EDGE('',*,*,#2947,.T.);
#1865=ORIENTED_EDGE('',*,*,#2950,.T.);
#1866=ORIENTED_EDGE('',*,*,#2953,.T.);
#1867=ORIENTED_EDGE('',*,*,#2956,.T.);
#1868=ORIENTED_EDGE('',*,*,#2959,.T.);
#1869=ORIENTED_EDGE('',*,*,#2962,.T.);
#1870=ORIENTED_EDGE('',*,*,#2965,.T.);
#1871=ORIENTED_EDGE('',*,*,#2968,.T.);
#1872=ORIENTED_EDGE('',*,*,#2971,.T.);
#1873=ORIENTED_EDGE('',*,*,#2973,.T.);
#1874=ORIENTED_EDGE('',*,*,#2932,.F.);
#1875=ORIENTED_EDGE('',*,*,#2972,.F.);
#1876=ORIENTED_EDGE('',*,*,#2969,.F.);
#1877=ORIENTED_EDGE('',*,*,#2966,.F.);
#1878=ORIENTED_EDGE('',*,*,#2963,.F.);
#1879=ORIENTED_EDGE('',*,*,#2960,.F.);
#1880=ORIENTED_EDGE('',*,*,#2957,.F.);
#1881=ORIENTED_EDGE('',*,*,#2954,.F.);
#1882=ORIENTED_EDGE('',*,*,#2951,.F.);
#1883=ORIENTED_EDGE('',*,*,#2948,.F.);
#1884=ORIENTED_EDGE('',*,*,#2945,.F.);
#1885=ORIENTED_EDGE('',*,*,#2942,.F.);
#1886=ORIENTED_EDGE('',*,*,#2939,.F.);
#1887=ORIENTED_EDGE('',*,*,#2936,.F.);
#1888=ORIENTED_EDGE('',*,*,#2974,.T.);
#1889=ORIENTED_EDGE('',*,*,#2975,.F.);
#1890=ORIENTED_EDGE('',*,*,#2976,.F.);
#1891=ORIENTED_EDGE('',*,*,#2977,.T.);
#1892=ORIENTED_EDGE('',*,*,#2978,.T.);
#1893=ORIENTED_EDGE('',*,*,#2979,.F.);
#1894=ORIENTED_EDGE('',*,*,#2980,.F.);
#1895=ORIENTED_EDGE('',*,*,#2975,.T.);
#1896=ORIENTED_EDGE('',*,*,#2981,.T.);
#1897=ORIENTED_EDGE('',*,*,#2982,.F.);
#1898=ORIENTED_EDGE('',*,*,#2983,.F.);
#1899=ORIENTED_EDGE('',*,*,#2979,.T.);
#1900=ORIENTED_EDGE('',*,*,#2984,.T.);
#1901=ORIENTED_EDGE('',*,*,#2985,.F.);
#1902=ORIENTED_EDGE('',*,*,#2986,.F.);
#1903=ORIENTED_EDGE('',*,*,#2982,.T.);
#1904=ORIENTED_EDGE('',*,*,#2987,.T.);
#1905=ORIENTED_EDGE('',*,*,#2988,.F.);
#1906=ORIENTED_EDGE('',*,*,#2989,.F.);
#1907=ORIENTED_EDGE('',*,*,#2985,.T.);
#1908=ORIENTED_EDGE('',*,*,#2990,.T.);
#1909=ORIENTED_EDGE('',*,*,#2991,.F.);
#1910=ORIENTED_EDGE('',*,*,#2992,.F.);
#1911=ORIENTED_EDGE('',*,*,#2993,.T.);
#1912=ORIENTED_EDGE('',*,*,#2994,.T.);
#1913=ORIENTED_EDGE('',*,*,#2995,.F.);
#1914=ORIENTED_EDGE('',*,*,#2996,.F.);
#1915=ORIENTED_EDGE('',*,*,#2991,.T.);
#1916=ORIENTED_EDGE('',*,*,#2997,.T.);
#1917=ORIENTED_EDGE('',*,*,#2998,.F.);
#1918=ORIENTED_EDGE('',*,*,#2999,.F.);
#1919=ORIENTED_EDGE('',*,*,#2995,.T.);
#1920=ORIENTED_EDGE('',*,*,#3000,.T.);
#1921=ORIENTED_EDGE('',*,*,#3001,.F.);
#1922=ORIENTED_EDGE('',*,*,#3002,.F.);
#1923=ORIENTED_EDGE('',*,*,#2998,.T.);
#1924=ORIENTED_EDGE('',*,*,#3003,.T.);
#1925=ORIENTED_EDGE('',*,*,#3004,.F.);
#1926=ORIENTED_EDGE('',*,*,#3005,.F.);
#1927=ORIENTED_EDGE('',*,*,#3001,.T.);
#1928=ORIENTED_EDGE('',*,*,#3006,.T.);
#1929=ORIENTED_EDGE('',*,*,#3007,.F.);
#1930=ORIENTED_EDGE('',*,*,#3008,.F.);
#1931=ORIENTED_EDGE('',*,*,#3004,.T.);
#1932=ORIENTED_EDGE('',*,*,#3009,.T.);
#1933=ORIENTED_EDGE('',*,*,#3010,.F.);
#1934=ORIENTED_EDGE('',*,*,#3011,.F.);
#1935=ORIENTED_EDGE('',*,*,#3007,.T.);
#1936=ORIENTED_EDGE('',*,*,#3012,.T.);
#1937=ORIENTED_EDGE('',*,*,#3013,.F.);
#1938=ORIENTED_EDGE('',*,*,#3014,.F.);
#1939=ORIENTED_EDGE('',*,*,#3010,.T.);
#1940=ORIENTED_EDGE('',*,*,#3015,.T.);
#1941=ORIENTED_EDGE('',*,*,#3016,.F.);
#1942=ORIENTED_EDGE('',*,*,#3017,.F.);
#1943=ORIENTED_EDGE('',*,*,#3013,.T.);
#1944=ORIENTED_EDGE('',*,*,#3018,.T.);
#1945=ORIENTED_EDGE('',*,*,#3019,.F.);
#1946=ORIENTED_EDGE('',*,*,#3020,.F.);
#1947=ORIENTED_EDGE('',*,*,#3016,.T.);
#1948=ORIENTED_EDGE('',*,*,#3021,.T.);
#1949=ORIENTED_EDGE('',*,*,#3022,.F.);
#1950=ORIENTED_EDGE('',*,*,#3023,.F.);
#1951=ORIENTED_EDGE('',*,*,#3019,.T.);
#1952=ORIENTED_EDGE('',*,*,#3024,.T.);
#1953=ORIENTED_EDGE('',*,*,#3025,.F.);
#1954=ORIENTED_EDGE('',*,*,#3026,.F.);
#1955=ORIENTED_EDGE('',*,*,#3022,.T.);
#1956=ORIENTED_EDGE('',*,*,#3027,.T.);
#1957=ORIENTED_EDGE('',*,*,#3028,.F.);
#1958=ORIENTED_EDGE('',*,*,#3029,.F.);
#1959=ORIENTED_EDGE('',*,*,#3025,.T.);
#1960=ORIENTED_EDGE('',*,*,#3030,.T.);
#1961=ORIENTED_EDGE('',*,*,#3031,.F.);
#1962=ORIENTED_EDGE('',*,*,#3032,.F.);
#1963=ORIENTED_EDGE('',*,*,#3028,.T.);
#1964=ORIENTED_EDGE('',*,*,#3033,.T.);
#1965=ORIENTED_EDGE('',*,*,#3034,.F.);
#1966=ORIENTED_EDGE('',*,*,#3035,.F.);
#1967=ORIENTED_EDGE('',*,*,#3031,.T.);
#1968=ORIENTED_EDGE('',*,*,#3036,.T.);
#1969=ORIENTED_EDGE('',*,*,#3037,.F.);
#1970=ORIENTED_EDGE('',*,*,#3038,.F.);
#1971=ORIENTED_EDGE('',*,*,#3034,.T.);
#1972=ORIENTED_EDGE('',*,*,#3039,.T.);
#1973=ORIENTED_EDGE('',*,*,#3040,.F.);
#1974=ORIENTED_EDGE('',*,*,#3041,.F.);
#1975=ORIENTED_EDGE('',*,*,#3037,.T.);
#1976=ORIENTED_EDGE('',*,*,#3042,.T.);
#1977=ORIENTED_EDGE('',*,*,#2993,.F.);
#1978=ORIENTED_EDGE('',*,*,#3043,.F.);
#1979=ORIENTED_EDGE('',*,*,#3040,.T.);
#1980=ORIENTED_EDGE('',*,*,#3044,.T.);
#1981=ORIENTED_EDGE('',*,*,#2977,.F.);
#1982=ORIENTED_EDGE('',*,*,#3045,.F.);
#1983=ORIENTED_EDGE('',*,*,#2988,.T.);
#1984=ORIENTED_EDGE('',*,*,#2992,.T.);
#1985=ORIENTED_EDGE('',*,*,#2996,.T.);
#1986=ORIENTED_EDGE('',*,*,#2999,.T.);
#1987=ORIENTED_EDGE('',*,*,#3002,.T.);
#1988=ORIENTED_EDGE('',*,*,#3005,.T.);
#1989=ORIENTED_EDGE('',*,*,#3008,.T.);
#1990=ORIENTED_EDGE('',*,*,#3011,.T.);
#1991=ORIENTED_EDGE('',*,*,#3014,.T.);
#1992=ORIENTED_EDGE('',*,*,#3017,.T.);
#1993=ORIENTED_EDGE('',*,*,#3020,.T.);
#1994=ORIENTED_EDGE('',*,*,#3023,.T.);
#1995=ORIENTED_EDGE('',*,*,#3026,.T.);
#1996=ORIENTED_EDGE('',*,*,#3029,.T.);
#1997=ORIENTED_EDGE('',*,*,#3032,.T.);
#1998=ORIENTED_EDGE('',*,*,#3035,.T.);
#1999=ORIENTED_EDGE('',*,*,#3038,.T.);
#2000=ORIENTED_EDGE('',*,*,#3041,.T.);
#2001=ORIENTED_EDGE('',*,*,#3043,.T.);
#2002=ORIENTED_EDGE('',*,*,#2976,.T.);
#2003=ORIENTED_EDGE('',*,*,#2980,.T.);
#2004=ORIENTED_EDGE('',*,*,#2983,.T.);
#2005=ORIENTED_EDGE('',*,*,#2986,.T.);
#2006=ORIENTED_EDGE('',*,*,#2989,.T.);
#2007=ORIENTED_EDGE('',*,*,#3045,.T.);
#2008=ORIENTED_EDGE('',*,*,#2990,.F.);
#2009=ORIENTED_EDGE('',*,*,#3042,.F.);
#2010=ORIENTED_EDGE('',*,*,#3039,.F.);
#2011=ORIENTED_EDGE('',*,*,#3036,.F.);
#2012=ORIENTED_EDGE('',*,*,#3033,.F.);
#2013=ORIENTED_EDGE('',*,*,#3030,.F.);
#2014=ORIENTED_EDGE('',*,*,#3027,.F.);
#2015=ORIENTED_EDGE('',*,*,#3024,.F.);
#2016=ORIENTED_EDGE('',*,*,#3021,.F.);
#2017=ORIENTED_EDGE('',*,*,#3018,.F.);
#2018=ORIENTED_EDGE('',*,*,#3015,.F.);
#2019=ORIENTED_EDGE('',*,*,#3012,.F.);
#2020=ORIENTED_EDGE('',*,*,#3009,.F.);
#2021=ORIENTED_EDGE('',*,*,#3006,.F.);
#2022=ORIENTED_EDGE('',*,*,#3003,.F.);
#2023=ORIENTED_EDGE('',*,*,#3000,.F.);
#2024=ORIENTED_EDGE('',*,*,#2997,.F.);
#2025=ORIENTED_EDGE('',*,*,#2994,.F.);
#2026=ORIENTED_EDGE('',*,*,#2974,.F.);
#2027=ORIENTED_EDGE('',*,*,#3044,.F.);
#2028=ORIENTED_EDGE('',*,*,#2987,.F.);
#2029=ORIENTED_EDGE('',*,*,#2984,.F.);
#2030=ORIENTED_EDGE('',*,*,#2981,.F.);
#2031=ORIENTED_EDGE('',*,*,#2978,.F.);
#2032=ORIENTED_EDGE('',*,*,#3046,.T.);
#2033=ORIENTED_EDGE('',*,*,#3047,.F.);
#2034=ORIENTED_EDGE('',*,*,#3048,.F.);
#2035=ORIENTED_EDGE('',*,*,#3049,.T.);
#2036=ORIENTED_EDGE('',*,*,#3050,.T.);
#2037=ORIENTED_EDGE('',*,*,#3051,.F.);
#2038=ORIENTED_EDGE('',*,*,#3052,.F.);
#2039=ORIENTED_EDGE('',*,*,#3047,.T.);
#2040=ORIENTED_EDGE('',*,*,#3053,.T.);
#2041=ORIENTED_EDGE('',*,*,#3054,.F.);
#2042=ORIENTED_EDGE('',*,*,#3055,.F.);
#2043=ORIENTED_EDGE('',*,*,#3051,.T.);
#2044=ORIENTED_EDGE('',*,*,#3056,.T.);
#2045=ORIENTED_EDGE('',*,*,#3057,.F.);
#2046=ORIENTED_EDGE('',*,*,#3058,.F.);
#2047=ORIENTED_EDGE('',*,*,#3054,.T.);
#2048=ORIENTED_EDGE('',*,*,#3059,.T.);
#2049=ORIENTED_EDGE('',*,*,#3060,.F.);
#2050=ORIENTED_EDGE('',*,*,#3061,.F.);
#2051=ORIENTED_EDGE('',*,*,#3057,.T.);
#2052=ORIENTED_EDGE('',*,*,#3062,.T.);
#2053=ORIENTED_EDGE('',*,*,#3063,.F.);
#2054=ORIENTED_EDGE('',*,*,#3064,.F.);
#2055=ORIENTED_EDGE('',*,*,#3060,.T.);
#2056=ORIENTED_EDGE('',*,*,#3065,.T.);
#2057=ORIENTED_EDGE('',*,*,#3066,.F.);
#2058=ORIENTED_EDGE('',*,*,#3067,.F.);
#2059=ORIENTED_EDGE('',*,*,#3063,.T.);
#2060=ORIENTED_EDGE('',*,*,#3068,.T.);
#2061=ORIENTED_EDGE('',*,*,#3069,.F.);
#2062=ORIENTED_EDGE('',*,*,#3070,.F.);
#2063=ORIENTED_EDGE('',*,*,#3066,.T.);
#2064=ORIENTED_EDGE('',*,*,#3071,.T.);
#2065=ORIENTED_EDGE('',*,*,#3049,.F.);
#2066=ORIENTED_EDGE('',*,*,#3072,.F.);
#2067=ORIENTED_EDGE('',*,*,#3069,.T.);
#2068=ORIENTED_EDGE('',*,*,#3048,.T.);
#2069=ORIENTED_EDGE('',*,*,#3052,.T.);
#2070=ORIENTED_EDGE('',*,*,#3055,.T.);
#2071=ORIENTED_EDGE('',*,*,#3058,.T.);
#2072=ORIENTED_EDGE('',*,*,#3061,.T.);
#2073=ORIENTED_EDGE('',*,*,#3064,.T.);
#2074=ORIENTED_EDGE('',*,*,#3067,.T.);
#2075=ORIENTED_EDGE('',*,*,#3070,.T.);
#2076=ORIENTED_EDGE('',*,*,#3072,.T.);
#2077=ORIENTED_EDGE('',*,*,#3046,.F.);
#2078=ORIENTED_EDGE('',*,*,#3071,.F.);
#2079=ORIENTED_EDGE('',*,*,#3068,.F.);
#2080=ORIENTED_EDGE('',*,*,#3065,.F.);
#2081=ORIENTED_EDGE('',*,*,#3062,.F.);
#2082=ORIENTED_EDGE('',*,*,#3059,.F.);
#2083=ORIENTED_EDGE('',*,*,#3056,.F.);
#2084=ORIENTED_EDGE('',*,*,#3053,.F.);
#2085=ORIENTED_EDGE('',*,*,#3050,.F.);
#2086=ORIENTED_EDGE('',*,*,#3073,.T.);
#2087=ORIENTED_EDGE('',*,*,#3074,.F.);
#2088=ORIENTED_EDGE('',*,*,#3075,.F.);
#2089=ORIENTED_EDGE('',*,*,#3076,.T.);
#2090=ORIENTED_EDGE('',*,*,#3077,.T.);
#2091=ORIENTED_EDGE('',*,*,#3078,.F.);
#2092=ORIENTED_EDGE('',*,*,#3079,.F.);
#2093=ORIENTED_EDGE('',*,*,#3074,.T.);
#2094=ORIENTED_EDGE('',*,*,#3080,.T.);
#2095=ORIENTED_EDGE('',*,*,#3081,.F.);
#2096=ORIENTED_EDGE('',*,*,#3082,.F.);
#2097=ORIENTED_EDGE('',*,*,#3078,.T.);
#2098=ORIENTED_EDGE('',*,*,#3083,.T.);
#2099=ORIENTED_EDGE('',*,*,#3084,.F.);
#2100=ORIENTED_EDGE('',*,*,#3085,.F.);
#2101=ORIENTED_EDGE('',*,*,#3081,.T.);
#2102=ORIENTED_EDGE('',*,*,#3086,.T.);
#2103=ORIENTED_EDGE('',*,*,#3087,.F.);
#2104=ORIENTED_EDGE('',*,*,#3088,.F.);
#2105=ORIENTED_EDGE('',*,*,#3084,.T.);
#2106=ORIENTED_EDGE('',*,*,#3089,.T.);
#2107=ORIENTED_EDGE('',*,*,#3090,.F.);
#2108=ORIENTED_EDGE('',*,*,#3091,.F.);
#2109=ORIENTED_EDGE('',*,*,#3087,.T.);
#2110=ORIENTED_EDGE('',*,*,#3092,.T.);
#2111=ORIENTED_EDGE('',*,*,#3093,.F.);
#2112=ORIENTED_EDGE('',*,*,#3094,.F.);
#2113=ORIENTED_EDGE('',*,*,#3090,.T.);
#2114=ORIENTED_EDGE('',*,*,#3095,.T.);
#2115=ORIENTED_EDGE('',*,*,#3096,.F.);
#2116=ORIENTED_EDGE('',*,*,#3097,.F.);
#2117=ORIENTED_EDGE('',*,*,#3093,.T.);
#2118=ORIENTED_EDGE('',*,*,#3098,.T.);
#2119=ORIENTED_EDGE('',*,*,#3099,.F.);
#2120=ORIENTED_EDGE('',*,*,#3100,.F.);
#2121=ORIENTED_EDGE('',*,*,#3096,.T.);
#2122=ORIENTED_EDGE('',*,*,#3101,.T.);
#2123=ORIENTED_EDGE('',*,*,#3102,.F.);
#2124=ORIENTED_EDGE('',*,*,#3103,.F.);
#2125=ORIENTED_EDGE('',*,*,#3099,.T.);
#2126=ORIENTED_EDGE('',*,*,#3104,.T.);
#2127=ORIENTED_EDGE('',*,*,#3105,.F.);
#2128=ORIENTED_EDGE('',*,*,#3106,.F.);
#2129=ORIENTED_EDGE('',*,*,#3102,.T.);
#2130=ORIENTED_EDGE('',*,*,#3107,.T.);
#2131=ORIENTED_EDGE('',*,*,#3076,.F.);
#2132=ORIENTED_EDGE('',*,*,#3108,.F.);
#2133=ORIENTED_EDGE('',*,*,#3105,.T.);
#2134=ORIENTED_EDGE('',*,*,#3075,.T.);
#2135=ORIENTED_EDGE('',*,*,#3079,.T.);
#2136=ORIENTED_EDGE('',*,*,#3082,.T.);
#2137=ORIENTED_EDGE('',*,*,#3085,.T.);
#2138=ORIENTED_EDGE('',*,*,#3088,.T.);
#2139=ORIENTED_EDGE('',*,*,#3091,.T.);
#2140=ORIENTED_EDGE('',*,*,#3094,.T.);
#2141=ORIENTED_EDGE('',*,*,#3097,.T.);
#2142=ORIENTED_EDGE('',*,*,#3100,.T.);
#2143=ORIENTED_EDGE('',*,*,#3103,.T.);
#2144=ORIENTED_EDGE('',*,*,#3106,.T.);
#2145=ORIENTED_EDGE('',*,*,#3108,.T.);
#2146=ORIENTED_EDGE('',*,*,#3073,.F.);
#2147=ORIENTED_EDGE('',*,*,#3107,.F.);
#2148=ORIENTED_EDGE('',*,*,#3104,.F.);
#2149=ORIENTED_EDGE('',*,*,#3101,.F.);
#2150=ORIENTED_EDGE('',*,*,#3098,.F.);
#2151=ORIENTED_EDGE('',*,*,#3095,.F.);
#2152=ORIENTED_EDGE('',*,*,#3092,.F.);
#2153=ORIENTED_EDGE('',*,*,#3089,.F.);
#2154=ORIENTED_EDGE('',*,*,#3086,.F.);
#2155=ORIENTED_EDGE('',*,*,#3083,.F.);
#2156=ORIENTED_EDGE('',*,*,#3080,.F.);
#2157=ORIENTED_EDGE('',*,*,#3077,.F.);
#2158=ORIENTED_EDGE('',*,*,#3109,.T.);
#2159=ORIENTED_EDGE('',*,*,#3110,.F.);
#2160=ORIENTED_EDGE('',*,*,#3111,.F.);
#2161=ORIENTED_EDGE('',*,*,#3112,.T.);
#2162=ORIENTED_EDGE('',*,*,#3113,.T.);
#2163=ORIENTED_EDGE('',*,*,#3114,.F.);
#2164=ORIENTED_EDGE('',*,*,#3115,.F.);
#2165=ORIENTED_EDGE('',*,*,#3110,.T.);
#2166=ORIENTED_EDGE('',*,*,#3116,.T.);
#2167=ORIENTED_EDGE('',*,*,#3117,.F.);
#2168=ORIENTED_EDGE('',*,*,#3118,.F.);
#2169=ORIENTED_EDGE('',*,*,#3114,.T.);
#2170=ORIENTED_EDGE('',*,*,#3119,.T.);
#2171=ORIENTED_EDGE('',*,*,#3112,.F.);
#2172=ORIENTED_EDGE('',*,*,#3120,.F.);
#2173=ORIENTED_EDGE('',*,*,#3117,.T.);
#2174=ORIENTED_EDGE('',*,*,#3111,.T.);
#2175=ORIENTED_EDGE('',*,*,#3115,.T.);
#2176=ORIENTED_EDGE('',*,*,#3118,.T.);
#2177=ORIENTED_EDGE('',*,*,#3120,.T.);
#2178=ORIENTED_EDGE('',*,*,#3109,.F.);
#2179=ORIENTED_EDGE('',*,*,#3119,.F.);
#2180=ORIENTED_EDGE('',*,*,#3116,.F.);
#2181=ORIENTED_EDGE('',*,*,#3113,.F.);
#2182=ORIENTED_EDGE('',*,*,#3121,.T.);
#2183=ORIENTED_EDGE('',*,*,#3122,.F.);
#2184=ORIENTED_EDGE('',*,*,#3123,.F.);
#2185=ORIENTED_EDGE('',*,*,#3124,.T.);
#2186=ORIENTED_EDGE('',*,*,#3125,.T.);
#2187=ORIENTED_EDGE('',*,*,#3126,.F.);
#2188=ORIENTED_EDGE('',*,*,#3127,.F.);
#2189=ORIENTED_EDGE('',*,*,#3122,.T.);
#2190=ORIENTED_EDGE('',*,*,#3128,.T.);
#2191=ORIENTED_EDGE('',*,*,#3129,.F.);
#2192=ORIENTED_EDGE('',*,*,#3130,.F.);
#2193=ORIENTED_EDGE('',*,*,#3126,.T.);
#2194=ORIENTED_EDGE('',*,*,#3131,.T.);
#2195=ORIENTED_EDGE('',*,*,#3124,.F.);
#2196=ORIENTED_EDGE('',*,*,#3132,.F.);
#2197=ORIENTED_EDGE('',*,*,#3129,.T.);
#2198=ORIENTED_EDGE('',*,*,#3123,.T.);
#2199=ORIENTED_EDGE('',*,*,#3127,.T.);
#2200=ORIENTED_EDGE('',*,*,#3130,.T.);
#2201=ORIENTED_EDGE('',*,*,#3132,.T.);
#2202=ORIENTED_EDGE('',*,*,#3121,.F.);
#2203=ORIENTED_EDGE('',*,*,#3131,.F.);
#2204=ORIENTED_EDGE('',*,*,#3128,.F.);
#2205=ORIENTED_EDGE('',*,*,#3125,.F.);
#2206=ORIENTED_EDGE('',*,*,#3133,.T.);
#2207=ORIENTED_EDGE('',*,*,#3134,.F.);
#2208=ORIENTED_EDGE('',*,*,#3135,.F.);
#2209=ORIENTED_EDGE('',*,*,#3136,.T.);
#2210=ORIENTED_EDGE('',*,*,#3137,.T.);
#2211=ORIENTED_EDGE('',*,*,#3138,.F.);
#2212=ORIENTED_EDGE('',*,*,#3139,.F.);
#2213=ORIENTED_EDGE('',*,*,#3134,.T.);
#2214=ORIENTED_EDGE('',*,*,#3140,.T.);
#2215=ORIENTED_EDGE('',*,*,#3141,.F.);
#2216=ORIENTED_EDGE('',*,*,#3142,.F.);
#2217=ORIENTED_EDGE('',*,*,#3138,.T.);
#2218=ORIENTED_EDGE('',*,*,#3143,.T.);
#2219=ORIENTED_EDGE('',*,*,#3144,.F.);
#2220=ORIENTED_EDGE('',*,*,#3145,.F.);
#2221=ORIENTED_EDGE('',*,*,#3141,.T.);
#2222=ORIENTED_EDGE('',*,*,#3146,.T.);
#2223=ORIENTED_EDGE('',*,*,#3147,.F.);
#2224=ORIENTED_EDGE('',*,*,#3148,.F.);
#2225=ORIENTED_EDGE('',*,*,#3144,.T.);
#2226=ORIENTED_EDGE('',*,*,#3149,.T.);
#2227=ORIENTED_EDGE('',*,*,#3150,.F.);
#2228=ORIENTED_EDGE('',*,*,#3151,.F.);
#2229=ORIENTED_EDGE('',*,*,#3147,.T.);
#2230=ORIENTED_EDGE('',*,*,#3152,.T.);
#2231=ORIENTED_EDGE('',*,*,#3153,.F.);
#2232=ORIENTED_EDGE('',*,*,#3154,.F.);
#2233=ORIENTED_EDGE('',*,*,#3150,.T.);
#2234=ORIENTED_EDGE('',*,*,#3155,.T.);
#2235=ORIENTED_EDGE('',*,*,#3156,.F.);
#2236=ORIENTED_EDGE('',*,*,#3157,.F.);
#2237=ORIENTED_EDGE('',*,*,#3153,.T.);
#2238=ORIENTED_EDGE('',*,*,#3158,.T.);
#2239=ORIENTED_EDGE('',*,*,#3159,.F.);
#2240=ORIENTED_EDGE('',*,*,#3160,.F.);
#2241=ORIENTED_EDGE('',*,*,#3156,.T.);
#2242=ORIENTED_EDGE('',*,*,#3161,.T.);
#2243=ORIENTED_EDGE('',*,*,#3162,.F.);
#2244=ORIENTED_EDGE('',*,*,#3163,.F.);
#2245=ORIENTED_EDGE('',*,*,#3159,.T.);
#2246=ORIENTED_EDGE('',*,*,#3164,.T.);
#2247=ORIENTED_EDGE('',*,*,#3165,.F.);
#2248=ORIENTED_EDGE('',*,*,#3166,.F.);
#2249=ORIENTED_EDGE('',*,*,#3162,.T.);
#2250=ORIENTED_EDGE('',*,*,#3167,.T.);
#2251=ORIENTED_EDGE('',*,*,#3168,.F.);
#2252=ORIENTED_EDGE('',*,*,#3169,.F.);
#2253=ORIENTED_EDGE('',*,*,#3165,.T.);
#2254=ORIENTED_EDGE('',*,*,#3170,.T.);
#2255=ORIENTED_EDGE('',*,*,#3136,.F.);
#2256=ORIENTED_EDGE('',*,*,#3171,.F.);
#2257=ORIENTED_EDGE('',*,*,#3168,.T.);
#2258=ORIENTED_EDGE('',*,*,#3135,.T.);
#2259=ORIENTED_EDGE('',*,*,#3139,.T.);
#2260=ORIENTED_EDGE('',*,*,#3142,.T.);
#2261=ORIENTED_EDGE('',*,*,#3145,.T.);
#2262=ORIENTED_EDGE('',*,*,#3148,.T.);
#2263=ORIENTED_EDGE('',*,*,#3151,.T.);
#2264=ORIENTED_EDGE('',*,*,#3154,.T.);
#2265=ORIENTED_EDGE('',*,*,#3157,.T.);
#2266=ORIENTED_EDGE('',*,*,#3160,.T.);
#2267=ORIENTED_EDGE('',*,*,#3163,.T.);
#2268=ORIENTED_EDGE('',*,*,#3166,.T.);
#2269=ORIENTED_EDGE('',*,*,#3169,.T.);
#2270=ORIENTED_EDGE('',*,*,#3171,.T.);
#2271=ORIENTED_EDGE('',*,*,#3133,.F.);
#2272=ORIENTED_EDGE('',*,*,#3170,.F.);
#2273=ORIENTED_EDGE('',*,*,#3167,.F.);
#2274=ORIENTED_EDGE('',*,*,#3164,.F.);
#2275=ORIENTED_EDGE('',*,*,#3161,.F.);
#2276=ORIENTED_EDGE('',*,*,#3158,.F.);
#2277=ORIENTED_EDGE('',*,*,#3155,.F.);
#2278=ORIENTED_EDGE('',*,*,#3152,.F.);
#2279=ORIENTED_EDGE('',*,*,#3149,.F.);
#2280=ORIENTED_EDGE('',*,*,#3146,.F.);
#2281=ORIENTED_EDGE('',*,*,#3143,.F.);
#2282=ORIENTED_EDGE('',*,*,#3140,.F.);
#2283=ORIENTED_EDGE('',*,*,#3137,.F.);
#2284=ORIENTED_EDGE('',*,*,#3172,.T.);
#2285=ORIENTED_EDGE('',*,*,#3173,.F.);
#2286=ORIENTED_EDGE('',*,*,#3174,.F.);
#2287=ORIENTED_EDGE('',*,*,#3175,.F.);
#2288=ORIENTED_EDGE('',*,*,#3176,.T.);
#2289=ORIENTED_EDGE('',*,*,#3177,.F.);
#2290=ORIENTED_EDGE('',*,*,#3178,.F.);
#2291=ORIENTED_EDGE('',*,*,#3179,.T.);
#2292=ORIENTED_EDGE('',*,*,#3180,.T.);
#2293=ORIENTED_EDGE('',*,*,#3181,.F.);
#2294=ORIENTED_EDGE('',*,*,#3182,.F.);
#2295=ORIENTED_EDGE('',*,*,#3177,.T.);
#2296=ORIENTED_EDGE('',*,*,#3183,.T.);
#2297=ORIENTED_EDGE('',*,*,#3184,.F.);
#2298=ORIENTED_EDGE('',*,*,#3185,.F.);
#2299=ORIENTED_EDGE('',*,*,#3181,.T.);
#2300=ORIENTED_EDGE('',*,*,#3186,.T.);
#2301=ORIENTED_EDGE('',*,*,#3187,.F.);
#2302=ORIENTED_EDGE('',*,*,#3188,.F.);
#2303=ORIENTED_EDGE('',*,*,#3184,.T.);
#2304=ORIENTED_EDGE('',*,*,#3189,.T.);
#2305=ORIENTED_EDGE('',*,*,#3190,.F.);
#2306=ORIENTED_EDGE('',*,*,#3191,.F.);
#2307=ORIENTED_EDGE('',*,*,#3187,.T.);
#2308=ORIENTED_EDGE('',*,*,#3192,.T.);
#2309=ORIENTED_EDGE('',*,*,#3193,.F.);
#2310=ORIENTED_EDGE('',*,*,#3194,.F.);
#2311=ORIENTED_EDGE('',*,*,#3190,.T.);
#2312=ORIENTED_EDGE('',*,*,#3195,.T.);
#2313=ORIENTED_EDGE('',*,*,#3196,.F.);
#2314=ORIENTED_EDGE('',*,*,#3197,.F.);
#2315=ORIENTED_EDGE('',*,*,#3193,.T.);
#2316=ORIENTED_EDGE('',*,*,#3198,.T.);
#2317=ORIENTED_EDGE('',*,*,#3199,.F.);
#2318=ORIENTED_EDGE('',*,*,#3200,.F.);
#2319=ORIENTED_EDGE('',*,*,#3196,.T.);
#2320=ORIENTED_EDGE('',*,*,#3201,.T.);
#2321=ORIENTED_EDGE('',*,*,#3202,.F.);
#2322=ORIENTED_EDGE('',*,*,#3203,.F.);
#2323=ORIENTED_EDGE('',*,*,#3199,.T.);
#2324=ORIENTED_EDGE('',*,*,#3204,.T.);
#2325=ORIENTED_EDGE('',*,*,#3179,.F.);
#2326=ORIENTED_EDGE('',*,*,#3205,.F.);
#2327=ORIENTED_EDGE('',*,*,#3202,.T.);
#2328=ORIENTED_EDGE('',*,*,#3206,.T.);
#2329=ORIENTED_EDGE('',*,*,#3175,.T.);
#2330=ORIENTED_EDGE('',*,*,#3207,.F.);
#2331=ORIENTED_EDGE('',*,*,#3173,.T.);
#2332=ORIENTED_EDGE('',*,*,#3178,.T.);
#2333=ORIENTED_EDGE('',*,*,#3182,.T.);
#2334=ORIENTED_EDGE('',*,*,#3185,.T.);
#2335=ORIENTED_EDGE('',*,*,#3188,.T.);
#2336=ORIENTED_EDGE('',*,*,#3191,.T.);
#2337=ORIENTED_EDGE('',*,*,#3194,.T.);
#2338=ORIENTED_EDGE('',*,*,#3197,.T.);
#2339=ORIENTED_EDGE('',*,*,#3200,.T.);
#2340=ORIENTED_EDGE('',*,*,#3203,.T.);
#2341=ORIENTED_EDGE('',*,*,#3205,.T.);
#2342=ORIENTED_EDGE('',*,*,#3174,.T.);
#2343=ORIENTED_EDGE('',*,*,#3207,.T.);
#2344=ORIENTED_EDGE('',*,*,#3176,.F.);
#2345=ORIENTED_EDGE('',*,*,#3204,.F.);
#2346=ORIENTED_EDGE('',*,*,#3201,.F.);
#2347=ORIENTED_EDGE('',*,*,#3198,.F.);
#2348=ORIENTED_EDGE('',*,*,#3195,.F.);
#2349=ORIENTED_EDGE('',*,*,#3192,.F.);
#2350=ORIENTED_EDGE('',*,*,#3189,.F.);
#2351=ORIENTED_EDGE('',*,*,#3186,.F.);
#2352=ORIENTED_EDGE('',*,*,#3183,.F.);
#2353=ORIENTED_EDGE('',*,*,#3180,.F.);
#2354=ORIENTED_EDGE('',*,*,#3172,.F.);
#2355=ORIENTED_EDGE('',*,*,#3206,.F.);
#2356=VERTEX_POINT('',#4692);
#2357=VERTEX_POINT('',#4693);
#2358=VERTEX_POINT('',#4695);
#2359=VERTEX_POINT('',#4697);
#2360=VERTEX_POINT('',#4701);
#2361=VERTEX_POINT('',#4703);
#2362=VERTEX_POINT('',#4707);
#2363=VERTEX_POINT('',#4709);
#2364=VERTEX_POINT('',#4713);
#2365=VERTEX_POINT('',#4715);
#2366=VERTEX_POINT('',#4719);
#2367=VERTEX_POINT('',#4721);
#2368=VERTEX_POINT('',#4725);
#2369=VERTEX_POINT('',#4727);
#2370=VERTEX_POINT('',#4731);
#2371=VERTEX_POINT('',#4733);
#2372=VERTEX_POINT('',#4737);
#2373=VERTEX_POINT('',#4739);
#2374=VERTEX_POINT('',#4743);
#2375=VERTEX_POINT('',#4745);
#2376=VERTEX_POINT('',#4749);
#2377=VERTEX_POINT('',#4751);
#2378=VERTEX_POINT('',#4755);
#2379=VERTEX_POINT('',#4757);
#2380=VERTEX_POINT('',#4761);
#2381=VERTEX_POINT('',#4763);
#2382=VERTEX_POINT('',#4767);
#2383=VERTEX_POINT('',#4769);
#2384=VERTEX_POINT('',#4773);
#2385=VERTEX_POINT('',#4775);
#2386=VERTEX_POINT('',#4779);
#2387=VERTEX_POINT('',#4781);
#2388=VERTEX_POINT('',#4822);
#2389=VERTEX_POINT('',#4825);
#2390=VERTEX_POINT('',#4828);
#2391=VERTEX_POINT('',#4866);
#2392=VERTEX_POINT('',#4938);
#2393=VERTEX_POINT('',#4939);
#2394=VERTEX_POINT('',#5072);
#2395=VERTEX_POINT('',#5075);
#2396=VERTEX_POINT('',#5474);
#2397=VERTEX_POINT('',#5475);
#2398=VERTEX_POINT('',#5613);
#2399=VERTEX_POINT('',#5882);
#2400=VERTEX_POINT('',#6547);
#2401=VERTEX_POINT('',#6548);
#2402=VERTEX_POINT('',#6550);
#2403=VERTEX_POINT('',#6552);
#2404=VERTEX_POINT('',#6556);
#2405=VERTEX_POINT('',#6557);
#2406=VERTEX_POINT('',#6559);
#2407=VERTEX_POINT('',#6561);
#2408=VERTEX_POINT('',#6563);
#2409=VERTEX_POINT('',#6565);
#2410=VERTEX_POINT('',#6567);
#2411=VERTEX_POINT('',#6569);
#2412=VERTEX_POINT('',#6571);
#2413=VERTEX_POINT('',#6573);
#2414=VERTEX_POINT('',#6576);
#2415=VERTEX_POINT('',#6578);
#2416=VERTEX_POINT('',#6580);
#2417=VERTEX_POINT('',#6582);
#2418=VERTEX_POINT('',#6586);
#2419=VERTEX_POINT('',#6587);
#2420=VERTEX_POINT('',#6589);
#2421=VERTEX_POINT('',#6591);
#2422=VERTEX_POINT('',#6593);
#2423=VERTEX_POINT('',#6595);
#2424=VERTEX_POINT('',#6597);
#2425=VERTEX_POINT('',#6599);
#2426=VERTEX_POINT('',#6602);
#2427=VERTEX_POINT('',#6604);
#2428=VERTEX_POINT('',#6606);
#2429=VERTEX_POINT('',#6608);
#2430=VERTEX_POINT('',#6610);
#2431=VERTEX_POINT('',#6612);
#2432=VERTEX_POINT('',#6645);
#2433=VERTEX_POINT('',#6646);
#2434=VERTEX_POINT('',#6648);
#2435=VERTEX_POINT('',#6650);
#2436=VERTEX_POINT('',#6654);
#2437=VERTEX_POINT('',#6655);
#2438=VERTEX_POINT('',#6657);
#2439=VERTEX_POINT('',#6659);
#2440=VERTEX_POINT('',#6663);
#2441=VERTEX_POINT('',#6664);
#2442=VERTEX_POINT('',#6666);
#2443=VERTEX_POINT('',#6668);
#2444=VERTEX_POINT('',#6670);
#2445=VERTEX_POINT('',#6672);
#2446=VERTEX_POINT('',#6674);
#2447=VERTEX_POINT('',#6676);
#2448=VERTEX_POINT('',#6678);
#2449=VERTEX_POINT('',#6680);
#2450=VERTEX_POINT('',#6684);
#2451=VERTEX_POINT('',#6686);
#2452=VERTEX_POINT('',#6690);
#2453=VERTEX_POINT('',#6691);
#2454=VERTEX_POINT('',#6696);
#2455=VERTEX_POINT('',#6697);
#2456=VERTEX_POINT('',#6699);
#2457=VERTEX_POINT('',#6701);
#2458=VERTEX_POINT('',#6703);
#2459=VERTEX_POINT('',#6705);
#2460=VERTEX_POINT('',#6710);
#2461=VERTEX_POINT('',#6712);
#2462=VERTEX_POINT('',#6714);
#2463=VERTEX_POINT('',#6716);
#2464=VERTEX_POINT('',#6743);
#2465=VERTEX_POINT('',#6744);
#2466=VERTEX_POINT('',#6746);
#2467=VERTEX_POINT('',#6748);
#2468=VERTEX_POINT('',#6750);
#2469=VERTEX_POINT('',#6752);
#2470=VERTEX_POINT('',#6754);
#2471=VERTEX_POINT('',#6756);
#2472=VERTEX_POINT('',#6759);
#2473=VERTEX_POINT('',#6760);
#2474=VERTEX_POINT('',#6762);
#2475=VERTEX_POINT('',#6764);
#2476=VERTEX_POINT('',#6766);
#2477=VERTEX_POINT('',#6768);
#2478=VERTEX_POINT('',#6770);
#2479=VERTEX_POINT('',#6772);
#2480=VERTEX_POINT('',#6774);
#2481=VERTEX_POINT('',#6776);
#2482=VERTEX_POINT('',#6778);
#2483=VERTEX_POINT('',#6780);
#2484=VERTEX_POINT('',#6782);
#2485=VERTEX_POINT('',#6784);
#2486=VERTEX_POINT('',#6786);
#2487=VERTEX_POINT('',#6788);
#2488=VERTEX_POINT('',#6792);
#2489=VERTEX_POINT('',#6794);
#2490=VERTEX_POINT('',#6798);
#2491=VERTEX_POINT('',#6802);
#2492=VERTEX_POINT('',#6806);
#2493=VERTEX_POINT('',#6810);
#2494=VERTEX_POINT('',#6814);
#2495=VERTEX_POINT('',#6818);
#2496=VERTEX_POINT('',#6825);
#2497=VERTEX_POINT('',#6826);
#2498=VERTEX_POINT('',#6831);
#2499=VERTEX_POINT('',#6835);
#2500=VERTEX_POINT('',#6839);
#2501=VERTEX_POINT('',#6843);
#2502=VERTEX_POINT('',#6847);
#2503=VERTEX_POINT('',#6851);
#2504=VERTEX_POINT('',#6855);
#2505=VERTEX_POINT('',#6859);
#2506=VERTEX_POINT('',#6863);
#2507=VERTEX_POINT('',#6867);
#2508=VERTEX_POINT('',#6871);
#2509=VERTEX_POINT('',#6875);
#2510=VERTEX_POINT('',#6879);
#2511=VERTEX_POINT('',#6883);
#2512=VERTEX_POINT('',#6889);
#2513=VERTEX_POINT('',#6892);
#2514=VERTEX_POINT('',#6899);
#2515=VERTEX_POINT('',#6900);
#2516=VERTEX_POINT('',#6902);
#2517=VERTEX_POINT('',#6907);
#2518=VERTEX_POINT('',#6914);
#2519=VERTEX_POINT('',#6916);
#2520=VERTEX_POINT('',#6926);
#2521=VERTEX_POINT('',#6928);
#2522=VERTEX_POINT('',#6938);
#2523=VERTEX_POINT('',#6940);
#2524=VERTEX_POINT('',#6950);
#2525=VERTEX_POINT('',#6952);
#2526=VERTEX_POINT('',#6962);
#2527=VERTEX_POINT('',#6964);
#2528=VERTEX_POINT('',#6974);
#2529=VERTEX_POINT('',#6976);
#2530=VERTEX_POINT('',#6986);
#2531=VERTEX_POINT('',#6988);
#2532=VERTEX_POINT('',#6998);
#2533=VERTEX_POINT('',#7000);
#2534=VERTEX_POINT('',#7010);
#2535=VERTEX_POINT('',#7012);
#2536=VERTEX_POINT('',#7022);
#2537=VERTEX_POINT('',#7024);
#2538=VERTEX_POINT('',#7034);
#2539=VERTEX_POINT('',#7036);
#2540=VERTEX_POINT('',#7051);
#2541=VERTEX_POINT('',#7053);
#2542=VERTEX_POINT('',#7081);
#2543=VERTEX_POINT('',#7082);
#2544=VERTEX_POINT('',#7084);
#2545=VERTEX_POINT('',#7089);
#2546=VERTEX_POINT('',#7101);
#2547=VERTEX_POINT('',#7103);
#2548=VERTEX_POINT('',#7124);
#2549=VERTEX_POINT('',#7126);
#2550=VERTEX_POINT('',#7149);
#2551=VERTEX_POINT('',#7151);
#2552=VERTEX_POINT('',#7168);
#2553=VERTEX_POINT('',#7170);
#2554=VERTEX_POINT('',#7183);
#2555=VERTEX_POINT('',#7184);
#2556=VERTEX_POINT('',#7186);
#2557=VERTEX_POINT('',#7191);
#2558=VERTEX_POINT('',#7201);
#2559=VERTEX_POINT('',#7203);
#2560=VERTEX_POINT('',#7216);
#2561=VERTEX_POINT('',#7218);
#2562=VERTEX_POINT('',#7228);
#2563=VERTEX_POINT('',#7230);
#2564=VERTEX_POINT('',#7247);
#2565=VERTEX_POINT('',#7249);
#2566=VERTEX_POINT('',#7270);
#2567=VERTEX_POINT('',#7272);
#2568=VERTEX_POINT('',#7285);
#2569=VERTEX_POINT('',#7287);
#2570=VERTEX_POINT('',#7302);
#2571=VERTEX_POINT('',#7304);
#2572=VERTEX_POINT('',#7321);
#2573=VERTEX_POINT('',#7323);
#2574=VERTEX_POINT('',#7336);
#2575=VERTEX_POINT('',#7338);
#2576=VERTEX_POINT('',#7351);
#2577=VERTEX_POINT('',#7353);
#2578=VERTEX_POINT('',#7367);
#2579=VERTEX_POINT('',#7369);
#2580=VERTEX_POINT('',#7392);
#2581=VERTEX_POINT('',#7394);
#2582=VERTEX_POINT('',#7411);
#2583=VERTEX_POINT('',#7413);
#2584=VERTEX_POINT('',#7426);
#2585=VERTEX_POINT('',#7428);
#2586=VERTEX_POINT('',#7441);
#2587=VERTEX_POINT('',#7443);
#2588=VERTEX_POINT('',#7456);
#2589=VERTEX_POINT('',#7458);
#2590=VERTEX_POINT('',#7515);
#2591=VERTEX_POINT('',#7516);
#2592=VERTEX_POINT('',#7518);
#2593=VERTEX_POINT('',#7523);
#2594=VERTEX_POINT('',#7530);
#2595=VERTEX_POINT('',#7532);
#2596=VERTEX_POINT('',#7544);
#2597=VERTEX_POINT('',#7546);
#2598=VERTEX_POINT('',#7563);
#2599=VERTEX_POINT('',#7565);
#2600=VERTEX_POINT('',#7580);
#2601=VERTEX_POINT('',#7582);
#2602=VERTEX_POINT('',#7599);
#2603=VERTEX_POINT('',#7601);
#2604=VERTEX_POINT('',#7615);
#2605=VERTEX_POINT('',#7617);
#2606=VERTEX_POINT('',#7638);
#2607=VERTEX_POINT('',#7640);
#2608=VERTEX_POINT('',#7661);
#2609=VERTEX_POINT('',#7662);
#2610=VERTEX_POINT('',#7664);
#2611=VERTEX_POINT('',#7669);
#2612=VERTEX_POINT('',#7676);
#2613=VERTEX_POINT('',#7678);
#2614=VERTEX_POINT('',#7688);
#2615=VERTEX_POINT('',#7690);
#2616=VERTEX_POINT('',#7700);
#2617=VERTEX_POINT('',#7702);
#2618=VERTEX_POINT('',#7712);
#2619=VERTEX_POINT('',#7714);
#2620=VERTEX_POINT('',#7724);
#2621=VERTEX_POINT('',#7726);
#2622=VERTEX_POINT('',#7736);
#2623=VERTEX_POINT('',#7738);
#2624=VERTEX_POINT('',#7748);
#2625=VERTEX_POINT('',#7750);
#2626=VERTEX_POINT('',#7760);
#2627=VERTEX_POINT('',#7762);
#2628=VERTEX_POINT('',#7772);
#2629=VERTEX_POINT('',#7774);
#2630=VERTEX_POINT('',#7784);
#2631=VERTEX_POINT('',#7786);
#2632=VERTEX_POINT('',#7807);
#2633=VERTEX_POINT('',#7808);
#2634=VERTEX_POINT('',#7810);
#2635=VERTEX_POINT('',#7815);
#2636=VERTEX_POINT('',#7822);
#2637=VERTEX_POINT('',#7824);
#2638=VERTEX_POINT('',#7834);
#2639=VERTEX_POINT('',#7836);
#2640=VERTEX_POINT('',#7857);
#2641=VERTEX_POINT('',#7858);
#2642=VERTEX_POINT('',#7860);
#2643=VERTEX_POINT('',#7865);
#2644=VERTEX_POINT('',#7872);
#2645=VERTEX_POINT('',#7874);
#2646=VERTEX_POINT('',#7884);
#2647=VERTEX_POINT('',#7886);
#2648=VERTEX_POINT('',#7907);
#2649=VERTEX_POINT('',#7908);
#2650=VERTEX_POINT('',#7910);
#2651=VERTEX_POINT('',#7915);
#2652=VERTEX_POINT('',#7922);
#2653=VERTEX_POINT('',#7924);
#2654=VERTEX_POINT('',#7936);
#2655=VERTEX_POINT('',#7938);
#2656=VERTEX_POINT('',#7957);
#2657=VERTEX_POINT('',#7959);
#2658=VERTEX_POINT('',#7976);
#2659=VERTEX_POINT('',#7978);
#2660=VERTEX_POINT('',#7993);
#2661=VERTEX_POINT('',#7995);
#2662=VERTEX_POINT('',#8012);
#2663=VERTEX_POINT('',#8014);
#2664=VERTEX_POINT('',#8026);
#2665=VERTEX_POINT('',#8028);
#2666=VERTEX_POINT('',#8045);
#2667=VERTEX_POINT('',#8047);
#2668=VERTEX_POINT('',#8060);
#2669=VERTEX_POINT('',#8062);
#2670=VERTEX_POINT('',#8077);
#2671=VERTEX_POINT('',#8079);
#2672=VERTEX_POINT('',#8096);
#2673=VERTEX_POINT('',#8098);
#2674=VERTEX_POINT('',#8125);
#2675=VERTEX_POINT('',#8126);
#2676=VERTEX_POINT('',#8128);
#2677=VERTEX_POINT('',#8139);
#2678=VERTEX_POINT('',#8155);
#2679=VERTEX_POINT('',#8156);
#2680=VERTEX_POINT('',#8158);
#2681=VERTEX_POINT('',#8163);
#2682=VERTEX_POINT('',#8174);
#2683=VERTEX_POINT('',#8176);
#2684=VERTEX_POINT('',#8201);
#2685=VERTEX_POINT('',#8203);
#2686=VERTEX_POINT('',#8224);
#2687=VERTEX_POINT('',#8226);
#2688=VERTEX_POINT('',#8236);
#2689=VERTEX_POINT('',#8238);
#2690=VERTEX_POINT('',#8252);
#2691=VERTEX_POINT('',#8254);
#2692=VERTEX_POINT('',#8281);
#2693=VERTEX_POINT('',#8283);
#2694=VERTEX_POINT('',#8308);
#2695=VERTEX_POINT('',#8310);
#2696=VERTEX_POINT('',#8327);
#2697=VERTEX_POINT('',#8329);
#2698=EDGE_CURVE('',#2356,#2357,#3208,.T.);
#2699=EDGE_CURVE('',#2358,#2357,#3209,.T.);
#2700=EDGE_CURVE('',#2359,#2358,#3210,.T.);
#2701=EDGE_CURVE('',#2359,#2356,#3211,.T.);
#2702=EDGE_CURVE('',#2357,#2360,#556,.T.);
#2703=EDGE_CURVE('',#2361,#2360,#3212,.T.);
#2704=EDGE_CURVE('',#2358,#2361,#557,.T.);
#2705=EDGE_CURVE('',#2360,#2362,#3213,.T.);
#2706=EDGE_CURVE('',#2363,#2362,#3214,.T.);
#2707=EDGE_CURVE('',#2361,#2363,#3215,.T.);
#2708=EDGE_CURVE('',#2362,#2364,#558,.T.);
#2709=EDGE_CURVE('',#2365,#2364,#3216,.T.);
#2710=EDGE_CURVE('',#2363,#2365,#559,.T.);
#2711=EDGE_CURVE('',#2364,#2366,#3217,.T.);
#2712=EDGE_CURVE('',#2367,#2366,#3218,.T.);
#2713=EDGE_CURVE('',#2365,#2367,#3219,.T.);
#2714=EDGE_CURVE('',#2366,#2368,#3220,.T.);
#2715=EDGE_CURVE('',#2369,#2368,#3221,.T.);
#2716=EDGE_CURVE('',#2367,#2369,#3222,.T.);
#2717=EDGE_CURVE('',#2368,#2370,#3223,.T.);
#2718=EDGE_CURVE('',#2371,#2370,#3224,.T.);
#2719=EDGE_CURVE('',#2369,#2371,#3225,.T.);
#2720=EDGE_CURVE('',#2370,#2372,#3226,.T.);
#2721=EDGE_CURVE('',#2373,#2372,#3227,.T.);
#2722=EDGE_CURVE('',#2371,#2373,#3228,.T.);
#2723=EDGE_CURVE('',#2372,#2374,#3229,.T.);
#2724=EDGE_CURVE('',#2375,#2374,#3230,.T.);
#2725=EDGE_CURVE('',#2373,#2375,#3231,.T.);
#2726=EDGE_CURVE('',#2374,#2376,#560,.T.);
#2727=EDGE_CURVE('',#2377,#2376,#3232,.T.);
#2728=EDGE_CURVE('',#2375,#2377,#561,.T.);
#2729=EDGE_CURVE('',#2376,#2378,#3233,.T.);
#2730=EDGE_CURVE('',#2379,#2378,#3234,.T.);
#2731=EDGE_CURVE('',#2377,#2379,#3235,.T.);
#2732=EDGE_CURVE('',#2378,#2380,#562,.T.);
#2733=EDGE_CURVE('',#2381,#2380,#3236,.T.);
#2734=EDGE_CURVE('',#2379,#2381,#563,.T.);
#2735=EDGE_CURVE('',#2380,#2382,#3237,.T.);
#2736=EDGE_CURVE('',#2383,#2382,#3238,.T.);
#2737=EDGE_CURVE('',#2381,#2383,#3239,.T.);
#2738=EDGE_CURVE('',#2382,#2384,#3240,.T.);
#2739=EDGE_CURVE('',#2385,#2384,#3241,.T.);
#2740=EDGE_CURVE('',#2383,#2385,#3242,.T.);
#2741=EDGE_CURVE('',#2384,#2386,#3243,.T.);
#2742=EDGE_CURVE('',#2387,#2386,#3244,.T.);
#2743=EDGE_CURVE('',#2385,#2387,#3245,.T.);
#2744=EDGE_CURVE('',#2386,#2356,#3246,.T.);
#2745=EDGE_CURVE('',#2387,#2359,#3247,.T.);
#2746=EDGE_CURVE('',#2388,#2388,#305,.T.);
#2747=EDGE_CURVE('',#2389,#2389,#564,.T.);
#2748=EDGE_CURVE('',#2390,#2390,#565,.T.);
#2749=EDGE_CURVE('',#2391,#2391,#306,.T.);
#2750=EDGE_CURVE('',#2392,#2393,#307,.T.);
#2751=EDGE_CURVE('',#2393,#2394,#308,.T.);
#2752=EDGE_CURVE('',#2394,#2395,#309,.T.);
#2753=EDGE_CURVE('',#2395,#2392,#310,.T.);
#2754=EDGE_CURVE('',#2396,#2397,#311,.T.);
#2755=EDGE_CURVE('',#2393,#2396,#312,.T.);
#2756=EDGE_CURVE('',#2397,#2392,#313,.T.);
#2757=EDGE_CURVE('',#2396,#2398,#314,.T.);
#2758=EDGE_CURVE('',#2398,#2394,#315,.T.);
#2759=EDGE_CURVE('',#2399,#2398,#316,.T.);
#2760=EDGE_CURVE('',#2395,#2399,#317,.T.);
#2761=EDGE_CURVE('',#2397,#2399,#318,.T.);
#2762=EDGE_CURVE('',#2400,#2401,#3248,.T.);
#2763=EDGE_CURVE('',#2400,#2402,#3249,.T.);
#2764=EDGE_CURVE('',#2402,#2403,#3250,.T.);
#2765=EDGE_CURVE('',#2401,#2403,#3251,.T.);
#2766=EDGE_CURVE('',#2404,#2405,#3252,.T.);
#2767=EDGE_CURVE('',#2404,#2406,#566,.T.);
#2768=EDGE_CURVE('',#2406,#2407,#3253,.T.);
#2769=EDGE_CURVE('',#2408,#2407,#3254,.T.);
#2770=EDGE_CURVE('',#2408,#2409,#3255,.T.);
#2771=EDGE_CURVE('',#2409,#2410,#567,.T.);
#2772=EDGE_CURVE('',#2410,#2411,#3256,.T.);
#2773=EDGE_CURVE('',#2411,#2412,#568,.T.);
#2774=EDGE_CURVE('',#2412,#2413,#3257,.T.);
#2775=EDGE_CURVE('',#2413,#2400,#569,.T.);
#2776=EDGE_CURVE('',#2414,#2401,#3258,.T.);
#2777=EDGE_CURVE('',#2415,#2414,#3259,.T.);
#2778=EDGE_CURVE('',#2415,#2416,#570,.T.);
#2779=EDGE_CURVE('',#2416,#2417,#3260,.T.);
#2780=EDGE_CURVE('',#2417,#2405,#571,.T.);
#2781=EDGE_CURVE('',#2418,#2419,#3261,.T.);
#2782=EDGE_CURVE('',#2419,#2420,#572,.T.);
#2783=EDGE_CURVE('',#2421,#2420,#3262,.T.);
#2784=EDGE_CURVE('',#2421,#2422,#573,.T.);
#2785=EDGE_CURVE('',#2422,#2423,#3263,.T.);
#2786=EDGE_CURVE('',#2423,#2424,#574,.T.);
#2787=EDGE_CURVE('',#2424,#2425,#3264,.T.);
#2788=EDGE_CURVE('',#2403,#2425,#3265,.T.);
#2789=EDGE_CURVE('',#2402,#2426,#575,.T.);
#2790=EDGE_CURVE('',#2427,#2426,#3266,.T.);
#2791=EDGE_CURVE('',#2427,#2428,#576,.T.);
#2792=EDGE_CURVE('',#2429,#2428,#3267,.T.);
#2793=EDGE_CURVE('',#2429,#2430,#577,.T.);
#2794=EDGE_CURVE('',#2431,#2430,#3268,.T.);
#2795=EDGE_CURVE('',#2418,#2431,#3269,.T.);
#2796=EDGE_CURVE('',#2424,#2415,#3270,.T.);
#2797=EDGE_CURVE('',#2425,#2414,#3271,.T.);
#2798=EDGE_CURVE('',#2422,#2417,#3272,.T.);
#2799=EDGE_CURVE('',#2416,#2423,#3273,.T.);
#2800=EDGE_CURVE('',#2426,#2413,#3274,.T.);
#2801=EDGE_CURVE('',#2412,#2427,#3275,.T.);
#2802=EDGE_CURVE('',#2420,#2404,#3276,.T.);
#2803=EDGE_CURVE('',#2405,#2421,#3277,.T.);
#2804=EDGE_CURVE('',#2428,#2411,#3278,.T.);
#2805=EDGE_CURVE('',#2410,#2429,#3279,.T.);
#2806=EDGE_CURVE('',#2406,#2419,#3280,.T.);
#2807=EDGE_CURVE('',#2407,#2418,#3281,.T.);
#2808=EDGE_CURVE('',#2430,#2409,#3282,.T.);
#2809=EDGE_CURVE('',#2431,#2408,#3283,.T.);
#2810=EDGE_CURVE('',#2432,#2433,#3284,.T.);
#2811=EDGE_CURVE('',#2433,#2434,#3285,.T.);
#2812=EDGE_CURVE('',#2435,#2434,#3286,.T.);
#2813=EDGE_CURVE('',#2435,#2432,#3287,.T.);
#2814=EDGE_CURVE('',#2436,#2437,#3288,.T.);
#2815=EDGE_CURVE('',#2437,#2438,#3289,.T.);
#2816=EDGE_CURVE('',#2439,#2438,#3290,.T.);
#2817=EDGE_CURVE('',#2439,#2436,#3291,.T.);
#2818=EDGE_CURVE('',#2440,#2441,#3292,.T.);
#2819=EDGE_CURVE('',#2441,#2442,#578,.T.);
#2820=EDGE_CURVE('',#2442,#2443,#3293,.T.);
#2821=EDGE_CURVE('',#2443,#2444,#579,.T.);
#2822=EDGE_CURVE('',#2445,#2444,#3294,.T.);
#2823=EDGE_CURVE('',#2445,#2446,#580,.T.);
#2824=EDGE_CURVE('',#2446,#2447,#3295,.T.);
#2825=EDGE_CURVE('',#2447,#2448,#3296,.T.);
#2826=EDGE_CURVE('',#2449,#2448,#3297,.T.);
#2827=EDGE_CURVE('',#2449,#2437,#581,.T.);
#2828=EDGE_CURVE('',#2436,#2433,#582,.T.);
#2829=EDGE_CURVE('',#2432,#2450,#583,.T.);
#2830=EDGE_CURVE('',#2451,#2450,#3298,.T.);
#2831=EDGE_CURVE('',#2451,#2440,#3299,.T.);
#2832=EDGE_CURVE('',#2452,#2453,#3300,.T.);
#2833=EDGE_CURVE('',#2452,#2449,#3301,.T.);
#2834=EDGE_CURVE('',#2448,#2453,#3302,.T.);
#2835=EDGE_CURVE('',#2454,#2455,#3303,.T.);
#2836=EDGE_CURVE('',#2455,#2456,#584,.T.);
#2837=EDGE_CURVE('',#2456,#2457,#3304,.T.);
#2838=EDGE_CURVE('',#2457,#2458,#3305,.T.);
#2839=EDGE_CURVE('',#2458,#2459,#3306,.T.);
#2840=EDGE_CURVE('',#2459,#2435,#585,.T.);
#2841=EDGE_CURVE('',#2434,#2439,#586,.T.);
#2842=EDGE_CURVE('',#2438,#2452,#587,.T.);
#2843=EDGE_CURVE('',#2453,#2460,#3307,.T.);
#2844=EDGE_CURVE('',#2461,#2460,#3308,.T.);
#2845=EDGE_CURVE('',#2461,#2462,#588,.T.);
#2846=EDGE_CURVE('',#2463,#2462,#3309,.T.);
#2847=EDGE_CURVE('',#2463,#2454,#589,.T.);
#2848=EDGE_CURVE('',#2446,#2461,#3310,.T.);
#2849=EDGE_CURVE('',#2460,#2447,#3311,.T.);
#2850=EDGE_CURVE('',#2462,#2445,#3312,.T.);
#2851=EDGE_CURVE('',#2444,#2463,#3313,.T.);
#2852=EDGE_CURVE('',#2442,#2455,#3314,.T.);
#2853=EDGE_CURVE('',#2454,#2443,#3315,.T.);
#2854=EDGE_CURVE('',#2456,#2441,#3316,.T.);
#2855=EDGE_CURVE('',#2440,#2457,#3317,.T.);
#2856=EDGE_CURVE('',#2450,#2459,#3318,.T.);
#2857=EDGE_CURVE('',#2458,#2451,#3319,.T.);
#2858=EDGE_CURVE('',#2464,#2465,#3320,.T.);
#2859=EDGE_CURVE('',#2465,#2466,#590,.T.);
#2860=EDGE_CURVE('',#2466,#2467,#3321,.T.);
#2861=EDGE_CURVE('',#2467,#2468,#591,.T.);
#2862=EDGE_CURVE('',#2468,#2469,#3322,.T.);
#2863=EDGE_CURVE('',#2469,#2470,#592,.T.);
#2864=EDGE_CURVE('',#2470,#2471,#3323,.T.);
#2865=EDGE_CURVE('',#2471,#2464,#593,.T.);
#2866=EDGE_CURVE('',#2472,#2473,#594,.T.);
#2867=EDGE_CURVE('',#2474,#2472,#3324,.T.);
#2868=EDGE_CURVE('',#2475,#2474,#3325,.T.);
#2869=EDGE_CURVE('',#2476,#2475,#3326,.T.);
#2870=EDGE_CURVE('',#2477,#2476,#3327,.T.);
#2871=EDGE_CURVE('',#2478,#2477,#3328,.T.);
#2872=EDGE_CURVE('',#2479,#2478,#595,.T.);
#2873=EDGE_CURVE('',#2480,#2479,#3329,.T.);
#2874=EDGE_CURVE('',#2481,#2480,#596,.T.);
#2875=EDGE_CURVE('',#2482,#2481,#3330,.T.);
#2876=EDGE_CURVE('',#2483,#2482,#3331,.T.);
#2877=EDGE_CURVE('',#2484,#2483,#3332,.T.);
#2878=EDGE_CURVE('',#2485,#2484,#3333,.T.);
#2879=EDGE_CURVE('',#2486,#2485,#3334,.T.);
#2880=EDGE_CURVE('',#2487,#2486,#597,.T.);
#2881=EDGE_CURVE('',#2473,#2487,#3335,.T.);
#2882=EDGE_CURVE('',#2488,#2464,#3336,.T.);
#2883=EDGE_CURVE('',#2488,#2489,#3337,.T.);
#2884=EDGE_CURVE('',#2489,#2465,#3338,.T.);
#2885=EDGE_CURVE('',#2489,#2490,#598,.T.);
#2886=EDGE_CURVE('',#2490,#2466,#3339,.T.);
#2887=EDGE_CURVE('',#2490,#2491,#3340,.T.);
#2888=EDGE_CURVE('',#2491,#2467,#3341,.T.);
#2889=EDGE_CURVE('',#2491,#2492,#599,.T.);
#2890=EDGE_CURVE('',#2492,#2468,#3342,.T.);
#2891=EDGE_CURVE('',#2492,#2493,#3343,.T.);
#2892=EDGE_CURVE('',#2493,#2469,#3344,.T.);
#2893=EDGE_CURVE('',#2493,#2494,#600,.T.);
#2894=EDGE_CURVE('',#2494,#2470,#3345,.T.);
#2895=EDGE_CURVE('',#2494,#2495,#3346,.T.);
#2896=EDGE_CURVE('',#2495,#2471,#3347,.T.);
#2897=EDGE_CURVE('',#2495,#2488,#601,.T.);
#2898=EDGE_CURVE('',#2496,#2497,#3348,.T.);
#2899=EDGE_CURVE('',#2497,#2474,#3349,.T.);
#2900=EDGE_CURVE('',#2496,#2472,#3350,.T.);
#2901=EDGE_CURVE('',#2498,#2496,#602,.T.);
#2902=EDGE_CURVE('',#2498,#2473,#3351,.T.);
#2903=EDGE_CURVE('',#2499,#2498,#3352,.T.);
#2904=EDGE_CURVE('',#2499,#2487,#3353,.T.);
#2905=EDGE_CURVE('',#2500,#2499,#603,.T.);
#2906=EDGE_CURVE('',#2500,#2486,#3354,.T.);
#2907=EDGE_CURVE('',#2501,#2500,#3355,.T.);
#2908=EDGE_CURVE('',#2501,#2485,#3356,.T.);
#2909=EDGE_CURVE('',#2502,#2501,#3357,.T.);
#2910=EDGE_CURVE('',#2502,#2484,#3358,.T.);
#2911=EDGE_CURVE('',#2503,#2502,#3359,.T.);
#2912=EDGE_CURVE('',#2503,#2483,#3360,.T.);
#2913=EDGE_CURVE('',#2504,#2503,#3361,.T.);
#2914=EDGE_CURVE('',#2504,#2482,#3362,.T.);
#2915=EDGE_CURVE('',#2505,#2504,#3363,.T.);
#2916=EDGE_CURVE('',#2505,#2481,#3364,.T.);
#2917=EDGE_CURVE('',#2506,#2505,#604,.T.);
#2918=EDGE_CURVE('',#2506,#2480,#3365,.T.);
#2919=EDGE_CURVE('',#2507,#2506,#3366,.T.);
#2920=EDGE_CURVE('',#2507,#2479,#3367,.T.);
#2921=EDGE_CURVE('',#2508,#2507,#605,.T.);
#2922=EDGE_CURVE('',#2508,#2478,#3368,.T.);
#2923=EDGE_CURVE('',#2509,#2508,#3369,.T.);
#2924=EDGE_CURVE('',#2509,#2477,#3370,.T.);
#2925=EDGE_CURVE('',#2510,#2509,#3371,.T.);
#2926=EDGE_CURVE('',#2510,#2476,#3372,.T.);
#2927=EDGE_CURVE('',#2511,#2510,#3373,.T.);
#2928=EDGE_CURVE('',#2511,#2475,#3374,.T.);
#2929=EDGE_CURVE('',#2497,#2511,#3375,.T.);
#2930=EDGE_CURVE('',#2512,#2512,#606,.T.);
#2931=EDGE_CURVE('',#2513,#2513,#607,.T.);
#2932=EDGE_CURVE('',#2514,#2515,#319,.T.);
#2933=EDGE_CURVE('',#2516,#2515,#3376,.T.);
#2934=EDGE_CURVE('',#2517,#2516,#320,.T.);
#2935=EDGE_CURVE('',#2517,#2514,#3377,.T.);
#2936=EDGE_CURVE('',#2515,#2518,#321,.T.);
#2937=EDGE_CURVE('',#2519,#2518,#3378,.T.);
#2938=EDGE_CURVE('',#2516,#2519,#322,.T.);
#2939=EDGE_CURVE('',#2518,#2520,#323,.T.);
#2940=EDGE_CURVE('',#2521,#2520,#3379,.T.);
#2941=EDGE_CURVE('',#2519,#2521,#324,.T.);
#2942=EDGE_CURVE('',#2520,#2522,#325,.T.);
#2943=EDGE_CURVE('',#2523,#2522,#3380,.T.);
#2944=EDGE_CURVE('',#2521,#2523,#326,.T.);
#2945=EDGE_CURVE('',#2522,#2524,#327,.T.);
#2946=EDGE_CURVE('',#2525,#2524,#3381,.T.);
#2947=EDGE_CURVE('',#2523,#2525,#328,.T.);
#2948=EDGE_CURVE('',#2524,#2526,#329,.T.);
#2949=EDGE_CURVE('',#2527,#2526,#3382,.T.);
#2950=EDGE_CURVE('',#2525,#2527,#330,.T.);
#2951=EDGE_CURVE('',#2526,#2528,#331,.T.);
#2952=EDGE_CURVE('',#2529,#2528,#3383,.T.);
#2953=EDGE_CURVE('',#2527,#2529,#332,.T.);
#2954=EDGE_CURVE('',#2528,#2530,#333,.T.);
#2955=EDGE_CURVE('',#2531,#2530,#3384,.T.);
#2956=EDGE_CURVE('',#2529,#2531,#334,.T.);
#2957=EDGE_CURVE('',#2530,#2532,#335,.T.);
#2958=EDGE_CURVE('',#2533,#2532,#3385,.T.);
#2959=EDGE_CURVE('',#2531,#2533,#336,.T.);
#2960=EDGE_CURVE('',#2532,#2534,#337,.T.);
#2961=EDGE_CURVE('',#2535,#2534,#3386,.T.);
#2962=EDGE_CURVE('',#2533,#2535,#338,.T.);
#2963=EDGE_CURVE('',#2534,#2536,#339,.T.);
#2964=EDGE_CURVE('',#2537,#2536,#3387,.T.);
#2965=EDGE_CURVE('',#2535,#2537,#340,.T.);
#2966=EDGE_CURVE('',#2536,#2538,#341,.T.);
#2967=EDGE_CURVE('',#2539,#2538,#3388,.T.);
#2968=EDGE_CURVE('',#2537,#2539,#342,.T.);
#2969=EDGE_CURVE('',#2538,#2540,#344,.T.);
#2970=EDGE_CURVE('',#2541,#2540,#3389,.T.);
#2971=EDGE_CURVE('',#2539,#2541,#345,.T.);
#2972=EDGE_CURVE('',#2540,#2514,#347,.T.);
#2973=EDGE_CURVE('',#2541,#2517,#348,.T.);
#2974=EDGE_CURVE('',#2542,#2543,#349,.T.);
#2975=EDGE_CURVE('',#2544,#2543,#3390,.T.);
#2976=EDGE_CURVE('',#2545,#2544,#350,.T.);
#2977=EDGE_CURVE('',#2545,#2542,#3391,.T.);
#2978=EDGE_CURVE('',#2543,#2546,#352,.T.);
#2979=EDGE_CURVE('',#2547,#2546,#3392,.T.);
#2980=EDGE_CURVE('',#2544,#2547,#353,.T.);
#2981=EDGE_CURVE('',#2546,#2548,#355,.T.);
#2982=EDGE_CURVE('',#2549,#2548,#3393,.T.);
#2983=EDGE_CURVE('',#2547,#2549,#356,.T.);
#2984=EDGE_CURVE('',#2548,#2550,#358,.T.);
#2985=EDGE_CURVE('',#2551,#2550,#3394,.T.);
#2986=EDGE_CURVE('',#2549,#2551,#359,.T.);
#2987=EDGE_CURVE('',#2550,#2552,#361,.T.);
#2988=EDGE_CURVE('',#2553,#2552,#3395,.T.);
#2989=EDGE_CURVE('',#2551,#2553,#362,.T.);
#2990=EDGE_CURVE('',#2554,#2555,#364,.T.);
#2991=EDGE_CURVE('',#2556,#2555,#3396,.T.);
#2992=EDGE_CURVE('',#2557,#2556,#365,.T.);
#2993=EDGE_CURVE('',#2557,#2554,#3397,.T.);
#2994=EDGE_CURVE('',#2555,#2558,#367,.T.);
#2995=EDGE_CURVE('',#2559,#2558,#3398,.T.);
#2996=EDGE_CURVE('',#2556,#2559,#368,.T.);
#2997=EDGE_CURVE('',#2558,#2560,#370,.T.);
#2998=EDGE_CURVE('',#2561,#2560,#3399,.T.);
#2999=EDGE_CURVE('',#2559,#2561,#371,.T.);
#3000=EDGE_CURVE('',#2560,#2562,#372,.T.);
#3001=EDGE_CURVE('',#2563,#2562,#3400,.T.);
#3002=EDGE_CURVE('',#2561,#2563,#373,.T.);
#3003=EDGE_CURVE('',#2562,#2564,#375,.T.);
#3004=EDGE_CURVE('',#2565,#2564,#3401,.T.);
#3005=EDGE_CURVE('',#2563,#2565,#376,.T.);
#3006=EDGE_CURVE('',#2564,#2566,#378,.T.);
#3007=EDGE_CURVE('',#2567,#2566,#3402,.T.);
#3008=EDGE_CURVE('',#2565,#2567,#379,.T.);
#3009=EDGE_CURVE('',#2566,#2568,#381,.T.);
#3010=EDGE_CURVE('',#2569,#2568,#3403,.T.);
#3011=EDGE_CURVE('',#2567,#2569,#382,.T.);
#3012=EDGE_CURVE('',#2568,#2570,#384,.T.);
#3013=EDGE_CURVE('',#2571,#2570,#3404,.T.);
#3014=EDGE_CURVE('',#2569,#2571,#385,.T.);
#3015=EDGE_CURVE('',#2570,#2572,#387,.T.);
#3016=EDGE_CURVE('',#2573,#2572,#3405,.T.);
#3017=EDGE_CURVE('',#2571,#2573,#388,.T.);
#3018=EDGE_CURVE('',#2572,#2574,#390,.T.);
#3019=EDGE_CURVE('',#2575,#2574,#3406,.T.);
#3020=EDGE_CURVE('',#2573,#2575,#391,.T.);
#3021=EDGE_CURVE('',#2574,#2576,#393,.T.);
#3022=EDGE_CURVE('',#2577,#2576,#3407,.T.);
#3023=EDGE_CURVE('',#2575,#2577,#394,.T.);
#3024=EDGE_CURVE('',#2576,#2578,#395,.T.);
#3025=EDGE_CURVE('',#2579,#2578,#3408,.T.);
#3026=EDGE_CURVE('',#2577,#2579,#396,.T.);
#3027=EDGE_CURVE('',#2578,#2580,#398,.T.);
#3028=EDGE_CURVE('',#2581,#2580,#3409,.T.);
#3029=EDGE_CURVE('',#2579,#2581,#399,.T.);
#3030=EDGE_CURVE('',#2580,#2582,#401,.T.);
#3031=EDGE_CURVE('',#2583,#2582,#3410,.T.);
#3032=EDGE_CURVE('',#2581,#2583,#402,.T.);
#3033=EDGE_CURVE('',#2582,#2584,#404,.T.);
#3034=EDGE_CURVE('',#2585,#2584,#3411,.T.);
#3035=EDGE_CURVE('',#2583,#2585,#405,.T.);
#3036=EDGE_CURVE('',#2584,#2586,#407,.T.);
#3037=EDGE_CURVE('',#2587,#2586,#3412,.T.);
#3038=EDGE_CURVE('',#2585,#2587,#408,.T.);
#3039=EDGE_CURVE('',#2586,#2588,#410,.T.);
#3040=EDGE_CURVE('',#2589,#2588,#3413,.T.);
#3041=EDGE_CURVE('',#2587,#2589,#411,.T.);
#3042=EDGE_CURVE('',#2588,#2554,#413,.T.);
#3043=EDGE_CURVE('',#2589,#2557,#414,.T.);
#3044=EDGE_CURVE('',#2552,#2542,#416,.T.);
#3045=EDGE_CURVE('',#2553,#2545,#417,.T.);
#3046=EDGE_CURVE('',#2590,#2591,#419,.T.);
#3047=EDGE_CURVE('',#2592,#2591,#3414,.T.);
#3048=EDGE_CURVE('',#2593,#2592,#420,.T.);
#3049=EDGE_CURVE('',#2593,#2590,#3415,.T.);
#3050=EDGE_CURVE('',#2591,#2594,#421,.T.);
#3051=EDGE_CURVE('',#2595,#2594,#3416,.T.);
#3052=EDGE_CURVE('',#2592,#2595,#422,.T.);
#3053=EDGE_CURVE('',#2594,#2596,#423,.T.);
#3054=EDGE_CURVE('',#2597,#2596,#3417,.T.);
#3055=EDGE_CURVE('',#2595,#2597,#424,.T.);
#3056=EDGE_CURVE('',#2596,#2598,#426,.T.);
#3057=EDGE_CURVE('',#2599,#2598,#3418,.T.);
#3058=EDGE_CURVE('',#2597,#2599,#427,.T.);
#3059=EDGE_CURVE('',#2598,#2600,#429,.T.);
#3060=EDGE_CURVE('',#2601,#2600,#3419,.T.);
#3061=EDGE_CURVE('',#2599,#2601,#430,.T.);
#3062=EDGE_CURVE('',#2600,#2602,#432,.T.);
#3063=EDGE_CURVE('',#2603,#2602,#3420,.T.);
#3064=EDGE_CURVE('',#2601,#2603,#433,.T.);
#3065=EDGE_CURVE('',#2602,#2604,#434,.T.);
#3066=EDGE_CURVE('',#2605,#2604,#3421,.T.);
#3067=EDGE_CURVE('',#2603,#2605,#435,.T.);
#3068=EDGE_CURVE('',#2604,#2606,#437,.T.);
#3069=EDGE_CURVE('',#2607,#2606,#3422,.T.);
#3070=EDGE_CURVE('',#2605,#2607,#438,.T.);
#3071=EDGE_CURVE('',#2606,#2590,#439,.T.);
#3072=EDGE_CURVE('',#2607,#2593,#440,.T.);
#3073=EDGE_CURVE('',#2608,#2609,#441,.T.);
#3074=EDGE_CURVE('',#2610,#2609,#3423,.T.);
#3075=EDGE_CURVE('',#2611,#2610,#442,.T.);
#3076=EDGE_CURVE('',#2611,#2608,#3424,.T.);
#3077=EDGE_CURVE('',#2609,#2612,#443,.T.);
#3078=EDGE_CURVE('',#2613,#2612,#3425,.T.);
#3079=EDGE_CURVE('',#2610,#2613,#444,.T.);
#3080=EDGE_CURVE('',#2612,#2614,#445,.T.);
#3081=EDGE_CURVE('',#2615,#2614,#3426,.T.);
#3082=EDGE_CURVE('',#2613,#2615,#446,.T.);
#3083=EDGE_CURVE('',#2614,#2616,#447,.T.);
#3084=EDGE_CURVE('',#2617,#2616,#3427,.T.);
#3085=EDGE_CURVE('',#2615,#2617,#448,.T.);
#3086=EDGE_CURVE('',#2616,#2618,#449,.T.);
#3087=EDGE_CURVE('',#2619,#2618,#3428,.T.);
#3088=EDGE_CURVE('',#2617,#2619,#450,.T.);
#3089=EDGE_CURVE('',#2618,#2620,#451,.T.);
#3090=EDGE_CURVE('',#2621,#2620,#3429,.T.);
#3091=EDGE_CURVE('',#2619,#2621,#452,.T.);
#3092=EDGE_CURVE('',#2620,#2622,#453,.T.);
#3093=EDGE_CURVE('',#2623,#2622,#3430,.T.);
#3094=EDGE_CURVE('',#2621,#2623,#454,.T.);
#3095=EDGE_CURVE('',#2622,#2624,#455,.T.);
#3096=EDGE_CURVE('',#2625,#2624,#3431,.T.);
#3097=EDGE_CURVE('',#2623,#2625,#456,.T.);
#3098=EDGE_CURVE('',#2624,#2626,#457,.T.);
#3099=EDGE_CURVE('',#2627,#2626,#3432,.T.);
#3100=EDGE_CURVE('',#2625,#2627,#458,.T.);
#3101=EDGE_CURVE('',#2626,#2628,#459,.T.);
#3102=EDGE_CURVE('',#2629,#2628,#3433,.T.);
#3103=EDGE_CURVE('',#2627,#2629,#460,.T.);
#3104=EDGE_CURVE('',#2628,#2630,#461,.T.);
#3105=EDGE_CURVE('',#2631,#2630,#3434,.T.);
#3106=EDGE_CURVE('',#2629,#2631,#462,.T.);
#3107=EDGE_CURVE('',#2630,#2608,#463,.T.);
#3108=EDGE_CURVE('',#2631,#2611,#464,.T.);
#3109=EDGE_CURVE('',#2632,#2633,#465,.T.);
#3110=EDGE_CURVE('',#2634,#2633,#3435,.T.);
#3111=EDGE_CURVE('',#2635,#2634,#466,.T.);
#3112=EDGE_CURVE('',#2635,#2632,#3436,.T.);
#3113=EDGE_CURVE('',#2633,#2636,#467,.T.);
#3114=EDGE_CURVE('',#2637,#2636,#3437,.T.);
#3115=EDGE_CURVE('',#2634,#2637,#468,.T.);
#3116=EDGE_CURVE('',#2636,#2638,#469,.T.);
#3117=EDGE_CURVE('',#2639,#2638,#3438,.T.);
#3118=EDGE_CURVE('',#2637,#2639,#470,.T.);
#3119=EDGE_CURVE('',#2638,#2632,#471,.T.);
#3120=EDGE_CURVE('',#2639,#2635,#472,.T.);
#3121=EDGE_CURVE('',#2640,#2641,#473,.T.);
#3122=EDGE_CURVE('',#2642,#2641,#3439,.T.);
#3123=EDGE_CURVE('',#2643,#2642,#474,.T.);
#3124=EDGE_CURVE('',#2643,#2640,#3440,.T.);
#3125=EDGE_CURVE('',#2641,#2644,#475,.T.);
#3126=EDGE_CURVE('',#2645,#2644,#3441,.T.);
#3127=EDGE_CURVE('',#2642,#2645,#476,.T.);
#3128=EDGE_CURVE('',#2644,#2646,#477,.T.);
#3129=EDGE_CURVE('',#2647,#2646,#3442,.T.);
#3130=EDGE_CURVE('',#2645,#2647,#478,.T.);
#3131=EDGE_CURVE('',#2646,#2640,#479,.T.);
#3132=EDGE_CURVE('',#2647,#2643,#480,.T.);
#3133=EDGE_CURVE('',#2648,#2649,#481,.T.);
#3134=EDGE_CURVE('',#2650,#2649,#3443,.T.);
#3135=EDGE_CURVE('',#2651,#2650,#482,.T.);
#3136=EDGE_CURVE('',#2651,#2648,#3444,.T.);
#3137=EDGE_CURVE('',#2649,#2652,#483,.T.);
#3138=EDGE_CURVE('',#2653,#2652,#3445,.T.);
#3139=EDGE_CURVE('',#2650,#2653,#484,.T.);
#3140=EDGE_CURVE('',#2652,#2654,#485,.T.);
#3141=EDGE_CURVE('',#2655,#2654,#3446,.T.);
#3142=EDGE_CURVE('',#2653,#2655,#486,.T.);
#3143=EDGE_CURVE('',#2654,#2656,#488,.T.);
#3144=EDGE_CURVE('',#2657,#2656,#3447,.T.);
#3145=EDGE_CURVE('',#2655,#2657,#489,.T.);
#3146=EDGE_CURVE('',#2656,#2658,#491,.T.);
#3147=EDGE_CURVE('',#2659,#2658,#3448,.T.);
#3148=EDGE_CURVE('',#2657,#2659,#492,.T.);
#3149=EDGE_CURVE('',#2658,#2660,#494,.T.);
#3150=EDGE_CURVE('',#2661,#2660,#3449,.T.);
#3151=EDGE_CURVE('',#2659,#2661,#495,.T.);
#3152=EDGE_CURVE('',#2660,#2662,#497,.T.);
#3153=EDGE_CURVE('',#2663,#2662,#3450,.T.);
#3154=EDGE_CURVE('',#2661,#2663,#498,.T.);
#3155=EDGE_CURVE('',#2662,#2664,#499,.T.);
#3156=EDGE_CURVE('',#2665,#2664,#3451,.T.);
#3157=EDGE_CURVE('',#2663,#2665,#500,.T.);
#3158=EDGE_CURVE('',#2664,#2666,#502,.T.);
#3159=EDGE_CURVE('',#2667,#2666,#3452,.T.);
#3160=EDGE_CURVE('',#2665,#2667,#503,.T.);
#3161=EDGE_CURVE('',#2666,#2668,#505,.T.);
#3162=EDGE_CURVE('',#2669,#2668,#3453,.T.);
#3163=EDGE_CURVE('',#2667,#2669,#506,.T.);
#3164=EDGE_CURVE('',#2668,#2670,#508,.T.);
#3165=EDGE_CURVE('',#2671,#2670,#3454,.T.);
#3166=EDGE_CURVE('',#2669,#2671,#509,.T.);
#3167=EDGE_CURVE('',#2670,#2672,#511,.T.);
#3168=EDGE_CURVE('',#2673,#2672,#3455,.T.);
#3169=EDGE_CURVE('',#2671,#2673,#512,.T.);
#3170=EDGE_CURVE('',#2672,#2648,#513,.T.);
#3171=EDGE_CURVE('',#2673,#2651,#514,.T.);
#3172=EDGE_CURVE('',#2674,#2675,#515,.T.);
#3173=EDGE_CURVE('',#2676,#2675,#3456,.T.);
#3174=EDGE_CURVE('',#2677,#2676,#516,.T.);
#3175=EDGE_CURVE('',#2674,#2677,#3457,.T.);
#3176=EDGE_CURVE('',#2678,#2679,#518,.T.);
#3177=EDGE_CURVE('',#2680,#2679,#3458,.T.);
#3178=EDGE_CURVE('',#2681,#2680,#519,.T.);
#3179=EDGE_CURVE('',#2681,#2678,#3459,.T.);
#3180=EDGE_CURVE('',#2679,#2682,#520,.T.);
#3181=EDGE_CURVE('',#2683,#2682,#3460,.T.);
#3182=EDGE_CURVE('',#2680,#2683,#521,.T.);
#3183=EDGE_CURVE('',#2682,#2684,#523,.T.);
#3184=EDGE_CURVE('',#2685,#2684,#3461,.T.);
#3185=EDGE_CURVE('',#2683,#2685,#524,.T.);
#3186=EDGE_CURVE('',#2684,#2686,#526,.T.);
#3187=EDGE_CURVE('',#2687,#2686,#3462,.T.);
#3188=EDGE_CURVE('',#2685,#2687,#527,.T.);
#3189=EDGE_CURVE('',#2686,#2688,#528,.T.);
#3190=EDGE_CURVE('',#2689,#2688,#3463,.T.);
#3191=EDGE_CURVE('',#2687,#2689,#529,.T.);
#3192=EDGE_CURVE('',#2688,#2690,#530,.T.);
#3193=EDGE_CURVE('',#2691,#2690,#3464,.T.);
#3194=EDGE_CURVE('',#2689,#2691,#531,.T.);
#3195=EDGE_CURVE('',#2690,#2692,#533,.T.);
#3196=EDGE_CURVE('',#2693,#2692,#3465,.T.);
#3197=EDGE_CURVE('',#2691,#2693,#534,.T.);
#3198=EDGE_CURVE('',#2692,#2694,#536,.T.);
#3199=EDGE_CURVE('',#2695,#2694,#3466,.T.);
#3200=EDGE_CURVE('',#2693,#2695,#537,.T.);
#3201=EDGE_CURVE('',#2694,#2696,#539,.T.);
#3202=EDGE_CURVE('',#2697,#2696,#3467,.T.);
#3203=EDGE_CURVE('',#2695,#2697,#540,.T.);
#3204=EDGE_CURVE('',#2696,#2678,#542,.T.);
#3205=EDGE_CURVE('',#2697,#2681,#543,.T.);
#3206=EDGE_CURVE('',#2675,#2674,#545,.T.);
#3207=EDGE_CURVE('',#2676,#2677,#546,.T.);
#3208=LINE('',#4691,#3468);
#3209=LINE('',#4694,#3469);
#3210=LINE('',#4696,#3470);
#3211=LINE('',#4698,#3471);
#3212=LINE('',#4702,#3472);
#3213=LINE('',#4706,#3473);
#3214=LINE('',#4708,#3474);
#3215=LINE('',#4710,#3475);
#3216=LINE('',#4714,#3476);
#3217=LINE('',#4718,#3477);
#3218=LINE('',#4720,#3478);
#3219=LINE('',#4722,#3479);
#3220=LINE('',#4724,#3480);
#3221=LINE('',#4726,#3481);
#3222=LINE('',#4728,#3482);
#3223=LINE('',#4730,#3483);
#3224=LINE('',#4732,#3484);
#3225=LINE('',#4734,#3485);
#3226=LINE('',#4736,#3486);
#3227=LINE('',#4738,#3487);
#3228=LINE('',#4740,#3488);
#3229=LINE('',#4742,#3489);
#3230=LINE('',#4744,#3490);
#3231=LINE('',#4746,#3491);
#3232=LINE('',#4750,#3492);
#3233=LINE('',#4754,#3493);
#3234=LINE('',#4756,#3494);
#3235=LINE('',#4758,#3495);
#3236=LINE('',#4762,#3496);
#3237=LINE('',#4766,#3497);
#3238=LINE('',#4768,#3498);
#3239=LINE('',#4770,#3499);
#3240=LINE('',#4772,#3500);
#3241=LINE('',#4774,#3501);
#3242=LINE('',#4776,#3502);
#3243=LINE('',#4778,#3503);
#3244=LINE('',#4780,#3504);
#3245=LINE('',#4782,#3505);
#3246=LINE('',#4784,#3506);
#3247=LINE('',#4785,#3507);
#3248=LINE('',#6546,#3508);
#3249=LINE('',#6549,#3509);
#3250=LINE('',#6551,#3510);
#3251=LINE('',#6553,#3511);
#3252=LINE('',#6555,#3512);
#3253=LINE('',#6560,#3513);
#3254=LINE('',#6562,#3514);
#3255=LINE('',#6564,#3515);
#3256=LINE('',#6568,#3516);
#3257=LINE('',#6572,#3517);
#3258=LINE('',#6575,#3518);
#3259=LINE('',#6577,#3519);
#3260=LINE('',#6581,#3520);
#3261=LINE('',#6585,#3521);
#3262=LINE('',#6590,#3522);
#3263=LINE('',#6594,#3523);
#3264=LINE('',#6598,#3524);
#3265=LINE('',#6600,#3525);
#3266=LINE('',#6603,#3526);
#3267=LINE('',#6607,#3527);
#3268=LINE('',#6611,#3528);
#3269=LINE('',#6613,#3529);
#3270=LINE('',#6615,#3530);
#3271=LINE('',#6616,#3531);
#3272=LINE('',#6618,#3532);
#3273=LINE('',#6619,#3533);
#3274=LINE('',#6622,#3534);
#3275=LINE('',#6623,#3535);
#3276=LINE('',#6625,#3536);
#3277=LINE('',#6626,#3537);
#3278=LINE('',#6628,#3538);
#3279=LINE('',#6629,#3539);
#3280=LINE('',#6631,#3540);
#3281=LINE('',#6632,#3541);
#3282=LINE('',#6634,#3542);
#3283=LINE('',#6635,#3543);
#3284=LINE('',#6644,#3544);
#3285=LINE('',#6647,#3545);
#3286=LINE('',#6649,#3546);
#3287=LINE('',#6651,#3547);
#3288=LINE('',#6653,#3548);
#3289=LINE('',#6656,#3549);
#3290=LINE('',#6658,#3550);
#3291=LINE('',#6660,#3551);
#3292=LINE('',#6662,#3552);
#3293=LINE('',#6667,#3553);
#3294=LINE('',#6671,#3554);
#3295=LINE('',#6675,#3555);
#3296=LINE('',#6677,#3556);
#3297=LINE('',#6679,#3557);
#3298=LINE('',#6685,#3558);
#3299=LINE('',#6687,#3559);
#3300=LINE('',#6689,#3560);
#3301=LINE('',#6692,#3561);
#3302=LINE('',#6693,#3562);
#3303=LINE('',#6695,#3563);
#3304=LINE('',#6700,#3564);
#3305=LINE('',#6702,#3565);
#3306=LINE('',#6704,#3566);
#3307=LINE('',#6709,#3567);
#3308=LINE('',#6711,#3568);
#3309=LINE('',#6715,#3569);
#3310=LINE('',#6719,#3570);
#3311=LINE('',#6720,#3571);
#3312=LINE('',#6722,#3572);
#3313=LINE('',#6723,#3573);
#3314=LINE('',#6726,#3574);
#3315=LINE('',#6727,#3575);
#3316=LINE('',#6729,#3576);
#3317=LINE('',#6730,#3577);
#3318=LINE('',#6732,#3578);
#3319=LINE('',#6733,#3579);
#3320=LINE('',#6742,#3580);
#3321=LINE('',#6747,#3581);
#3322=LINE('',#6751,#3582);
#3323=LINE('',#6755,#3583);
#3324=LINE('',#6761,#3584);
#3325=LINE('',#6763,#3585);
#3326=LINE('',#6765,#3586);
#3327=LINE('',#6767,#3587);
#3328=LINE('',#6769,#3588);
#3329=LINE('',#6773,#3589);
#3330=LINE('',#6777,#3590);
#3331=LINE('',#6779,#3591);
#3332=LINE('',#6781,#3592);
#3333=LINE('',#6783,#3593);
#3334=LINE('',#6785,#3594);
#3335=LINE('',#6789,#3595);
#3336=LINE('',#6791,#3596);
#3337=LINE('',#6793,#3597);
#3338=LINE('',#6795,#3598);
#3339=LINE('',#6799,#3599);
#3340=LINE('',#6801,#3600);
#3341=LINE('',#6803,#3601);
#3342=LINE('',#6807,#3602);
#3343=LINE('',#6809,#3603);
#3344=LINE('',#6811,#3604);
#3345=LINE('',#6815,#3605);
#3346=LINE('',#6817,#3606);
#3347=LINE('',#6819,#3607);
#3348=LINE('',#6824,#3608);
#3349=LINE('',#6827,#3609);
#3350=LINE('',#6828,#3610);
#3351=LINE('',#6832,#3611);
#3352=LINE('',#6834,#3612);
#3353=LINE('',#6836,#3613);
#3354=LINE('',#6840,#3614);
#3355=LINE('',#6842,#3615);
#3356=LINE('',#6844,#3616);
#3357=LINE('',#6846,#3617);
#3358=LINE('',#6848,#3618);
#3359=LINE('',#6850,#3619);
#3360=LINE('',#6852,#3620);
#3361=LINE('',#6854,#3621);
#3362=LINE('',#6856,#3622);
#3363=LINE('',#6858,#3623);
#3364=LINE('',#6860,#3624);
#3365=LINE('',#6864,#3625);
#3366=LINE('',#6866,#3626);
#3367=LINE('',#6868,#3627);
#3368=LINE('',#6872,#3628);
#3369=LINE('',#6874,#3629);
#3370=LINE('',#6876,#3630);
#3371=LINE('',#6878,#3631);
#3372=LINE('',#6880,#3632);
#3373=LINE('',#6882,#3633);
#3374=LINE('',#6884,#3634);
#3375=LINE('',#6886,#3635);
#3376=LINE('',#6901,#3636);
#3377=LINE('',#6908,#3637);
#3378=LINE('',#6915,#3638);
#3379=LINE('',#6927,#3639);
#3380=LINE('',#6939,#3640);
#3381=LINE('',#6951,#3641);
#3382=LINE('',#6963,#3642);
#3383=LINE('',#6975,#3643);
#3384=LINE('',#6987,#3644);
#3385=LINE('',#6999,#3645);
#3386=LINE('',#7011,#3646);
#3387=LINE('',#7023,#3647);
#3388=LINE('',#7035,#3648);
#3389=LINE('',#7052,#3650);
#3390=LINE('',#7083,#3652);
#3391=LINE('',#7090,#3653);
#3392=LINE('',#7102,#3655);
#3393=LINE('',#7125,#3657);
#3394=LINE('',#7150,#3659);
#3395=LINE('',#7169,#3661);
#3396=LINE('',#7185,#3663);
#3397=LINE('',#7192,#3664);
#3398=LINE('',#7202,#3666);
#3399=LINE('',#7217,#3668);
#3400=LINE('',#7229,#3669);
#3401=LINE('',#7248,#3671);
#3402=LINE('',#7271,#3673);
#3403=LINE('',#7286,#3675);
#3404=LINE('',#7303,#3677);
#3405=LINE('',#7322,#3679);
#3406=LINE('',#7337,#3681);
#3407=LINE('',#7352,#3683);
#3408=LINE('',#7368,#3684);
#3409=LINE('',#7393,#3686);
#3410=LINE('',#7412,#3688);
#3411=LINE('',#7427,#3690);
#3412=LINE('',#7442,#3692);
#3413=LINE('',#7457,#3694);
#3414=LINE('',#7517,#3698);
#3415=LINE('',#7524,#3699);
#3416=LINE('',#7531,#3700);
#3417=LINE('',#7545,#3701);
#3418=LINE('',#7564,#3703);
#3419=LINE('',#7581,#3705);
#3420=LINE('',#7600,#3707);
#3421=LINE('',#7616,#3708);
#3422=LINE('',#7639,#3710);
#3423=LINE('',#7663,#3711);
#3424=LINE('',#7670,#3712);
#3425=LINE('',#7677,#3713);
#3426=LINE('',#7689,#3714);
#3427=LINE('',#7701,#3715);
#3428=LINE('',#7713,#3716);
#3429=LINE('',#7725,#3717);
#3430=LINE('',#7737,#3718);
#3431=LINE('',#7749,#3719);
#3432=LINE('',#7761,#3720);
#3433=LINE('',#7773,#3721);
#3434=LINE('',#7785,#3722);
#3435=LINE('',#7809,#3723);
#3436=LINE('',#7816,#3724);
#3437=LINE('',#7823,#3725);
#3438=LINE('',#7835,#3726);
#3439=LINE('',#7859,#3727);
#3440=LINE('',#7866,#3728);
#3441=LINE('',#7873,#3729);
#3442=LINE('',#7885,#3730);
#3443=LINE('',#7909,#3731);
#3444=LINE('',#7916,#3732);
#3445=LINE('',#7923,#3733);
#3446=LINE('',#7937,#3734);
#3447=LINE('',#7958,#3736);
#3448=LINE('',#7977,#3738);
#3449=LINE('',#7994,#3740);
#3450=LINE('',#8013,#3742);
#3451=LINE('',#8027,#3743);
#3452=LINE('',#8046,#3745);
#3453=LINE('',#8061,#3747);
#3454=LINE('',#8078,#3749);
#3455=LINE('',#8097,#3751);
#3456=LINE('',#8127,#3752);
#3457=LINE('',#8140,#3753);
#3458=LINE('',#8157,#3755);
#3459=LINE('',#8164,#3756);
#3460=LINE('',#8175,#3757);
#3461=LINE('',#8202,#3759);
#3462=LINE('',#8225,#3761);
#3463=LINE('',#8237,#3762);
#3464=LINE('',#8253,#3763);
#3465=LINE('',#8282,#3765);
#3466=LINE('',#8309,#3767);
#3467=LINE('',#8328,#3769);
#3468=VECTOR('',#3979,1.);
#3469=VECTOR('',#3980,1.);
#3470=VECTOR('',#3981,1.);
#3471=VECTOR('',#3982,1.);
#3472=VECTOR('',#3987,1.);
#3473=VECTOR('',#3992,1.);
#3474=VECTOR('',#3993,1.);
#3475=VECTOR('',#3994,1.);
#3476=VECTOR('',#3999,1.);
#3477=VECTOR('',#4004,1.);
#3478=VECTOR('',#4005,1.);
#3479=VECTOR('',#4006,1.);
#3480=VECTOR('',#4009,1.);
#3481=VECTOR('',#4010,1.);
#3482=VECTOR('',#4011,1.);
#3483=VECTOR('',#4014,1.);
#3484=VECTOR('',#4015,1.);
#3485=VECTOR('',#4016,1.);
#3486=VECTOR('',#4019,1.);
#3487=VECTOR('',#4020,1.);
#3488=VECTOR('',#4021,1.);
#3489=VECTOR('',#4024,1.);
#3490=VECTOR('',#4025,1.);
#3491=VECTOR('',#4026,1.);
#3492=VECTOR('',#4031,1.);
#3493=VECTOR('',#4036,1.);
#3494=VECTOR('',#4037,1.);
#3495=VECTOR('',#4038,1.);
#3496=VECTOR('',#4043,1.);
#3497=VECTOR('',#4048,1.);
#3498=VECTOR('',#4049,1.);
#3499=VECTOR('',#4050,1.);
#3500=VECTOR('',#4053,1.);
#3501=VECTOR('',#4054,1.);
#3502=VECTOR('',#4055,1.);
#3503=VECTOR('',#4058,1.);
#3504=VECTOR('',#4059,1.);
#3505=VECTOR('',#4060,1.);
#3506=VECTOR('',#4063,1.);
#3507=VECTOR('',#4064,1.);
#3508=VECTOR('',#4085,1.);
#3509=VECTOR('',#4086,1.);
#3510=VECTOR('',#4087,1.);
#3511=VECTOR('',#4088,1.);
#3512=VECTOR('',#4091,1.);
#3513=VECTOR('',#4094,1.);
#3514=VECTOR('',#4095,1.);
#3515=VECTOR('',#4096,1.);
#3516=VECTOR('',#4099,1.);
#3517=VECTOR('',#4102,1.);
#3518=VECTOR('',#4105,1.);
#3519=VECTOR('',#4106,1.);
#3520=VECTOR('',#4109,1.);
#3521=VECTOR('',#4114,1.);
#3522=VECTOR('',#4117,1.);
#3523=VECTOR('',#4120,1.);
#3524=VECTOR('',#4123,1.);
#3525=VECTOR('',#4124,1.);
#3526=VECTOR('',#4127,1.);
#3527=VECTOR('',#4130,1.);
#3528=VECTOR('',#4133,1.);
#3529=VECTOR('',#4134,1.);
#3530=VECTOR('',#4137,1.);
#3531=VECTOR('',#4138,1.);
#3532=VECTOR('',#4141,1.);
#3533=VECTOR('',#4142,1.);
#3534=VECTOR('',#4147,1.);
#3535=VECTOR('',#4148,1.);
#3536=VECTOR('',#4151,1.);
#3537=VECTOR('',#4152,1.);
#3538=VECTOR('',#4155,1.);
#3539=VECTOR('',#4156,1.);
#3540=VECTOR('',#4159,1.);
#3541=VECTOR('',#4160,1.);
#3542=VECTOR('',#4163,1.);
#3543=VECTOR('',#4164,1.);
#3544=VECTOR('',#4181,1.);
#3545=VECTOR('',#4182,1.);
#3546=VECTOR('',#4183,1.);
#3547=VECTOR('',#4184,1.);
#3548=VECTOR('',#4187,1.);
#3549=VECTOR('',#4188,1.);
#3550=VECTOR('',#4189,1.);
#3551=VECTOR('',#4190,1.);
#3552=VECTOR('',#4193,1.);
#3553=VECTOR('',#4196,1.);
#3554=VECTOR('',#4199,1.);
#3555=VECTOR('',#4202,1.);
#3556=VECTOR('',#4203,1.);
#3557=VECTOR('',#4204,1.);
#3558=VECTOR('',#4211,1.);
#3559=VECTOR('',#4212,1.);
#3560=VECTOR('',#4215,1.);
#3561=VECTOR('',#4216,1.);
#3562=VECTOR('',#4217,1.);
#3563=VECTOR('',#4220,1.);
#3564=VECTOR('',#4223,1.);
#3565=VECTOR('',#4224,1.);
#3566=VECTOR('',#4225,1.);
#3567=VECTOR('',#4232,1.);
#3568=VECTOR('',#4233,1.);
#3569=VECTOR('',#4236,1.);
#3570=VECTOR('',#4241,1.);
#3571=VECTOR('',#4242,1.);
#3572=VECTOR('',#4245,1.);
#3573=VECTOR('',#4246,1.);
#3574=VECTOR('',#4251,1.);
#3575=VECTOR('',#4252,1.);
#3576=VECTOR('',#4255,1.);
#3577=VECTOR('',#4256,1.);
#3578=VECTOR('',#4259,1.);
#3579=VECTOR('',#4260,1.);
#3580=VECTOR('',#4277,1.);
#3581=VECTOR('',#4280,1.);
#3582=VECTOR('',#4283,1.);
#3583=VECTOR('',#4286,1.);
#3584=VECTOR('',#4291,1.);
#3585=VECTOR('',#4292,1.);
#3586=VECTOR('',#4293,1.);
#3587=VECTOR('',#4294,1.);
#3588=VECTOR('',#4295,1.);
#3589=VECTOR('',#4298,1.);
#3590=VECTOR('',#4301,1.);
#3591=VECTOR('',#4302,1.);
#3592=VECTOR('',#4303,1.);
#3593=VECTOR('',#4304,1.);
#3594=VECTOR('',#4305,1.);
#3595=VECTOR('',#4308,1.);
#3596=VECTOR('',#4311,1.);
#3597=VECTOR('',#4312,1.);
#3598=VECTOR('',#4313,1.);
#3599=VECTOR('',#4318,1.);
#3600=VECTOR('',#4321,1.);
#3601=VECTOR('',#4322,1.);
#3602=VECTOR('',#4327,1.);
#3603=VECTOR('',#4330,1.);
#3604=VECTOR('',#4331,1.);
#3605=VECTOR('',#4336,1.);
#3606=VECTOR('',#4339,1.);
#3607=VECTOR('',#4340,1.);
#3608=VECTOR('',#4349,1.);
#3609=VECTOR('',#4350,1.);
#3610=VECTOR('',#4351,1.);
#3611=VECTOR('',#4356,1.);
#3612=VECTOR('',#4359,1.);
#3613=VECTOR('',#4360,1.);
#3614=VECTOR('',#4365,1.);
#3615=VECTOR('',#4368,1.);
#3616=VECTOR('',#4369,1.);
#3617=VECTOR('',#4372,1.);
#3618=VECTOR('',#4373,1.);
#3619=VECTOR('',#4376,1.);
#3620=VECTOR('',#4377,1.);
#3621=VECTOR('',#4380,1.);
#3622=VECTOR('',#4381,1.);
#3623=VECTOR('',#4384,1.);
#3624=VECTOR('',#4385,1.);
#3625=VECTOR('',#4390,1.);
#3626=VECTOR('',#4393,1.);
#3627=VECTOR('',#4394,1.);
#3628=VECTOR('',#4399,1.);
#3629=VECTOR('',#4402,1.);
#3630=VECTOR('',#4403,1.);
#3631=VECTOR('',#4406,1.);
#3632=VECTOR('',#4407,1.);
#3633=VECTOR('',#4410,1.);
#3634=VECTOR('',#4411,1.);
#3635=VECTOR('',#4414,1.);
#3636=VECTOR('',#4427,1.);
#3637=VECTOR('',#4428,1.);
#3638=VECTOR('',#4431,1.);
#3639=VECTOR('',#4434,1.);
#3640=VECTOR('',#4437,1.);
#3641=VECTOR('',#4440,1.);
#3642=VECTOR('',#4443,1.);
#3643=VECTOR('',#4446,1.);
#3644=VECTOR('',#4449,1.);
#3645=VECTOR('',#4452,1.);
#3646=VECTOR('',#4455,1.);
#3647=VECTOR('',#4458,1.);
#3648=VECTOR('',#4461,1.);
#3649=VECTOR('',#4462,1.);
#3650=VECTOR('',#4463,1.);
#3651=VECTOR('',#4464,1.);
#3652=VECTOR('',#4471,1.);
#3653=VECTOR('',#4472,1.);
#3654=VECTOR('',#4473,1.);
#3655=VECTOR('',#4474,1.);
#3656=VECTOR('',#4475,1.);
#3657=VECTOR('',#4476,1.);
#3658=VECTOR('',#4477,1.);
#3659=VECTOR('',#4478,1.);
#3660=VECTOR('',#4479,1.);
#3661=VECTOR('',#4480,1.);
#3662=VECTOR('',#4481,1.);
#3663=VECTOR('',#4482,1.);
#3664=VECTOR('',#4483,1.);
#3665=VECTOR('',#4484,1.);
#3666=VECTOR('',#4485,1.);
#3667=VECTOR('',#4486,1.);
#3668=VECTOR('',#4487,1.);
#3669=VECTOR('',#4490,1.);
#3670=VECTOR('',#4491,1.);
#3671=VECTOR('',#4492,1.);
#3672=VECTOR('',#4493,1.);
#3673=VECTOR('',#4494,1.);
#3674=VECTOR('',#4495,1.);
#3675=VECTOR('',#4496,1.);
#3676=VECTOR('',#4497,1.);
#3677=VECTOR('',#4498,1.);
#3678=VECTOR('',#4499,1.);
#3679=VECTOR('',#4500,1.);
#3680=VECTOR('',#4501,1.);
#3681=VECTOR('',#4502,1.);
#3682=VECTOR('',#4503,1.);
#3683=VECTOR('',#4504,1.);
#3684=VECTOR('',#4507,1.);
#3685=VECTOR('',#4508,1.);
#3686=VECTOR('',#4509,1.);
#3687=VECTOR('',#4510,1.);
#3688=VECTOR('',#4511,1.);
#3689=VECTOR('',#4512,1.);
#3690=VECTOR('',#4513,1.);
#3691=VECTOR('',#4514,1.);
#3692=VECTOR('',#4515,1.);
#3693=VECTOR('',#4516,1.);
#3694=VECTOR('',#4517,1.);
#3695=VECTOR('',#4518,1.);
#3696=VECTOR('',#4519,1.);
#3697=VECTOR('',#4520,1.);
#3698=VECTOR('',#4525,1.);
#3699=VECTOR('',#4526,1.);
#3700=VECTOR('',#4529,1.);
#3701=VECTOR('',#4532,1.);
#3702=VECTOR('',#4533,1.);
#3703=VECTOR('',#4534,1.);
#3704=VECTOR('',#4535,1.);
#3705=VECTOR('',#4536,1.);
#3706=VECTOR('',#4537,1.);
#3707=VECTOR('',#4538,1.);
#3708=VECTOR('',#4541,1.);
#3709=VECTOR('',#4542,1.);
#3710=VECTOR('',#4543,1.);
#3711=VECTOR('',#4552,1.);
#3712=VECTOR('',#4553,1.);
#3713=VECTOR('',#4556,1.);
#3714=VECTOR('',#4559,1.);
#3715=VECTOR('',#4562,1.);
#3716=VECTOR('',#4565,1.);
#3717=VECTOR('',#4568,1.);
#3718=VECTOR('',#4571,1.);
#3719=VECTOR('',#4574,1.);
#3720=VECTOR('',#4577,1.);
#3721=VECTOR('',#4580,1.);
#3722=VECTOR('',#4583,1.);
#3723=VECTOR('',#4592,1.);
#3724=VECTOR('',#4593,1.);
#3725=VECTOR('',#4596,1.);
#3726=VECTOR('',#4599,1.);
#3727=VECTOR('',#4608,1.);
#3728=VECTOR('',#4609,1.);
#3729=VECTOR('',#4612,1.);
#3730=VECTOR('',#4615,1.);
#3731=VECTOR('',#4624,1.);
#3732=VECTOR('',#4625,1.);
#3733=VECTOR('',#4628,1.);
#3734=VECTOR('',#4631,1.);
#3735=VECTOR('',#4632,1.);
#3736=VECTOR('',#4633,1.);
#3737=VECTOR('',#4634,1.);
#3738=VECTOR('',#4635,1.);
#3739=VECTOR('',#4636,1.);
#3740=VECTOR('',#4637,1.);
#3741=VECTOR('',#4638,1.);
#3742=VECTOR('',#4639,1.);
#3743=VECTOR('',#4642,1.);
#3744=VECTOR('',#4643,1.);
#3745=VECTOR('',#4644,1.);
#3746=VECTOR('',#4645,1.);
#3747=VECTOR('',#4646,1.);
#3748=VECTOR('',#4647,1.);
#3749=VECTOR('',#4648,1.);
#3750=VECTOR('',#4649,1.);
#3751=VECTOR('',#4650,1.);
#3752=VECTOR('',#4659,1.);
#3753=VECTOR('',#4660,1.);
#3754=VECTOR('',#4661,1.);
#3755=VECTOR('',#4662,1.);
#3756=VECTOR('',#4663,1.);
#3757=VECTOR('',#4666,1.);
#3758=VECTOR('',#4667,1.);
#3759=VECTOR('',#4668,1.);
#3760=VECTOR('',#4669,1.);
#3761=VECTOR('',#4670,1.);
#3762=VECTOR('',#4673,1.);
#3763=VECTOR('',#4676,1.);
#3764=VECTOR('',#4677,1.);
#3765=VECTOR('',#4678,1.);
#3766=VECTOR('',#4679,1.);
#3767=VECTOR('',#4680,1.);
#3768=VECTOR('',#4681,1.);
#3769=VECTOR('',#4682,1.);
#3770=VECTOR('',#4683,1.);
#3771=VECTOR('',#4684,1.);
#3772=VECTOR('',#4685,1.);
#3773=AXIS2_PLACEMENT_3D('',#4690,#3977,#3978);
#3774=AXIS2_PLACEMENT_3D('',#4699,#3983,#3984);
#3775=AXIS2_PLACEMENT_3D('',#4700,#3985,#3986);
#3776=AXIS2_PLACEMENT_3D('',#4704,#3988,#3989);
#3777=AXIS2_PLACEMENT_3D('',#4705,#3990,#3991);
#3778=AXIS2_PLACEMENT_3D('',#4711,#3995,#3996);
#3779=AXIS2_PLACEMENT_3D('',#4712,#3997,#3998);
#3780=AXIS2_PLACEMENT_3D('',#4716,#4000,#4001);
#3781=AXIS2_PLACEMENT_3D('',#4717,#4002,#4003);
#3782=AXIS2_PLACEMENT_3D('',#4723,#4007,#4008);
#3783=AXIS2_PLACEMENT_3D('',#4729,#4012,#4013);
#3784=AXIS2_PLACEMENT_3D('',#4735,#4017,#4018);
#3785=AXIS2_PLACEMENT_3D('',#4741,#4022,#4023);
#3786=AXIS2_PLACEMENT_3D('',#4747,#4027,#4028);
#3787=AXIS2_PLACEMENT_3D('',#4748,#4029,#4030);
#3788=AXIS2_PLACEMENT_3D('',#4752,#4032,#4033);
#3789=AXIS2_PLACEMENT_3D('',#4753,#4034,#4035);
#3790=AXIS2_PLACEMENT_3D('',#4759,#4039,#4040);
#3791=AXIS2_PLACEMENT_3D('',#4760,#4041,#4042);
#3792=AXIS2_PLACEMENT_3D('',#4764,#4044,#4045);
#3793=AXIS2_PLACEMENT_3D('',#4765,#4046,#4047);
#3794=AXIS2_PLACEMENT_3D('',#4771,#4051,#4052);
#3795=AXIS2_PLACEMENT_3D('',#4777,#4056,#4057);
#3796=AXIS2_PLACEMENT_3D('',#4783,#4061,#4062);
#3797=AXIS2_PLACEMENT_3D('',#4786,#4065,#4066);
#3798=AXIS2_PLACEMENT_3D('',#4823,#4067,#4068);
#3799=AXIS2_PLACEMENT_3D('',#4824,#4069,#4070);
#3800=AXIS2_PLACEMENT_3D('',#4826,#4071,#4072);
#3801=AXIS2_PLACEMENT_3D('',#4827,#4073,#4074);
#3802=AXIS2_PLACEMENT_3D('',#4829,#4075,#4076);
#3803=AXIS2_PLACEMENT_3D('',#4830,#4077,#4078);
#3804=AXIS2_PLACEMENT_3D('',#4935,#4079,#4080);
#3805=AXIS2_PLACEMENT_3D('',#5480,#4081,#4082);
#3806=AXIS2_PLACEMENT_3D('',#5885,#4083,#4084);
#3807=AXIS2_PLACEMENT_3D('',#6554,#4089,#4090);
#3808=AXIS2_PLACEMENT_3D('',#6558,#4092,#4093);
#3809=AXIS2_PLACEMENT_3D('',#6566,#4097,#4098);
#3810=AXIS2_PLACEMENT_3D('',#6570,#4100,#4101);
#3811=AXIS2_PLACEMENT_3D('',#6574,#4103,#4104);
#3812=AXIS2_PLACEMENT_3D('',#6579,#4107,#4108);
#3813=AXIS2_PLACEMENT_3D('',#6583,#4110,#4111);
#3814=AXIS2_PLACEMENT_3D('',#6584,#4112,#4113);
#3815=AXIS2_PLACEMENT_3D('',#6588,#4115,#4116);
#3816=AXIS2_PLACEMENT_3D('',#6592,#4118,#4119);
#3817=AXIS2_PLACEMENT_3D('',#6596,#4121,#4122);
#3818=AXIS2_PLACEMENT_3D('',#6601,#4125,#4126);
#3819=AXIS2_PLACEMENT_3D('',#6605,#4128,#4129);
#3820=AXIS2_PLACEMENT_3D('',#6609,#4131,#4132);
#3821=AXIS2_PLACEMENT_3D('',#6614,#4135,#4136);
#3822=AXIS2_PLACEMENT_3D('',#6617,#4139,#4140);
#3823=AXIS2_PLACEMENT_3D('',#6620,#4143,#4144);
#3824=AXIS2_PLACEMENT_3D('',#6621,#4145,#4146);
#3825=AXIS2_PLACEMENT_3D('',#6624,#4149,#4150);
#3826=AXIS2_PLACEMENT_3D('',#6627,#4153,#4154);
#3827=AXIS2_PLACEMENT_3D('',#6630,#4157,#4158);
#3828=AXIS2_PLACEMENT_3D('',#6633,#4161,#4162);
#3829=AXIS2_PLACEMENT_3D('',#6636,#4165,#4166);
#3830=AXIS2_PLACEMENT_3D('',#6637,#4167,#4168);
#3831=AXIS2_PLACEMENT_3D('',#6638,#4169,#4170);
#3832=AXIS2_PLACEMENT_3D('',#6639,#4171,#4172);
#3833=AXIS2_PLACEMENT_3D('',#6640,#4173,#4174);
#3834=AXIS2_PLACEMENT_3D('',#6641,#4175,#4176);
#3835=AXIS2_PLACEMENT_3D('',#6642,#4177,#4178);
#3836=AXIS2_PLACEMENT_3D('',#6643,#4179,#4180);
#3837=AXIS2_PLACEMENT_3D('',#6652,#4185,#4186);
#3838=AXIS2_PLACEMENT_3D('',#6661,#4191,#4192);
#3839=AXIS2_PLACEMENT_3D('',#6665,#4194,#4195);
#3840=AXIS2_PLACEMENT_3D('',#6669,#4197,#4198);
#3841=AXIS2_PLACEMENT_3D('',#6673,#4200,#4201);
#3842=AXIS2_PLACEMENT_3D('',#6681,#4205,#4206);
#3843=AXIS2_PLACEMENT_3D('',#6682,#4207,#4208);
#3844=AXIS2_PLACEMENT_3D('',#6683,#4209,#4210);
#3845=AXIS2_PLACEMENT_3D('',#6688,#4213,#4214);
#3846=AXIS2_PLACEMENT_3D('',#6694,#4218,#4219);
#3847=AXIS2_PLACEMENT_3D('',#6698,#4221,#4222);
#3848=AXIS2_PLACEMENT_3D('',#6706,#4226,#4227);
#3849=AXIS2_PLACEMENT_3D('',#6707,#4228,#4229);
#3850=AXIS2_PLACEMENT_3D('',#6708,#4230,#4231);
#3851=AXIS2_PLACEMENT_3D('',#6713,#4234,#4235);
#3852=AXIS2_PLACEMENT_3D('',#6717,#4237,#4238);
#3853=AXIS2_PLACEMENT_3D('',#6718,#4239,#4240);
#3854=AXIS2_PLACEMENT_3D('',#6721,#4243,#4244);
#3855=AXIS2_PLACEMENT_3D('',#6724,#4247,#4248);
#3856=AXIS2_PLACEMENT_3D('',#6725,#4249,#4250);
#3857=AXIS2_PLACEMENT_3D('',#6728,#4253,#4254);
#3858=AXIS2_PLACEMENT_3D('',#6731,#4257,#4258);
#3859=AXIS2_PLACEMENT_3D('',#6734,#4261,#4262);
#3860=AXIS2_PLACEMENT_3D('',#6735,#4263,#4264);
#3861=AXIS2_PLACEMENT_3D('',#6736,#4265,#4266);
#3862=AXIS2_PLACEMENT_3D('',#6737,#4267,#4268);
#3863=AXIS2_PLACEMENT_3D('',#6738,#4269,#4270);
#3864=AXIS2_PLACEMENT_3D('',#6739,#4271,#4272);
#3865=AXIS2_PLACEMENT_3D('',#6740,#4273,#4274);
#3866=AXIS2_PLACEMENT_3D('',#6741,#4275,#4276);
#3867=AXIS2_PLACEMENT_3D('',#6745,#4278,#4279);
#3868=AXIS2_PLACEMENT_3D('',#6749,#4281,#4282);
#3869=AXIS2_PLACEMENT_3D('',#6753,#4284,#4285);
#3870=AXIS2_PLACEMENT_3D('',#6757,#4287,#4288);
#3871=AXIS2_PLACEMENT_3D('',#6758,#4289,#4290);
#3872=AXIS2_PLACEMENT_3D('',#6771,#4296,#4297);
#3873=AXIS2_PLACEMENT_3D('',#6775,#4299,#4300);
#3874=AXIS2_PLACEMENT_3D('',#6787,#4306,#4307);
#3875=AXIS2_PLACEMENT_3D('',#6790,#4309,#4310);
#3876=AXIS2_PLACEMENT_3D('',#6796,#4314,#4315);
#3877=AXIS2_PLACEMENT_3D('',#6797,#4316,#4317);
#3878=AXIS2_PLACEMENT_3D('',#6800,#4319,#4320);
#3879=AXIS2_PLACEMENT_3D('',#6804,#4323,#4324);
#3880=AXIS2_PLACEMENT_3D('',#6805,#4325,#4326);
#3881=AXIS2_PLACEMENT_3D('',#6808,#4328,#4329);
#3882=AXIS2_PLACEMENT_3D('',#6812,#4332,#4333);
#3883=AXIS2_PLACEMENT_3D('',#6813,#4334,#4335);
#3884=AXIS2_PLACEMENT_3D('',#6816,#4337,#4338);
#3885=AXIS2_PLACEMENT_3D('',#6820,#4341,#4342);
#3886=AXIS2_PLACEMENT_3D('',#6821,#4343,#4344);
#3887=AXIS2_PLACEMENT_3D('',#6822,#4345,#4346);
#3888=AXIS2_PLACEMENT_3D('',#6823,#4347,#4348);
#3889=AXIS2_PLACEMENT_3D('',#6829,#4352,#4353);
#3890=AXIS2_PLACEMENT_3D('',#6830,#4354,#4355);
#3891=AXIS2_PLACEMENT_3D('',#6833,#4357,#4358);
#3892=AXIS2_PLACEMENT_3D('',#6837,#4361,#4362);
#3893=AXIS2_PLACEMENT_3D('',#6838,#4363,#4364);
#3894=AXIS2_PLACEMENT_3D('',#6841,#4366,#4367);
#3895=AXIS2_PLACEMENT_3D('',#6845,#4370,#4371);
#3896=AXIS2_PLACEMENT_3D('',#6849,#4374,#4375);
#3897=AXIS2_PLACEMENT_3D('',#6853,#4378,#4379);
#3898=AXIS2_PLACEMENT_3D('',#6857,#4382,#4383);
#3899=AXIS2_PLACEMENT_3D('',#6861,#4386,#4387);
#3900=AXIS2_PLACEMENT_3D('',#6862,#4388,#4389);
#3901=AXIS2_PLACEMENT_3D('',#6865,#4391,#4392);
#3902=AXIS2_PLACEMENT_3D('',#6869,#4395,#4396);
#3903=AXIS2_PLACEMENT_3D('',#6870,#4397,#4398);
#3904=AXIS2_PLACEMENT_3D('',#6873,#4400,#4401);
#3905=AXIS2_PLACEMENT_3D('',#6877,#4404,#4405);
#3906=AXIS2_PLACEMENT_3D('',#6881,#4408,#4409);
#3907=AXIS2_PLACEMENT_3D('',#6885,#4412,#4413);
#3908=AXIS2_PLACEMENT_3D('',#6887,#4415,#4416);
#3909=AXIS2_PLACEMENT_3D('',#6888,#4417,#4418);
#3910=AXIS2_PLACEMENT_3D('',#6890,#4419,#4420);
#3911=AXIS2_PLACEMENT_3D('',#6891,#4421,#4422);
#3912=AXIS2_PLACEMENT_3D('',#6893,#4423,#4424);
#3913=AXIS2_PLACEMENT_3D('',#6894,#4425,#4426);
#3914=AXIS2_PLACEMENT_3D('',#6909,#4429,#4430);
#3915=AXIS2_PLACEMENT_3D('',#6921,#4432,#4433);
#3916=AXIS2_PLACEMENT_3D('',#6933,#4435,#4436);
#3917=AXIS2_PLACEMENT_3D('',#6945,#4438,#4439);
#3918=AXIS2_PLACEMENT_3D('',#6957,#4441,#4442);
#3919=AXIS2_PLACEMENT_3D('',#6969,#4444,#4445);
#3920=AXIS2_PLACEMENT_3D('',#6981,#4447,#4448);
#3921=AXIS2_PLACEMENT_3D('',#6993,#4450,#4451);
#3922=AXIS2_PLACEMENT_3D('',#7005,#4453,#4454);
#3923=AXIS2_PLACEMENT_3D('',#7017,#4456,#4457);
#3924=AXIS2_PLACEMENT_3D('',#7029,#4459,#4460);
#3925=AXIS2_PLACEMENT_3D('',#7074,#4465,#4466);
#3926=AXIS2_PLACEMENT_3D('',#7075,#4467,#4468);
#3927=AXIS2_PLACEMENT_3D('',#7076,#4469,#4470);
#3928=AXIS2_PLACEMENT_3D('',#7223,#4488,#4489);
#3929=AXIS2_PLACEMENT_3D('',#7358,#4505,#4506);
#3930=AXIS2_PLACEMENT_3D('',#7509,#4521,#4522);
#3931=AXIS2_PLACEMENT_3D('',#7510,#4523,#4524);
#3932=AXIS2_PLACEMENT_3D('',#7525,#4527,#4528);
#3933=AXIS2_PLACEMENT_3D('',#7537,#4530,#4531);
#3934=AXIS2_PLACEMENT_3D('',#7606,#4539,#4540);
#3935=AXIS2_PLACEMENT_3D('',#7645,#4544,#4545);
#3936=AXIS2_PLACEMENT_3D('',#7654,#4546,#4547);
#3937=AXIS2_PLACEMENT_3D('',#7655,#4548,#4549);
#3938=AXIS2_PLACEMENT_3D('',#7656,#4550,#4551);
#3939=AXIS2_PLACEMENT_3D('',#7671,#4554,#4555);
#3940=AXIS2_PLACEMENT_3D('',#7683,#4557,#4558);
#3941=AXIS2_PLACEMENT_3D('',#7695,#4560,#4561);
#3942=AXIS2_PLACEMENT_3D('',#7707,#4563,#4564);
#3943=AXIS2_PLACEMENT_3D('',#7719,#4566,#4567);
#3944=AXIS2_PLACEMENT_3D('',#7731,#4569,#4570);
#3945=AXIS2_PLACEMENT_3D('',#7743,#4572,#4573);
#3946=AXIS2_PLACEMENT_3D('',#7755,#4575,#4576);
#3947=AXIS2_PLACEMENT_3D('',#7767,#4578,#4579);
#3948=AXIS2_PLACEMENT_3D('',#7779,#4581,#4582);
#3949=AXIS2_PLACEMENT_3D('',#7791,#4584,#4585);
#3950=AXIS2_PLACEMENT_3D('',#7800,#4586,#4587);
#3951=AXIS2_PLACEMENT_3D('',#7801,#4588,#4589);
#3952=AXIS2_PLACEMENT_3D('',#7802,#4590,#4591);
#3953=AXIS2_PLACEMENT_3D('',#7817,#4594,#4595);
#3954=AXIS2_PLACEMENT_3D('',#7829,#4597,#4598);
#3955=AXIS2_PLACEMENT_3D('',#7841,#4600,#4601);
#3956=AXIS2_PLACEMENT_3D('',#7850,#4602,#4603);
#3957=AXIS2_PLACEMENT_3D('',#7851,#4604,#4605);
#3958=AXIS2_PLACEMENT_3D('',#7852,#4606,#4607);
#3959=AXIS2_PLACEMENT_3D('',#7867,#4610,#4611);
#3960=AXIS2_PLACEMENT_3D('',#7879,#4613,#4614);
#3961=AXIS2_PLACEMENT_3D('',#7891,#4616,#4617);
#3962=AXIS2_PLACEMENT_3D('',#7900,#4618,#4619);
#3963=AXIS2_PLACEMENT_3D('',#7901,#4620,#4621);
#3964=AXIS2_PLACEMENT_3D('',#7902,#4622,#4623);
#3965=AXIS2_PLACEMENT_3D('',#7917,#4626,#4627);
#3966=AXIS2_PLACEMENT_3D('',#7929,#4629,#4630);
#3967=AXIS2_PLACEMENT_3D('',#8019,#4640,#4641);
#3968=AXIS2_PLACEMENT_3D('',#8103,#4651,#4652);
#3969=AXIS2_PLACEMENT_3D('',#8112,#4653,#4654);
#3970=AXIS2_PLACEMENT_3D('',#8113,#4655,#4656);
#3971=AXIS2_PLACEMENT_3D('',#8114,#4657,#4658);
#3972=AXIS2_PLACEMENT_3D('',#8165,#4664,#4665);
#3973=AXIS2_PLACEMENT_3D('',#8231,#4671,#4672);
#3974=AXIS2_PLACEMENT_3D('',#8243,#4674,#4675);
#3975=AXIS2_PLACEMENT_3D('',#8388,#4686,#4687);
#3976=AXIS2_PLACEMENT_3D('',#8389,#4688,#4689);
#3977=DIRECTION('',(0.,0.,1.));
#3978=DIRECTION('',(1.,0.,0.));
#3979=DIRECTION('',(-1.,0.,0.));
#3980=DIRECTION('',(-1.88988891263198E-16,0.0871557427476581,0.996194698091746));
#3981=DIRECTION('',(-1.,0.,0.));
#3982=DIRECTION('',(0.0502558102331943,0.0870456108684821,0.994935884952562));
#3983=DIRECTION('',(0.,0.996194698091746,-0.0871557427476581));
#3984=DIRECTION('',(0.,0.0871557427476581,0.996194698091746));
#3985=DIRECTION('',(0.,0.,-1.));
#3986=DIRECTION('',(1.,0.,0.));
#3987=DIRECTION('',(0.0871557427476581,-1.01244048890999E-16,0.996194698091746));
#3988=DIRECTION('',(0.,0.,-1.));
#3989=DIRECTION('',(-0.999999999999999,0.,0.));
#3990=DIRECTION('',(0.,0.,-1.));
#3991=DIRECTION('',(1.,1.23642227956294E-16,0.));
#3992=DIRECTION('',(1.1616451848059E-15,1.,0.));
#3993=DIRECTION('',(0.0871557427476581,-3.77977782526394E-16,0.996194698091746));
#3994=DIRECTION('',(1.1616451848059E-15,1.,0.));
#3995=DIRECTION('',(0.996194698091746,-1.15722477416744E-15,-0.0871557427476581));
#3996=DIRECTION('',(-0.0871557427476581,0.,-0.996194698091746));
#3997=DIRECTION('',(0.,0.,-1.));
#3998=DIRECTION('',(1.,0.,0.));
#3999=DIRECTION('',(0.,-0.0871557427476581,0.996194698091746));
#4000=DIRECTION('',(0.,0.,-1.));
#4001=DIRECTION('',(-0.999999999999999,0.,0.));
#4002=DIRECTION('',(0.,0.,-1.));
#4003=DIRECTION('',(1.,1.23642227956294E-16,0.));
#4004=DIRECTION('',(1.,0.,0.));
#4005=DIRECTION('',(0.0502558102331943,-0.0870456108684821,0.994935884952562));
#4006=DIRECTION('',(1.,0.,0.));
#4007=DIRECTION('',(0.,-0.996194698091746,-0.0871557427476581));
#4008=DIRECTION('',(0.,0.0871557427476581,-0.996194698091746));
#4009=DIRECTION('',(0.499999949759525,0.866025432790788,0.));
#4010=DIRECTION('',(0.0502558102331943,-0.0870456108684821,0.994935884952562));
#4011=DIRECTION('',(0.499999949759525,0.866025432790788,0.));
#4012=DIRECTION('',(0.862729944558793,-0.498097298996578,-0.0871557427476581));
#4013=DIRECTION('',(0.499999949759525,0.866025432790788,0.));
#4014=DIRECTION('',(1.,0.,0.));
#4015=DIRECTION('',(-0.0502558068751962,-0.087045610883209,0.994935885120892));
#4016=DIRECTION('',(1.,0.,0.));
#4017=DIRECTION('',(0.,-0.996194698091746,-0.0871557427476581));
#4018=DIRECTION('',(0.,0.0871557427476581,-0.996194698091746));
#4019=DIRECTION('',(0.499999999999999,-0.866025403784439,0.));
#4020=DIRECTION('',(-0.0502558068751962,-0.087045610883209,0.994935885120892));
#4021=DIRECTION('',(0.499999999999999,-0.866025403784439,0.));
#4022=DIRECTION('',(-0.862729915662822,-0.498097349045872,-0.0871557427476581));
#4023=DIRECTION('',(0.499999999999999,-0.866025403784439,0.));
#4024=DIRECTION('',(1.,0.,0.));
#4025=DIRECTION('',(1.88988891263198E-16,-0.0871557427476581,0.996194698091746));
#4026=DIRECTION('',(1.,0.,0.));
#4027=DIRECTION('',(0.,-0.996194698091746,-0.0871557427476581));
#4028=DIRECTION('',(0.,0.0871557427476581,-0.996194698091746));
#4029=DIRECTION('',(0.,0.,-1.));
#4030=DIRECTION('',(1.,0.,0.));
#4031=DIRECTION('',(-0.0871557427476581,1.01244048890999E-16,0.996194698091746));
#4032=DIRECTION('',(0.,0.,-1.));
#4033=DIRECTION('',(-0.999999999999999,0.,0.));
#4034=DIRECTION('',(0.,0.,-1.));
#4035=DIRECTION('',(1.,1.23642227956294E-16,0.));
#4036=DIRECTION('',(-1.1616451848059E-15,-1.,0.));
#4037=DIRECTION('',(-0.0871557427476581,3.77977782526394E-16,0.996194698091746));
#4038=DIRECTION('',(-1.1616451848059E-15,-1.,0.));
#4039=DIRECTION('',(-0.996194698091746,1.15722477416744E-15,-0.0871557427476581));
#4040=DIRECTION('',(-0.0871557427476581,0.,0.996194698091746));
#4041=DIRECTION('',(0.,0.,-1.));
#4042=DIRECTION('',(1.,0.,0.));
#4043=DIRECTION('',(0.,0.0871557427476581,0.996194698091746));
#4044=DIRECTION('',(0.,0.,-1.));
#4045=DIRECTION('',(-0.999999999999999,0.,0.));
#4046=DIRECTION('',(0.,0.,-1.));
#4047=DIRECTION('',(1.,1.23642227956294E-16,0.));
#4048=DIRECTION('',(-1.,0.,0.));
#4049=DIRECTION('',(-0.0502558068751962,0.087045610883209,0.994935885120892));
#4050=DIRECTION('',(-1.,0.,0.));
#4051=DIRECTION('',(0.,0.996194698091746,-0.0871557427476581));
#4052=DIRECTION('',(0.,0.0871557427476581,0.996194698091746));
#4053=DIRECTION('',(-0.499999999999999,-0.866025403784439,0.));
#4054=DIRECTION('',(-0.0502558068751962,0.087045610883209,0.994935885120892));
#4055=DIRECTION('',(-0.499999999999999,-0.866025403784439,0.));
#4056=DIRECTION('',(-0.862729915662822,0.498097349045872,-0.0871557427476581));
#4057=DIRECTION('',(-0.499999999999999,-0.866025403784439,0.));
#4058=DIRECTION('',(-1.,0.,0.));
#4059=DIRECTION('',(0.0502558102331943,0.0870456108684821,0.994935884952562));
#4060=DIRECTION('',(-1.,0.,0.));
#4061=DIRECTION('',(0.,0.996194698091746,-0.0871557427476581));
#4062=DIRECTION('',(0.,0.0871557427476581,0.996194698091746));
#4063=DIRECTION('',(-0.499999949759525,0.866025432790788,0.));
#4064=DIRECTION('',(-0.499999949759525,0.866025432790788,0.));
#4065=DIRECTION('',(0.862729944558793,0.498097298996578,-0.0871557427476581));
#4066=DIRECTION('',(-0.499999949759525,0.866025432790788,0.));
#4067=DIRECTION('',(0.,0.,-1.));
#4068=DIRECTION('',(-1.,0.,0.));
#4069=DIRECTION('',(0.,0.,-1.));
#4070=DIRECTION('',(1.,1.22464679914735E-16,0.));
#4071=DIRECTION('',(0.,0.,-1.));
#4072=DIRECTION('',(-1.,0.,0.));
#4073=DIRECTION('',(0.,0.,-1.));
#4074=DIRECTION('',(1.,1.22464679914735E-16,0.));
#4075=DIRECTION('',(0.,0.,-1.));
#4076=DIRECTION('',(-1.,0.,0.));
#4077=DIRECTION('',(0.,0.,-1.));
#4078=DIRECTION('',(-1.,0.,0.));
#4079=DIRECTION('',(0.,0.,-1.));
#4080=DIRECTION('',(-1.,0.,0.));
#4081=DIRECTION('',(0.,-1.,0.));
#4082=DIRECTION('',(-1.,0.,1.83718058127669E-16));
#4083=DIRECTION('',(-1.2804039788723E-15,1.,8.52164558109115E-31));
#4084=DIRECTION('',(1.,1.2804039788723E-15,1.22298005056365E-16));
#4085=DIRECTION('',(0.,-1.,0.));
#4086=DIRECTION('',(1.,4.8186763221578E-16,4.8186763221578E-16));
#4087=DIRECTION('',(0.,-1.,0.));
#4088=DIRECTION('',(1.,0.,4.8186763221578E-16));
#4089=DIRECTION('',(4.8186763221578E-16,0.,-1.));
#4090=DIRECTION('',(-1.,0.,-4.82253126321552E-16));
#4091=DIRECTION('',(0.,1.,0.));
#4092=DIRECTION('',(-1.,0.,0.));
#4093=DIRECTION('',(0.,0.,1.));
#4094=DIRECTION('',(0.,0.,1.));
#4095=DIRECTION('',(-9.63735264431557E-16,-1.,0.));
#4096=DIRECTION('',(0.,0.,-1.));
#4097=DIRECTION('',(1.,0.,0.));
#4098=DIRECTION('',(0.,0.,1.));
#4099=DIRECTION('',(0.,1.,0.));
#4100=DIRECTION('',(1.,0.,0.));
#4101=DIRECTION('',(0.,0.,1.));
#4102=DIRECTION('',(0.,0.,1.));
#4103=DIRECTION('',(1.,0.,0.));
#4104=DIRECTION('',(0.,0.,1.));
#4105=DIRECTION('',(0.,0.,-1.));
#4106=DIRECTION('',(0.,-1.,0.));
#4107=DIRECTION('',(-1.,0.,0.));
#4108=DIRECTION('',(0.,0.,1.));
#4109=DIRECTION('',(0.,0.,-1.));
#4110=DIRECTION('',(-1.,0.,0.));
#4111=DIRECTION('',(0.,0.,1.));
#4112=DIRECTION('',(-1.,0.,0.));
#4113=DIRECTION('',(0.,0.,1.));
#4114=DIRECTION('',(4.8186763221578E-16,0.,-1.));
#4115=DIRECTION('',(1.,0.,4.81867632215779E-16));
#4116=DIRECTION('',(5.42101086242752E-16,0.,-1.));
#4117=DIRECTION('',(4.8186763221578E-16,-1.,0.));
#4118=DIRECTION('',(1.,0.,4.81867632215779E-16));
#4119=DIRECTION('',(5.42101086242752E-16,0.,-1.));
#4120=DIRECTION('',(-4.81867632215779E-16,0.,1.));
#4121=DIRECTION('',(1.,0.,4.81867632215779E-16));
#4122=DIRECTION('',(5.42101086242752E-16,0.,-1.));
#4123=DIRECTION('',(0.,-1.,0.));
#4124=DIRECTION('',(-4.81867632215779E-16,0.,1.));
#4125=DIRECTION('',(-1.,0.,-4.81867632215779E-16));
#4126=DIRECTION('',(5.42101086242752E-16,0.,-1.));
#4127=DIRECTION('',(0.,0.,1.));
#4128=DIRECTION('',(-1.,0.,-4.81867632215779E-16));
#4129=DIRECTION('',(5.42101086242752E-16,0.,-1.));
#4130=DIRECTION('',(0.,1.,0.));
#4131=DIRECTION('',(-1.,0.,-4.81867632215779E-16));
#4132=DIRECTION('',(5.42101086242752E-16,0.,-1.));
#4133=DIRECTION('',(0.,0.,-1.));
#4134=DIRECTION('',(-4.81867632215779E-16,1.,0.));
#4135=DIRECTION('',(1.,0.,4.81867632215779E-16));
#4136=DIRECTION('',(4.81819445452558E-16,0.,-1.));
#4137=DIRECTION('',(-1.,0.,-1.44560289664734E-15));
#4138=DIRECTION('',(-1.,0.,-1.44560289664734E-15));
#4139=DIRECTION('',(-1.44560289664734E-15,0.,1.));
#4140=DIRECTION('',(1.,0.,1.44589201722667E-15));
#4141=DIRECTION('',(-1.,0.,0.));
#4142=DIRECTION('',(1.,0.,1.44560289664734E-15));
#4143=DIRECTION('',(0.,-1.,0.));
#4144=DIRECTION('',(0.,0.,-1.));
#4145=DIRECTION('',(0.,-1.,0.));
#4146=DIRECTION('',(0.,0.,-1.));
#4147=DIRECTION('',(-1.,-4.8186763221578E-16,-4.8186763221578E-16));
#4148=DIRECTION('',(1.,4.8186763221578E-16,-3.61400724161835E-16));
#4149=DIRECTION('',(-4.8186763221578E-16,1.,0.));
#4150=DIRECTION('',(-1.,-4.81819445452558E-16,0.));
#4151=DIRECTION('',(-1.,0.,0.));
#4152=DIRECTION('',(1.,0.,0.));
#4153=DIRECTION('',(0.,0.,-1.));
#4154=DIRECTION('',(-1.,0.,0.));
#4155=DIRECTION('',(-1.,-4.8186763221578E-16,3.61400724161835E-16));
#4156=DIRECTION('',(1.,-4.8186763221578E-16,-3.61400724161835E-16));
#4157=DIRECTION('',(3.61400724161835E-16,0.,1.));
#4158=DIRECTION('',(1.,0.,-3.61473004306667E-16));
#4159=DIRECTION('',(1.,0.,0.));
#4160=DIRECTION('',(1.,0.,0.));
#4161=DIRECTION('',(0.,1.,0.));
#4162=DIRECTION('',(0.,0.,1.));
#4163=DIRECTION('',(-1.,4.8186763221578E-16,3.61400724161835E-16));
#4164=DIRECTION('',(-1.,4.8186763221578E-16,0.));
#4165=DIRECTION('',(-4.8186763221578E-16,-1.,0.));
#4166=DIRECTION('',(1.,-4.81819445452558E-16,0.));
#4167=DIRECTION('',(0.,0.,1.));
#4168=DIRECTION('',(1.,0.,0.));
#4169=DIRECTION('',(1.,4.8186763221578E-16,4.8186763221578E-16));
#4170=DIRECTION('',(0.,0.,-1.));
#4171=DIRECTION('',(1.,4.8186763221578E-16,-3.61400724161835E-16));
#4172=DIRECTION('',(-5.42101086242752E-16,1.,0.));
#4173=DIRECTION('',(-1.,4.8186763221578E-16,3.61400724161835E-16));
#4174=DIRECTION('',(-5.42101086242752E-16,-1.,0.));
#4175=DIRECTION('',(1.,0.,0.));
#4176=DIRECTION('',(0.,0.,-1.));
#4177=DIRECTION('',(-1.,0.,0.));
#4178=DIRECTION('',(0.,0.,1.));
#4179=DIRECTION('',(1.,0.,1.44560289664734E-15));
#4180=DIRECTION('',(1.62630325872826E-15,0.,-1.));
#4181=DIRECTION('',(0.,1.,0.));
#4182=DIRECTION('',(-1.,4.8186763221578E-16,-3.61400724161835E-16));
#4183=DIRECTION('',(0.,1.,0.));
#4184=DIRECTION('',(1.,4.8186763221578E-16,3.61400724161835E-16));
#4185=DIRECTION('',(-3.61400724161835E-16,0.,1.));
#4186=DIRECTION('',(1.,0.,3.61473004306667E-16));
#4187=DIRECTION('',(0.,0.,1.));
#4188=DIRECTION('',(-1.,4.8186763221578E-16,-1.84464952957603E-16));
#4189=DIRECTION('',(0.,0.,1.));
#4190=DIRECTION('',(1.,-4.8186763221578E-16,3.61400724161835E-16));
#4191=DIRECTION('',(-4.8186763221578E-16,-1.,0.));
#4192=DIRECTION('',(1.,-4.81819445452558E-16,0.));
#4193=DIRECTION('',(0.,0.,-1.));
#4194=DIRECTION('',(1.,0.,-9.63735264431559E-16));
#4195=DIRECTION('',(1.0842021724855E-15,0.,1.));
#4196=DIRECTION('',(0.,1.,0.));
#4197=DIRECTION('',(1.,0.,-9.63735264431559E-16));
#4198=DIRECTION('',(1.0842021724855E-15,0.,1.));
#4199=DIRECTION('',(-9.63735264431559E-16,0.,-1.));
#4200=DIRECTION('',(1.,0.,-9.63735264431559E-16));
#4201=DIRECTION('',(1.0842021724855E-15,0.,1.));
#4202=DIRECTION('',(0.,-1.,0.));
#4203=DIRECTION('',(-9.63735264431559E-16,0.,-1.));
#4204=DIRECTION('',(0.,-1.,0.));
#4205=DIRECTION('',(-1.,0.,9.63735264431559E-16));
#4206=DIRECTION('',(1.0842021724855E-15,0.,1.));
#4207=DIRECTION('',(-1.,0.,9.63735264431559E-16));
#4208=DIRECTION('',(1.0842021724855E-15,0.,1.));
#4209=DIRECTION('',(-1.,0.,9.63735264431559E-16));
#4210=DIRECTION('',(1.0842021724855E-15,0.,1.));
#4211=DIRECTION('',(0.,0.,-1.));
#4212=DIRECTION('',(9.63735264431557E-16,-1.,0.));
#4213=DIRECTION('',(-1.,0.,9.63735264431559E-16));
#4214=DIRECTION('',(9.63638890905116E-16,0.,1.));
#4215=DIRECTION('',(0.,-1.,0.));
#4216=DIRECTION('',(1.,-4.8186763221578E-16,1.84464952957603E-16));
#4217=DIRECTION('',(-1.,0.,-1.84464952957603E-16));
#4218=DIRECTION('',(-1.84464952957603E-16,0.,1.));
#4219=DIRECTION('',(1.,0.,1.84463447121253E-16));
#4220=DIRECTION('',(-4.8186763221578E-16,-1.,0.));
#4221=DIRECTION('',(-1.,0.,-4.8186763221578E-16));
#4222=DIRECTION('',(5.42101086242752E-16,0.,-1.));
#4223=DIRECTION('',(4.8186763221578E-16,0.,1.));
#4224=DIRECTION('',(4.81867632215779E-16,1.,0.));
#4225=DIRECTION('',(0.,0.,-1.));
#4226=DIRECTION('',(1.,0.,4.8186763221578E-16));
#4227=DIRECTION('',(5.42101086242752E-16,0.,-1.));
#4228=DIRECTION('',(1.,0.,4.8186763221578E-16));
#4229=DIRECTION('',(5.42101086242752E-16,0.,-1.));
#4230=DIRECTION('',(1.,0.,4.8186763221578E-16));
#4231=DIRECTION('',(5.42101086242752E-16,0.,-1.));
#4232=DIRECTION('',(-4.8186763221578E-16,0.,1.));
#4233=DIRECTION('',(0.,-1.,0.));
#4234=DIRECTION('',(-1.,0.,-4.8186763221578E-16));
#4235=DIRECTION('',(5.42101086242752E-16,0.,-1.));
#4236=DIRECTION('',(-4.8186763221578E-16,0.,1.));
#4237=DIRECTION('',(-1.,0.,-4.8186763221578E-16));
#4238=DIRECTION('',(5.42101086242752E-16,0.,-1.));
#4239=DIRECTION('',(1.,0.,4.8186763221578E-16));
#4240=DIRECTION('',(4.81819445452558E-16,0.,-1.));
#4241=DIRECTION('',(-1.,0.,-1.80700362080917E-16));
#4242=DIRECTION('',(1.,0.,1.80700362080917E-16));
#4243=DIRECTION('',(1.80700362080917E-16,0.,-1.));
#4244=DIRECTION('',(-1.,0.,-1.80682292044709E-16));
#4245=DIRECTION('',(1.,0.,1.80700362080917E-16));
#4246=DIRECTION('',(-1.,0.,0.));
#4247=DIRECTION('',(0.,1.,0.));
#4248=DIRECTION('',(0.,0.,1.));
#4249=DIRECTION('',(0.,1.,0.));
#4250=DIRECTION('',(0.,0.,1.));
#4251=DIRECTION('',(-1.,0.,0.));
#4252=DIRECTION('',(1.,0.,0.));
#4253=DIRECTION('',(0.,0.,1.));
#4254=DIRECTION('',(1.,0.,0.));
#4255=DIRECTION('',(1.,0.,0.));
#4256=DIRECTION('',(-1.,0.,0.));
#4257=DIRECTION('',(0.,1.,0.));
#4258=DIRECTION('',(0.,0.,1.));
#4259=DIRECTION('',(-1.,-4.8186763221578E-16,-3.61400724161835E-16));
#4260=DIRECTION('',(1.,4.8186763221578E-16,0.));
#4261=DIRECTION('',(-4.8186763221578E-16,1.,0.));
#4262=DIRECTION('',(-1.,-4.81819445452558E-16,0.));
#4263=DIRECTION('',(0.,0.,-1.));
#4264=DIRECTION('',(-1.,0.,0.));
#4265=DIRECTION('',(1.,-4.8186763221578E-16,1.84464952957603E-16));
#4266=DIRECTION('',(0.,1.,0.));
#4267=DIRECTION('',(-1.,4.8186763221578E-16,-3.61400724161835E-16));
#4268=DIRECTION('',(-5.42101086242752E-16,-1.,0.));
#4269=DIRECTION('',(-1.,-4.8186763221578E-16,-3.61400724161835E-16));
#4270=DIRECTION('',(5.42101086242752E-16,-1.,0.));
#4271=DIRECTION('',(-1.,0.,0.));
#4272=DIRECTION('',(0.,0.,1.));
#4273=DIRECTION('',(-1.,0.,-1.80700362080917E-16));
#4274=DIRECTION('',(-1.80700362080917E-16,0.,1.));
#4275=DIRECTION('',(1.,0.,0.));
#4276=DIRECTION('',(0.,0.,-1.));
#4277=DIRECTION('',(1.38275059679311E-15,-1.,0.));
#4278=DIRECTION('',(0.,0.,-1.));
#4279=DIRECTION('',(1.,0.,0.));
#4280=DIRECTION('',(-1.,0.,0.));
#4281=DIRECTION('',(0.,0.,-1.));
#4282=DIRECTION('',(1.,0.,0.));
#4283=DIRECTION('',(-1.38275059679311E-15,1.,0.));
#4284=DIRECTION('',(0.,0.,-1.));
#4285=DIRECTION('',(1.,0.,0.));
#4286=DIRECTION('',(1.,0.,0.));
#4287=DIRECTION('',(0.,0.,-1.));
#4288=DIRECTION('',(1.,0.,0.));
#4289=DIRECTION('',(0.,0.,-1.));
#4290=DIRECTION('',(-0.999999999999999,0.,0.));
#4291=DIRECTION('',(-1.,0.,0.));
#4292=DIRECTION('',(-0.499999949759525,0.866025432790788,0.));
#4293=DIRECTION('',(-1.,0.,0.));
#4294=DIRECTION('',(-0.499999999999999,-0.866025403784439,0.));
#4295=DIRECTION('',(-1.,0.,0.));
#4296=DIRECTION('',(0.,0.,-1.));
#4297=DIRECTION('',(-0.999999999999999,0.,0.));
#4298=DIRECTION('',(-1.1616451848059E-15,-1.,0.));
#4299=DIRECTION('',(0.,0.,-1.));
#4300=DIRECTION('',(-0.999999999999999,0.,0.));
#4301=DIRECTION('',(1.,0.,0.));
#4302=DIRECTION('',(0.499999999999999,-0.866025403784439,0.));
#4303=DIRECTION('',(1.,0.,0.));
#4304=DIRECTION('',(0.499999949759525,0.866025432790788,0.));
#4305=DIRECTION('',(1.,0.,0.));
#4306=DIRECTION('',(0.,0.,-1.));
#4307=DIRECTION('',(-0.999999999999999,0.,0.));
#4308=DIRECTION('',(1.1616451848059E-15,1.,0.));
#4309=DIRECTION('',(0.,0.,-1.));
#4310=DIRECTION('',(-1.,0.,0.));
#4311=DIRECTION('',(0.,0.,-1.));
#4312=DIRECTION('',(1.38275059679311E-15,-1.,0.));
#4313=DIRECTION('',(0.,0.,-1.));
#4314=DIRECTION('',(1.,1.38275059679311E-15,0.));
#4315=DIRECTION('',(-1.38257461035352E-15,1.,0.));
#4316=DIRECTION('',(0.,0.,-1.));
#4317=DIRECTION('',(1.,0.,0.));
#4318=DIRECTION('',(0.,0.,-1.));
#4319=DIRECTION('',(0.,0.,-1.));
#4320=DIRECTION('',(-1.,0.,0.));
#4321=DIRECTION('',(-1.,0.,0.));
#4322=DIRECTION('',(0.,0.,-1.));
#4323=DIRECTION('',(0.,-1.,0.));
#4324=DIRECTION('',(0.,0.,-1.));
#4325=DIRECTION('',(0.,0.,-1.));
#4326=DIRECTION('',(1.,0.,0.));
#4327=DIRECTION('',(0.,0.,-1.));
#4328=DIRECTION('',(0.,0.,-1.));
#4329=DIRECTION('',(-1.,0.,0.));
#4330=DIRECTION('',(-1.38275059679311E-15,1.,0.));
#4331=DIRECTION('',(0.,0.,-1.));
#4332=DIRECTION('',(-1.,-1.38275059679311E-15,0.));
#4333=DIRECTION('',(1.38257461035352E-15,-1.,0.));
#4334=DIRECTION('',(0.,0.,-1.));
#4335=DIRECTION('',(1.,0.,0.));
#4336=DIRECTION('',(0.,0.,-1.));
#4337=DIRECTION('',(0.,0.,-1.));
#4338=DIRECTION('',(-1.,0.,0.));
#4339=DIRECTION('',(1.,0.,0.));
#4340=DIRECTION('',(0.,0.,-1.));
#4341=DIRECTION('',(0.,1.,0.));
#4342=DIRECTION('',(0.,0.,1.));
#4343=DIRECTION('',(0.,0.,-1.));
#4344=DIRECTION('',(1.,0.,0.));
#4345=DIRECTION('',(0.,0.,-1.));
#4346=DIRECTION('',(-1.,0.,0.));
#4347=DIRECTION('',(0.,0.,-1.));
#4348=DIRECTION('',(-1.,0.,0.));
#4349=DIRECTION('',(1.,0.,0.));
#4350=DIRECTION('',(-0.0502558102331943,-0.0870456108684821,-0.994935884952562));
#4351=DIRECTION('',(1.88988891263198E-16,-0.0871557427476581,-0.996194698091746));
#4352=DIRECTION('',(0.,0.996194698091746,-0.0871557427476581));
#4353=DIRECTION('',(0.,0.0871557427476581,0.996194698091746));
#4354=DIRECTION('',(0.,0.,1.));
#4355=DIRECTION('',(1.,0.,0.));
#4356=DIRECTION('',(-0.0871557427476581,1.01244048890999E-16,-0.996194698091746));
#4357=DIRECTION('',(0.,0.,-1.));
#4358=DIRECTION('',(1.,1.23642227956294E-16,0.));
#4359=DIRECTION('',(-1.1616451848059E-15,-1.,0.));
#4360=DIRECTION('',(-0.0871557427476581,3.77977782526394E-16,-0.996194698091746));
#4361=DIRECTION('',(0.996194698091746,-1.15722477416744E-15,-0.0871557427476581));
#4362=DIRECTION('',(-0.0871557427476581,0.,-0.996194698091746));
#4363=DIRECTION('',(0.,0.,1.));
#4364=DIRECTION('',(1.,0.,0.));
#4365=DIRECTION('',(0.,0.0871557427476581,-0.996194698091746));
#4366=DIRECTION('',(0.,0.,-1.));
#4367=DIRECTION('',(1.,1.23642227956294E-16,0.));
#4368=DIRECTION('',(-1.,0.,0.));
#4369=DIRECTION('',(-0.0502558102331943,0.0870456108684821,-0.994935884952562));
#4370=DIRECTION('',(0.,-0.996194698091746,-0.0871557427476581));
#4371=DIRECTION('',(0.,0.0871557427476581,-0.996194698091746));
#4372=DIRECTION('',(-0.499999949759525,-0.866025432790788,0.));
#4373=DIRECTION('',(-0.0502558102331943,0.0870456108684821,-0.994935884952562));
#4374=DIRECTION('',(0.862729944558793,-0.498097298996578,-0.0871557427476581));
#4375=DIRECTION('',(0.499999949759525,0.866025432790788,0.));
#4376=DIRECTION('',(-1.,0.,0.));
#4377=DIRECTION('',(0.0502558068751962,0.087045610883209,-0.994935885120892));
#4378=DIRECTION('',(0.,-0.996194698091746,-0.0871557427476581));
#4379=DIRECTION('',(0.,0.0871557427476581,-0.996194698091746));
#4380=DIRECTION('',(-0.499999999999999,0.866025403784439,0.));
#4381=DIRECTION('',(0.0502558068751962,0.087045610883209,-0.994935885120892));
#4382=DIRECTION('',(-0.862729915662822,-0.498097349045872,-0.0871557427476581));
#4383=DIRECTION('',(0.499999999999999,-0.866025403784439,0.));
#4384=DIRECTION('',(-1.,0.,0.));
#4385=DIRECTION('',(-1.88988891263198E-16,0.0871557427476581,-0.996194698091746));
#4386=DIRECTION('',(0.,-0.996194698091746,-0.0871557427476581));
#4387=DIRECTION('',(0.,0.0871557427476581,-0.996194698091746));
#4388=DIRECTION('',(0.,0.,1.));
#4389=DIRECTION('',(1.,0.,0.));
#4390=DIRECTION('',(0.0871557427476581,-1.01244048890999E-16,-0.996194698091746));
#4391=DIRECTION('',(0.,0.,-1.));
#4392=DIRECTION('',(1.,1.23642227956294E-16,0.));
#4393=DIRECTION('',(1.1616451848059E-15,1.,0.));
#4394=DIRECTION('',(0.0871557427476581,-3.77977782526394E-16,-0.996194698091746));
#4395=DIRECTION('',(-0.996194698091746,1.15722477416744E-15,-0.0871557427476581));
#4396=DIRECTION('',(-0.0871557427476581,0.,0.996194698091746));
#4397=DIRECTION('',(0.,0.,1.));
#4398=DIRECTION('',(1.,0.,0.));
#4399=DIRECTION('',(0.,-0.0871557427476581,-0.996194698091746));
#4400=DIRECTION('',(0.,0.,-1.));
#4401=DIRECTION('',(1.,1.23642227956294E-16,0.));
#4402=DIRECTION('',(1.,0.,0.));
#4403=DIRECTION('',(0.0502558068751962,-0.087045610883209,-0.994935885120892));
#4404=DIRECTION('',(0.,0.996194698091746,-0.0871557427476581));
#4405=DIRECTION('',(0.,0.0871557427476581,0.996194698091746));
#4406=DIRECTION('',(0.499999999999999,0.866025403784439,0.));
#4407=DIRECTION('',(0.0502558068751962,-0.087045610883209,-0.994935885120892));
#4408=DIRECTION('',(-0.862729915662822,0.498097349045872,-0.0871557427476581));
#4409=DIRECTION('',(-0.499999999999999,-0.866025403784439,0.));
#4410=DIRECTION('',(1.,0.,0.));
#4411=DIRECTION('',(-0.0502558102331943,-0.0870456108684821,-0.994935884952562));
#4412=DIRECTION('',(0.,0.996194698091746,-0.0871557427476581));
#4413=DIRECTION('',(0.,0.0871557427476581,0.996194698091746));
#4414=DIRECTION('',(0.499999949759525,-0.866025432790788,0.));
#4415=DIRECTION('',(0.862729944558793,0.498097298996578,-0.0871557427476581));
#4416=DIRECTION('',(-0.499999949759525,0.866025432790788,0.));
#4417=DIRECTION('',(0.,0.,1.));
#4418=DIRECTION('',(1.,1.22464679914735E-16,0.));
#4419=DIRECTION('',(0.,0.,-1.));
#4420=DIRECTION('',(-1.,0.,0.));
#4421=DIRECTION('',(0.,0.,1.));
#4422=DIRECTION('',(1.,1.22464679914735E-16,0.));
#4423=DIRECTION('',(0.,0.,-1.));
#4424=DIRECTION('',(-1.,0.,0.));
#4425=DIRECTION('',(0.,0.,-1.));
#4426=DIRECTION('',(-1.,0.,0.));
#4427=DIRECTION('',(0.,0.,-1.));
#4428=DIRECTION('',(0.,0.,-1.));
#4429=DIRECTION('',(1.,0.,0.));
#4430=DIRECTION('',(0.,0.,-1.));
#4431=DIRECTION('',(0.,0.,-1.));
#4432=DIRECTION('',(0.,1.,0.));
#4433=DIRECTION('',(0.,0.,1.));
#4434=DIRECTION('',(0.,0.,-1.));
#4435=DIRECTION('',(-1.,-2.99642696001544E-16,0.));
#4436=DIRECTION('',(2.99673480474993E-16,-1.,0.));
#4437=DIRECTION('',(0.,0.,-1.));
#4438=DIRECTION('',(0.974466851851443,0.224531411260735,0.));
#4439=DIRECTION('',(-0.224531411260735,0.974466851851443,0.));
#4440=DIRECTION('',(0.,0.,-1.));
#4441=DIRECTION('',(0.,1.,0.));
#4442=DIRECTION('',(0.,0.,1.));
#4443=DIRECTION('',(0.,0.,-1.));
#4444=DIRECTION('',(-0.973395440992267,0.229131655288982,0.));
#4445=DIRECTION('',(-0.229131655288982,-0.973395440992268,0.));
#4446=DIRECTION('',(0.,0.,-1.));
#4447=DIRECTION('',(1.,3.04771055101815E-16,0.));
#4448=DIRECTION('',(-3.04877650902924E-16,1.,0.));
#4449=DIRECTION('',(0.,0.,-1.));
#4450=DIRECTION('',(0.,1.,0.));
#4451=DIRECTION('',(0.,0.,1.));
#4452=DIRECTION('',(0.,0.,-1.));
#4453=DIRECTION('',(-1.,-1.27553196763001E-16,0.));
#4454=DIRECTION('',(1.27502175484295E-16,-1.,0.));
#4455=DIRECTION('',(0.,0.,-1.));
#4456=DIRECTION('',(1.05661562818036E-15,-1.,0.));
#4457=DIRECTION('',(1.,1.05666343730437E-15,0.));
#4458=DIRECTION('',(0.,0.,-1.));
#4459=DIRECTION('',(0.973845735470781,-0.22721021875209,0.));
#4460=DIRECTION('',(0.22721021875209,0.973845735470782,0.));
#4461=DIRECTION('',(0.,0.,-1.));
#4462=DIRECTION('',(0.,0.,-1.));
#4463=DIRECTION('',(0.,0.,-1.));
#4464=DIRECTION('',(0.,0.,-1.));
#4465=DIRECTION('',(9.44036556114935E-16,-1.,0.));
#4466=DIRECTION('',(1.,9.44014831583129E-16,0.));
#4467=DIRECTION('',(0.,0.,-1.));
#4468=DIRECTION('',(-1.,0.,0.));
#4469=DIRECTION('',(0.,0.,-1.));
#4470=DIRECTION('',(-1.,0.,0.));
#4471=DIRECTION('',(0.,0.,-1.));
#4472=DIRECTION('',(0.,0.,-1.));
#4473=DIRECTION('',(0.,0.,-1.));
#4474=DIRECTION('',(0.,0.,-1.));
#4475=DIRECTION('',(0.,0.,-1.));
#4476=DIRECTION('',(0.,0.,-1.));
#4477=DIRECTION('',(0.,0.,-1.));
#4478=DIRECTION('',(0.,0.,-1.));
#4479=DIRECTION('',(0.,0.,-1.));
#4480=DIRECTION('',(0.,0.,-1.));
#4481=DIRECTION('',(0.,0.,-1.));
#4482=DIRECTION('',(0.,0.,-1.));
#4483=DIRECTION('',(0.,0.,-1.));
#4484=DIRECTION('',(0.,0.,-1.));
#4485=DIRECTION('',(0.,0.,-1.));
#4486=DIRECTION('',(0.,0.,-1.));
#4487=DIRECTION('',(0.,0.,-1.));
#4488=DIRECTION('',(-7.3393660400552E-16,1.,0.));
#4489=DIRECTION('',(-1.,-7.33896450555438E-16,0.));
#4490=DIRECTION('',(0.,0.,-1.));
#4491=DIRECTION('',(0.,0.,-1.));
#4492=DIRECTION('',(0.,0.,-1.));
#4493=DIRECTION('',(0.,0.,-1.));
#4494=DIRECTION('',(0.,0.,-1.));
#4495=DIRECTION('',(0.,0.,-1.));
#4496=DIRECTION('',(0.,0.,-1.));
#4497=DIRECTION('',(0.,0.,-1.));
#4498=DIRECTION('',(0.,0.,-1.));
#4499=DIRECTION('',(0.,0.,-1.));
#4500=DIRECTION('',(0.,0.,-1.));
#4501=DIRECTION('',(0.,0.,-1.));
#4502=DIRECTION('',(0.,0.,-1.));
#4503=DIRECTION('',(0.,0.,-1.));
#4504=DIRECTION('',(0.,0.,-1.));
#4505=DIRECTION('',(0.197311972518211,0.980340749689093,0.));
#4506=DIRECTION('',(-0.980340749689093,0.197311972518211,0.));
#4507=DIRECTION('',(0.,0.,-1.));
#4508=DIRECTION('',(0.,0.,-1.));
#4509=DIRECTION('',(0.,0.,-1.));
#4510=DIRECTION('',(0.,0.,-1.));
#4511=DIRECTION('',(0.,0.,-1.));
#4512=DIRECTION('',(0.,0.,-1.));
#4513=DIRECTION('',(0.,0.,-1.));
#4514=DIRECTION('',(0.,0.,-1.));
#4515=DIRECTION('',(0.,0.,-1.));
#4516=DIRECTION('',(0.,0.,-1.));
#4517=DIRECTION('',(0.,0.,-1.));
#4518=DIRECTION('',(0.,0.,-1.));
#4519=DIRECTION('',(0.,0.,-1.));
#4520=DIRECTION('',(0.,0.,-1.));
#4521=DIRECTION('',(0.,0.,-1.));
#4522=DIRECTION('',(-1.,0.,0.));
#4523=DIRECTION('',(0.,0.,-1.));
#4524=DIRECTION('',(-1.,0.,0.));
#4525=DIRECTION('',(0.,0.,-1.));
#4526=DIRECTION('',(0.,0.,-1.));
#4527=DIRECTION('',(1.,3.52122490216504E-16,0.));
#4528=DIRECTION('',(-3.52148865623292E-16,1.,0.));
#4529=DIRECTION('',(0.,0.,-1.));
#4530=DIRECTION('',(0.,1.,0.));
#4531=DIRECTION('',(0.,0.,1.));
#4532=DIRECTION('',(0.,0.,-1.));
#4533=DIRECTION('',(0.,0.,-1.));
#4534=DIRECTION('',(0.,0.,-1.));
#4535=DIRECTION('',(0.,0.,-1.));
#4536=DIRECTION('',(0.,0.,-1.));
#4537=DIRECTION('',(0.,0.,-1.));
#4538=DIRECTION('',(0.,0.,-1.));
#4539=DIRECTION('',(-0.969823593676226,0.243807705269811,0.));
#4540=DIRECTION('',(-0.243807705269811,-0.969823593676226,0.));
#4541=DIRECTION('',(0.,0.,-1.));
#4542=DIRECTION('',(0.,0.,-1.));
#4543=DIRECTION('',(0.,0.,-1.));
#4544=DIRECTION('',(-1.,-5.79773774589034E-16,0.));
#4545=DIRECTION('',(5.79777111736623E-16,-1.,0.));
#4546=DIRECTION('',(0.,-1.,0.));
#4547=DIRECTION('',(0.,0.,-1.));
#4548=DIRECTION('',(0.,0.,1.));
#4549=DIRECTION('',(1.,0.,0.));
#4550=DIRECTION('',(0.,0.,1.));
#4551=DIRECTION('',(1.,0.,0.));
#4552=DIRECTION('',(0.,0.,-1.));
#4553=DIRECTION('',(0.,0.,-1.));
#4554=DIRECTION('',(1.,1.96312341893056E-16,0.));
#4555=DIRECTION('',(-1.96311743987446E-16,1.,0.));
#4556=DIRECTION('',(0.,0.,-1.));
#4557=DIRECTION('',(0.,1.,0.));
#4558=DIRECTION('',(0.,0.,1.));
#4559=DIRECTION('',(0.,0.,-1.));
#4560=DIRECTION('',(-1.,-2.77496352485846E-16,0.));
#4561=DIRECTION('',(2.77501546047665E-16,-1.,0.));
#4562=DIRECTION('',(0.,0.,-1.));
#4563=DIRECTION('',(-0.817260633069816,0.57626821674835,0.));
#4564=DIRECTION('',(-0.57626821674835,-0.817260633069816,0.));
#4565=DIRECTION('',(0.,0.,-1.));
#4566=DIRECTION('',(0.915899429936535,0.401407815372261,0.));
#4567=DIRECTION('',(-0.401407815372261,0.915899429936535,0.));
#4568=DIRECTION('',(0.,0.,-1.));
#4569=DIRECTION('',(-1.24223729259043E-15,1.,0.));
#4570=DIRECTION('',(-1.,-1.24227884923389E-15,0.));
#4571=DIRECTION('',(0.,0.,-1.));
#4572=DIRECTION('',(-0.910629691122534,-0.413223384679617,0.));
#4573=DIRECTION('',(0.413223384679617,-0.910629691122534,0.));
#4574=DIRECTION('',(0.,0.,-1.));
#4575=DIRECTION('',(-0.819753458742788,0.572716567666098,0.));
#4576=DIRECTION('',(-0.572716567666098,-0.819753458742788,0.));
#4577=DIRECTION('',(0.,0.,-1.));
#4578=DIRECTION('',(0.,-1.,0.));
#4579=DIRECTION('',(0.,0.,-1.));
#4580=DIRECTION('',(0.,0.,-1.));
#4581=DIRECTION('',(0.831313546303905,-0.555803731304159,0.));
#4582=DIRECTION('',(0.555803731304159,0.831313546303905,0.));
#4583=DIRECTION('',(0.,0.,-1.));
#4584=DIRECTION('',(-1.,-1.9572892121052E-16,0.));
#4585=DIRECTION('',(1.95725597187946E-16,-1.,0.));
#4586=DIRECTION('',(0.,-1.,0.));
#4587=DIRECTION('',(0.,0.,-1.));
#4588=DIRECTION('',(0.,0.,-1.));
#4589=DIRECTION('',(-1.,0.,0.));
#4590=DIRECTION('',(0.,0.,-1.));
#4591=DIRECTION('',(-1.,0.,0.));
#4592=DIRECTION('',(0.,0.,-1.));
#4593=DIRECTION('',(0.,0.,-1.));
#4594=DIRECTION('',(1.,2.64091867662378E-16,0.));
#4595=DIRECTION('',(-2.64111649217469E-16,1.,0.));
#4596=DIRECTION('',(0.,0.,-1.));
#4597=DIRECTION('',(0.,1.,0.));
#4598=DIRECTION('',(0.,0.,1.));
#4599=DIRECTION('',(0.,0.,-1.));
#4600=DIRECTION('',(-1.,-3.52122490216504E-16,0.));
#4601=DIRECTION('',(3.52148865623292E-16,-1.,0.));
#4602=DIRECTION('',(0.,-1.,0.));
#4603=DIRECTION('',(0.,0.,-1.));
#4604=DIRECTION('',(0.,0.,-1.));
#4605=DIRECTION('',(-1.,0.,0.));
#4606=DIRECTION('',(0.,0.,-1.));
#4607=DIRECTION('',(-1.,0.,0.));
#4608=DIRECTION('',(0.,0.,-1.));
#4609=DIRECTION('',(0.,0.,-1.));
#4610=DIRECTION('',(1.,0.,0.));
#4611=DIRECTION('',(0.,0.,-1.));
#4612=DIRECTION('',(0.,0.,-1.));
#4613=DIRECTION('',(0.,1.,0.));
#4614=DIRECTION('',(0.,0.,1.));
#4615=DIRECTION('',(0.,0.,-1.));
#4616=DIRECTION('',(-1.,-9.0327073577277E-16,0.));
#4617=DIRECTION('',(9.03248829897674E-16,-1.,0.));
#4618=DIRECTION('',(0.,-1.,0.));
#4619=DIRECTION('',(0.,0.,-1.));
#4620=DIRECTION('',(0.,0.,-1.));
#4621=DIRECTION('',(-1.,0.,0.));
#4622=DIRECTION('',(0.,0.,-1.));
#4623=DIRECTION('',(-1.,0.,0.));
#4624=DIRECTION('',(0.,0.,-1.));
#4625=DIRECTION('',(0.,0.,-1.));
#4626=DIRECTION('',(1.,1.76061245108252E-16,0.));
#4627=DIRECTION('',(-1.76074432811646E-16,1.,0.));
#4628=DIRECTION('',(0.,0.,-1.));
#4629=DIRECTION('',(-7.66046330430761E-16,1.,0.));
#4630=DIRECTION('',(-1.,-7.66097255078257E-16,0.));
#4631=DIRECTION('',(0.,0.,-1.));
#4632=DIRECTION('',(0.,0.,-1.));
#4633=DIRECTION('',(0.,0.,-1.));
#4634=DIRECTION('',(0.,0.,-1.));
#4635=DIRECTION('',(0.,0.,-1.));
#4636=DIRECTION('',(0.,0.,-1.));
#4637=DIRECTION('',(0.,0.,-1.));
#4638=DIRECTION('',(0.,0.,-1.));
#4639=DIRECTION('',(0.,0.,-1.));
#4640=DIRECTION('',(-7.66046330430758E-16,1.,0.));
#4641=DIRECTION('',(-1.,-7.66097255078257E-16,0.));
#4642=DIRECTION('',(0.,0.,-1.));
#4643=DIRECTION('',(0.,0.,-1.));
#4644=DIRECTION('',(0.,0.,-1.));
#4645=DIRECTION('',(0.,0.,-1.));
#4646=DIRECTION('',(0.,0.,-1.));
#4647=DIRECTION('',(0.,0.,-1.));
#4648=DIRECTION('',(0.,0.,-1.));
#4649=DIRECTION('',(0.,0.,-1.));
#4650=DIRECTION('',(0.,0.,-1.));
#4651=DIRECTION('',(-1.,0.,0.));
#4652=DIRECTION('',(0.,0.,1.));
#4653=DIRECTION('',(0.,-1.,0.));
#4654=DIRECTION('',(0.,0.,-1.));
#4655=DIRECTION('',(0.,0.,1.));
#4656=DIRECTION('',(1.,0.,0.));
#4657=DIRECTION('',(0.,0.,1.));
#4658=DIRECTION('',(1.,0.,0.));
#4659=DIRECTION('',(0.,0.,-1.));
#4660=DIRECTION('',(0.,0.,1.));
#4661=DIRECTION('',(0.,0.,-1.));
#4662=DIRECTION('',(0.,0.,-1.));
#4663=DIRECTION('',(0.,0.,-1.));
#4664=DIRECTION('',(-0.212924924514245,-0.977068562855547,0.));
#4665=DIRECTION('',(0.977068562855547,-0.212924924514245,0.));
#4666=DIRECTION('',(0.,0.,-1.));
#4667=DIRECTION('',(0.,0.,-1.));
#4668=DIRECTION('',(0.,0.,-1.));
#4669=DIRECTION('',(0.,0.,-1.));
#4670=DIRECTION('',(0.,0.,-1.));
#4671=DIRECTION('',(0.,-1.,0.));
#4672=DIRECTION('',(0.,0.,-1.));
#4673=DIRECTION('',(0.,0.,-1.));
#4674=DIRECTION('',(1.,0.,0.));
#4675=DIRECTION('',(0.,0.,-1.));
#4676=DIRECTION('',(0.,0.,-1.));
#4677=DIRECTION('',(0.,0.,-1.));
#4678=DIRECTION('',(0.,0.,-1.));
#4679=DIRECTION('',(0.,0.,-1.));
#4680=DIRECTION('',(0.,0.,-1.));
#4681=DIRECTION('',(0.,0.,-1.));
#4682=DIRECTION('',(0.,0.,-1.));
#4683=DIRECTION('',(0.,0.,-1.));
#4684=DIRECTION('',(0.,0.,-1.));
#4685=DIRECTION('',(0.,0.,-1.));
#4686=DIRECTION('',(0.,0.,-1.));
#4687=DIRECTION('',(-1.,0.,0.));
#4688=DIRECTION('',(0.,0.,-1.));
#4689=DIRECTION('',(-1.,0.,0.));
#4690=CARTESIAN_POINT('',(0.,0.,0.));
#4691=CARTESIAN_POINT('',(-1.65000025,-3.,0.));
#4692=CARTESIAN_POINT('',(-1.65000025,-3.,0.));
#4693=CARTESIAN_POINT('',(-3.55,-3.,0.));
#4694=CARTESIAN_POINT('',(-3.55,-3.,7.0601149302988E-18));
#4695=CARTESIAN_POINT('',(-3.55,-3.13998186164148,-1.6));
#4696=CARTESIAN_POINT('',(-1.65000025,-3.13998186164148,-1.6));
#4697=CARTESIAN_POINT('',(-1.73081882091419,-3.13998186164148,-1.6));
#4698=CARTESIAN_POINT('',(-1.65145843261598,-3.00252564620842,-0.0288682682604602));
#4699=CARTESIAN_POINT('',(-1.65000025,-3.,0.));
#4700=CARTESIAN_POINT('',(-3.55,-2.8,0.));
#4701=CARTESIAN_POINT('',(-3.75,-2.8,0.));
#4702=CARTESIAN_POINT('',(-3.75,-2.8,3.73679222688382E-17));
#4703=CARTESIAN_POINT('',(-3.88998186164148,-2.8,-1.6));
#4704=CARTESIAN_POINT('',(-3.55,-2.8,-1.6));
#4705=CARTESIAN_POINT('',(-3.55,-2.8,0.));
#4706=CARTESIAN_POINT('',(-3.75,-2.8,0.));
#4707=CARTESIAN_POINT('',(-3.75,2.8,0.));
#4708=CARTESIAN_POINT('',(-3.75,2.8,-6.8247777659555E-17));
#4709=CARTESIAN_POINT('',(-3.88998186164147,2.8,-1.6));
#4710=CARTESIAN_POINT('',(-3.88998186164148,-2.8,-1.6));
#4711=CARTESIAN_POINT('',(-3.75,-2.8,0.));
#4712=CARTESIAN_POINT('',(-3.55,2.8,0.));
#4713=CARTESIAN_POINT('',(-3.55,3.,0.));
#4714=CARTESIAN_POINT('',(-3.55,3.,3.73679222688381E-17));
#4715=CARTESIAN_POINT('',(-3.55,3.13998186164148,-1.6));
#4716=CARTESIAN_POINT('',(-3.55,2.8,-1.6));
#4717=CARTESIAN_POINT('',(-3.55,2.8,0.));
#4718=CARTESIAN_POINT('',(-3.55,3.,0.));
#4719=CARTESIAN_POINT('',(-1.65000025,3.,0.));
#4720=CARTESIAN_POINT('',(-1.65479897764676,3.0083116395391,-0.0950024746535781));
#4721=CARTESIAN_POINT('',(-1.73081882091419,3.13998186164148,-1.6));
#4722=CARTESIAN_POINT('',(-3.55,3.13998186164148,-1.6));
#4723=CARTESIAN_POINT('',(-3.55,3.,0.));
#4724=CARTESIAN_POINT('',(-1.65000025,3.,0.));
#4725=CARTESIAN_POINT('',(-1.36132515408032,3.5,0.));
#4726=CARTESIAN_POINT('',(-1.36132515408032,3.5,-9.42557892262626E-18));
#4727=CARTESIAN_POINT('',(-1.44214372499451,3.63998186164148,-1.6));
#4728=CARTESIAN_POINT('',(-1.77122810231092,3.06999092378798,-1.6));
#4729=CARTESIAN_POINT('',(-1.65000025,3.,0.));
#4730=CARTESIAN_POINT('',(-1.36132515408032,3.5,0.));
#4731=CARTESIAN_POINT('',(1.36132486540519,3.5,0.));
#4732=CARTESIAN_POINT('',(1.36132486540519,3.5,0.));
#4733=CARTESIAN_POINT('',(1.44214343090556,3.63998186164148,-1.6));
#4734=CARTESIAN_POINT('',(-1.36132515408032,3.63998186164148,-1.6));
#4735=CARTESIAN_POINT('',(-1.36132515408032,3.5,0.));
#4736=CARTESIAN_POINT('',(1.36132486540519,3.5,0.));
#4737=CARTESIAN_POINT('',(1.65,3.,0.));
#4738=CARTESIAN_POINT('',(1.65145818246996,3.00252564612468,-0.0288682673033248));
#4739=CARTESIAN_POINT('',(1.73081856550038,3.13998186164148,-1.6));
#4740=CARTESIAN_POINT('',(1.48255271365575,3.56999093082074,-1.6));
#4741=CARTESIAN_POINT('',(1.36132486540519,3.5,0.));
#4742=CARTESIAN_POINT('',(1.65,3.,0.));
#4743=CARTESIAN_POINT('',(3.55,3.,0.));
#4744=CARTESIAN_POINT('',(3.55,3.,7.0601149302988E-18));
#4745=CARTESIAN_POINT('',(3.55,3.13998186164148,-1.6));
#4746=CARTESIAN_POINT('',(1.65,3.13998186164148,-1.6));
#4747=CARTESIAN_POINT('',(1.65,3.,0.));
#4748=CARTESIAN_POINT('',(3.55,2.8,0.));
#4749=CARTESIAN_POINT('',(3.75,2.8,0.));
#4750=CARTESIAN_POINT('',(3.75,2.8,3.73679222688383E-17));
#4751=CARTESIAN_POINT('',(3.88998186164148,2.8,-1.6));
#4752=CARTESIAN_POINT('',(3.55,2.8,-1.6));
#4753=CARTESIAN_POINT('',(3.55,2.8,0.));
#4754=CARTESIAN_POINT('',(3.75,2.8,0.));
#4755=CARTESIAN_POINT('',(3.75,-2.8,0.));
#4756=CARTESIAN_POINT('',(3.75,-2.8,-6.8247777659555E-17));
#4757=CARTESIAN_POINT('',(3.88998186164147,-2.8,-1.6));
#4758=CARTESIAN_POINT('',(3.88998186164148,2.8,-1.6));
#4759=CARTESIAN_POINT('',(3.75,2.8,0.));
#4760=CARTESIAN_POINT('',(3.55,-2.8,0.));
#4761=CARTESIAN_POINT('',(3.55,-3.,0.));
#4762=CARTESIAN_POINT('',(3.55,-3.,3.73679222688381E-17));
#4763=CARTESIAN_POINT('',(3.55,-3.13998186164148,-1.6));
#4764=CARTESIAN_POINT('',(3.55,-2.8,-1.6));
#4765=CARTESIAN_POINT('',(3.55,-2.8,0.));
#4766=CARTESIAN_POINT('',(3.55,-3.,0.));
#4767=CARTESIAN_POINT('',(1.65,-3.,0.));
#4768=CARTESIAN_POINT('',(1.65479872763689,-3.00831164007877,-0.0950024808220917));
#4769=CARTESIAN_POINT('',(1.73081856550038,-3.13998186164148,-1.6));
#4770=CARTESIAN_POINT('',(3.55,-3.13998186164148,-1.6));
#4771=CARTESIAN_POINT('',(3.55,-3.,0.));
#4772=CARTESIAN_POINT('',(1.65,-3.,0.));
#4773=CARTESIAN_POINT('',(1.36132486540519,-3.5,0.));
#4774=CARTESIAN_POINT('',(1.36132486540519,-3.5,0.));
#4775=CARTESIAN_POINT('',(1.44214343090556,-3.63998186164148,-1.6));
#4776=CARTESIAN_POINT('',(1.77122784825056,-3.06999093082074,-1.6));
#4777=CARTESIAN_POINT('',(1.65,-3.,0.));
#4778=CARTESIAN_POINT('',(1.36132486540519,-3.5,0.));
#4779=CARTESIAN_POINT('',(-1.36132515408032,-3.5,0.));
#4780=CARTESIAN_POINT('',(-1.36132515408032,-3.5,0.));
#4781=CARTESIAN_POINT('',(-1.44214372499451,-3.63998186164148,-1.6));
#4782=CARTESIAN_POINT('',(1.36132486540519,-3.63998186164148,-1.6));
#4783=CARTESIAN_POINT('',(1.36132486540519,-3.5,0.));
#4784=CARTESIAN_POINT('',(-1.36132515408032,-3.5,0.));
#4785=CARTESIAN_POINT('',(-1.48255300639124,-3.56999092378798,-1.6));
#4786=CARTESIAN_POINT('',(-1.36132515408032,-3.5,0.));
#4787=CARTESIAN_POINT('',(7.58941520739853E-16,-0.6,-1.6));
#4788=CARTESIAN_POINT('',(-0.0654498033165641,-0.6,-1.6));
#4789=CARTESIAN_POINT('',(-0.130873980051172,-0.584383587176706,-1.6));
#4790=CARTESIAN_POINT('',(-0.251809452313915,-0.52427185183684,-1.6));
#4791=CARTESIAN_POINT('',(-0.307273385277088,-0.479800075091353,-1.6));
#4792=CARTESIAN_POINT('',(-0.39983339590946,-0.368728062332505,-1.6));
#4793=CARTESIAN_POINT('',(-0.436893206315945,-0.302171353055707,-1.6));
#4794=CARTESIAN_POINT('',(-0.486986326195341,-0.157048765782403,-1.6));
#4795=CARTESIAN_POINT('',(-0.5,-0.0785397799787235,-1.6));
#4796=CARTESIAN_POINT('',(-0.5,0.0785397799787243,-1.6));
#4797=CARTESIAN_POINT('',(-0.486986326195344,0.1570487657824,-1.6));
#4798=CARTESIAN_POINT('',(-0.436893206315944,0.302171353055705,-1.6));
#4799=CARTESIAN_POINT('',(-0.399833395909461,0.368728062332505,-1.6));
#4800=CARTESIAN_POINT('',(-0.30727338527709,0.479800075091349,-1.6));
#4801=CARTESIAN_POINT('',(-0.251809452313919,0.524271851836839,-1.6));
#4802=CARTESIAN_POINT('',(-0.130873980051174,0.584383587176705,-1.6));
#4803=CARTESIAN_POINT('',(-0.0654499342161286,0.600000000157083,-1.6));
#4804=CARTESIAN_POINT('',(-7.45388993583784E-16,0.6,-1.6));
#4805=CARTESIAN_POINT('',(0.0654499342161271,0.599999999842918,-1.6));
#4806=CARTESIAN_POINT('',(0.130873980051172,0.584383587176703,-1.6));
#4807=CARTESIAN_POINT('',(0.251809452313917,0.524271851836842,-1.6));
#4808=CARTESIAN_POINT('',(0.307273385277088,0.479800075091353,-1.6));
#4809=CARTESIAN_POINT('',(0.399833395909459,0.368728062332505,-1.6));
#4810=CARTESIAN_POINT('',(0.436893206315946,0.302171353055706,-1.6));
#4811=CARTESIAN_POINT('',(0.486986326195342,0.157048765782402,-1.6));
#4812=CARTESIAN_POINT('',(0.5,0.0785397799787245,-1.6));
#4813=CARTESIAN_POINT('',(0.5,-0.0785397799787232,-1.6));
#4814=CARTESIAN_POINT('',(0.486986326195344,-0.157048765782401,-1.6));
#4815=CARTESIAN_POINT('',(0.436893206315944,-0.302171353055706,-1.6));
#4816=CARTESIAN_POINT('',(0.39983339590946,-0.368728062332503,-1.6));
#4817=CARTESIAN_POINT('',(0.307273385277088,-0.479800075091354,-1.6));
#4818=CARTESIAN_POINT('',(0.251809452313919,-0.524271851836839,-1.6));
#4819=CARTESIAN_POINT('',(0.130873980051174,-0.584383587176705,-1.6));
#4820=CARTESIAN_POINT('',(0.0654498033165656,-0.6,-1.6));
#4821=CARTESIAN_POINT('',(7.58941520739853E-16,-0.6,-1.6));
#4822=CARTESIAN_POINT('',(7.58941520739853E-16,-0.6,-1.6));
#4823=CARTESIAN_POINT('',(-3.55,-2.8,-1.6));
#4824=CARTESIAN_POINT('',(0.,0.,0.));
#4825=CARTESIAN_POINT('',(1.75,2.14313189850787E-16,0.));
#4826=CARTESIAN_POINT('',(-3.55,-2.8,0.));
#4827=CARTESIAN_POINT('',(0.,0.,5.));
#4828=CARTESIAN_POINT('',(1.75,2.14313189850787E-16,5.));
#4829=CARTESIAN_POINT('',(0.,0.,5.));
#4830=CARTESIAN_POINT('',(0.,0.,5.));
#4831=CARTESIAN_POINT('',(4.81114714040443E-16,-0.385640646055102,-0.8));
#4832=CARTESIAN_POINT('',(0.0317783668159541,-0.385640646055102,-0.8));
#4833=CARTESIAN_POINT('',(0.063788689408438,-0.378349263337484,-0.8));
#4834=CARTESIAN_POINT('',(0.128070538297749,-0.346397523245572,-0.8));
#4835=CARTESIAN_POINT('',(0.160266794663785,-0.321367993963733,-0.8));
#4836=CARTESIAN_POINT('',(0.21748915216033,-0.252701114824763,-0.8));
#4837=CARTESIAN_POINT('',(0.242252511536723,-0.209090110231341,-0.8));
#4838=CARTESIAN_POINT('',(0.276371717896911,-0.110244806308113,-0.8));
#4839=CARTESIAN_POINT('',(0.285640646055102,-0.0551568027009357,-0.8));
#4840=CARTESIAN_POINT('',(0.285640646055102,0.0551568027009364,-0.8));
#4841=CARTESIAN_POINT('',(0.276371717896902,0.110244806308114,-0.8));
#4842=CARTESIAN_POINT('',(0.24225251153673,0.209090110231342,-0.8));
#4843=CARTESIAN_POINT('',(0.21748915216033,0.252701114824767,-0.8));
#4844=CARTESIAN_POINT('',(0.160266794663784,0.32136799396373,-0.8));
#4845=CARTESIAN_POINT('',(0.128070538297749,0.346397523245573,-0.8));
#4846=CARTESIAN_POINT('',(0.0637886894084356,0.378349263337483,-0.8));
#4847=CARTESIAN_POINT('',(0.0317783414813521,0.385640646298837,-0.8));
#4848=CARTESIAN_POINT('',(-4.67562186884374E-16,0.385640646055102,-0.8));
#4849=CARTESIAN_POINT('',(-0.0317783414813531,0.385640645811367,-0.8));
#4850=CARTESIAN_POINT('',(-0.0637886894084377,0.378349263337484,-0.8));
#4851=CARTESIAN_POINT('',(-0.12807053829775,0.346397523245572,-0.8));
#4852=CARTESIAN_POINT('',(-0.160266794663785,0.321367993963728,-0.8));
#4853=CARTESIAN_POINT('',(-0.217489152160332,0.252701114824766,-0.8));
#4854=CARTESIAN_POINT('',(-0.242252511536725,0.209090110231341,-0.8));
#4855=CARTESIAN_POINT('',(-0.276371717896908,0.110244806308112,-0.8));
#4856=CARTESIAN_POINT('',(-0.285640646055102,0.0551568027009364,-0.8));
#4857=CARTESIAN_POINT('',(-0.285640646055102,-0.0551568027009358,-0.8));
#4858=CARTESIAN_POINT('',(-0.276371717896904,-0.110244806308114,-0.8));
#4859=CARTESIAN_POINT('',(-0.242252511536728,-0.209090110231342,-0.8));
#4860=CARTESIAN_POINT('',(-0.21748915216033,-0.252701114824767,-0.8));
#4861=CARTESIAN_POINT('',(-0.160266794663785,-0.32136799396373,-0.8));
#4862=CARTESIAN_POINT('',(-0.128070538297747,-0.346397523245572,-0.8));
#4863=CARTESIAN_POINT('',(-0.0637886894084369,-0.378349263337485,-0.8));
#4864=CARTESIAN_POINT('',(-0.031778366815953,-0.385640646055102,-0.8));
#4865=CARTESIAN_POINT('',(4.81114714040443E-16,-0.385640646055102,-0.8));
#4866=CARTESIAN_POINT('',(6.9262537946807E-16,-0.385640646055102,-0.8));
#4867=CARTESIAN_POINT('',(-0.0654499342161286,0.600000000157083,-1.6));
#4868=CARTESIAN_POINT('',(0.0654499342161271,0.599999999842917,-1.6));
#4869=CARTESIAN_POINT('',(0.130873980051171,0.584383587176703,-1.6));
#4870=CARTESIAN_POINT('',(0.251809452313917,0.524271851836842,-1.6));
#4871=CARTESIAN_POINT('',(0.307273385277087,0.479800075091353,-1.6));
#4872=CARTESIAN_POINT('',(0.399833395909459,0.368728062332505,-1.6));
#4873=CARTESIAN_POINT('',(0.436893206315945,0.302171353055706,-1.6));
#4874=CARTESIAN_POINT('',(0.486986326195341,0.157048765782402,-1.6));
#4875=CARTESIAN_POINT('',(0.5,0.0785397799787244,-1.6));
#4876=CARTESIAN_POINT('',(0.5,-0.0785397799787232,-1.6));
#4877=CARTESIAN_POINT('',(0.486986326195344,-0.157048765782401,-1.6));
#4878=CARTESIAN_POINT('',(0.436893206315944,-0.302171353055706,-1.6));
#4879=CARTESIAN_POINT('',(0.39983339590946,-0.368728062332503,-1.6));
#4880=CARTESIAN_POINT('',(0.307273385277088,-0.479800075091354,-1.6));
#4881=CARTESIAN_POINT('',(0.251809452313919,-0.524271851836838,-1.6));
#4882=CARTESIAN_POINT('',(0.130873980051174,-0.584383587176704,-1.6));
#4883=CARTESIAN_POINT('',(0.0654498033165656,-0.6,-1.6));
#4884=CARTESIAN_POINT('',(-0.065449803316564,-0.6,-1.6));
#4885=CARTESIAN_POINT('',(-0.130873980051172,-0.584383587176706,-1.6));
#4886=CARTESIAN_POINT('',(-0.251809452313915,-0.52427185183684,-1.6));
#4887=CARTESIAN_POINT('',(-0.307273385277088,-0.479800075091352,-1.6));
#4888=CARTESIAN_POINT('',(-0.399833395909459,-0.368728062332505,-1.6));
#4889=CARTESIAN_POINT('',(-0.436893206315945,-0.302171353055707,-1.6));
#4890=CARTESIAN_POINT('',(-0.486986326195341,-0.157048765782403,-1.6));
#4891=CARTESIAN_POINT('',(-0.5,-0.0785397799787235,-1.6));
#4892=CARTESIAN_POINT('',(-0.5,0.0785397799787242,-1.6));
#4893=CARTESIAN_POINT('',(-0.486986326195344,0.1570487657824,-1.6));
#4894=CARTESIAN_POINT('',(-0.436893206315944,0.302171353055704,-1.6));
#4895=CARTESIAN_POINT('',(-0.399833395909461,0.368728062332505,-1.6));
#4896=CARTESIAN_POINT('',(-0.307273385277089,0.479800075091349,-1.6));
#4897=CARTESIAN_POINT('',(-0.251809452313919,0.524271851836838,-1.6));
#4898=CARTESIAN_POINT('',(-0.130873980051174,0.584383587176704,-1.6));
#4899=CARTESIAN_POINT('',(-0.0654499342161286,0.600000000157083,-1.6));
#4900=CARTESIAN_POINT('',(0.0654499342161271,0.599999999842917,-1.6));
#4901=CARTESIAN_POINT('',(-0.025044022934398,0.342768774942223,-0.64));
#4902=CARTESIAN_POINT('',(0.0250440229343971,0.342768775590022,-0.64));
#4903=CARTESIAN_POINT('',(0.0503716312798885,0.337142398569639,-0.64));
#4904=CARTESIAN_POINT('',(0.103322755494516,0.31082265752732,-0.64));
#4905=CARTESIAN_POINT('',(0.130865476541124,0.289681577738205,-0.64));
#4906=CARTESIAN_POINT('',(0.181020303410504,0.229495725323219,-0.64));
#4907=CARTESIAN_POINT('',(0.203324372580887,0.190473861666469,-0.64));
#4908=CARTESIAN_POINT('',(0.234248796237214,0.100884014413256,-0.64));
#4909=CARTESIAN_POINT('',(0.242768775266122,0.0504802072453788,-0.64));
#4910=CARTESIAN_POINT('',(0.242768775266122,-0.0504802072453782,-0.64));
#4911=CARTESIAN_POINT('',(0.234248796237224,-0.100884014413256,-0.64));
#4912=CARTESIAN_POINT('',(0.203324372580878,-0.190473861666468,-0.64));
#4913=CARTESIAN_POINT('',(0.181020303410504,-0.229495725323215,-0.64));
#4914=CARTESIAN_POINT('',(0.130865476541124,-0.289681577738209,-0.64));
#4915=CARTESIAN_POINT('',(0.103322755494515,-0.310822657527318,-0.64));
#4916=CARTESIAN_POINT('',(0.0503716312798909,-0.33714239856964,-0.64));
#4917=CARTESIAN_POINT('',(0.0250440795158318,-0.342768775266122,-0.64));
#4918=CARTESIAN_POINT('',(-0.025044079515831,-0.342768775266122,-0.64));
#4919=CARTESIAN_POINT('',(-0.05037163127989,-0.337142398569641,-0.64));
#4920=CARTESIAN_POINT('',(-0.103322755494514,-0.310822657527319,-0.64));
#4921=CARTESIAN_POINT('',(-0.130865476541124,-0.289681577738205,-0.64));
#4922=CARTESIAN_POINT('',(-0.181020303410504,-0.229495725323219,-0.64));
#4923=CARTESIAN_POINT('',(-0.203324372580885,-0.190473861666469,-0.64));
#4924=CARTESIAN_POINT('',(-0.234248796237216,-0.100884014413257,-0.64));
#4925=CARTESIAN_POINT('',(-0.242768775266122,-0.0504802072453782,-0.64));
#4926=CARTESIAN_POINT('',(-0.242768775266122,0.0504802072453789,-0.64));
#4927=CARTESIAN_POINT('',(-0.234248796237221,0.100884014413254,-0.64));
#4928=CARTESIAN_POINT('',(-0.203324372580882,0.190473861666468,-0.64));
#4929=CARTESIAN_POINT('',(-0.181020303410506,0.229495725323218,-0.64));
#4930=CARTESIAN_POINT('',(-0.130865476541124,0.289681577738204,-0.64));
#4931=CARTESIAN_POINT('',(-0.103322755494516,0.310822657527318,-0.64));
#4932=CARTESIAN_POINT('',(-0.0503716312798904,0.33714239856964,-0.64));
#4933=CARTESIAN_POINT('',(-0.025044022934398,0.342768774942223,-0.64));
#4934=CARTESIAN_POINT('',(0.0250440229343971,0.342768775590022,-0.64));
#4935=CARTESIAN_POINT('',(0.,0.,-0.8));
#4936=CARTESIAN_POINT('',(3.55,0.,0.475));
#4937=CARTESIAN_POINT('',(1.75,0.,0.475));
#4938=CARTESIAN_POINT('',(3.55,0.,0.475));
#4939=CARTESIAN_POINT('',(1.75,0.,0.475));
#4940=CARTESIAN_POINT('',(1.75,0.,0.475));
#4941=CARTESIAN_POINT('',(1.75017459917346,-0.213294778665948,0.486440584193852));
#4942=CARTESIAN_POINT('',(1.6701124861589,-0.645083298130236,0.506927316398975));
#4943=CARTESIAN_POINT('',(1.32612666340708,-1.20241783103564,0.539536776884749));
#4944=CARTESIAN_POINT('',(0.804137967412981,-1.59939107894911,0.571686225474297));
#4945=CARTESIAN_POINT('',(0.174880436151658,-1.78146589146635,0.603917801046159));
#4946=CARTESIAN_POINT('',(-0.478006884949434,-1.72484549555633,0.636116112181896));
#4947=CARTESIAN_POINT('',(-1.06659710265398,-1.4373827514833,0.668373772259042));
#4948=CARTESIAN_POINT('',(-1.51210886912162,-0.957188773513468,0.700557211870849));
#4949=CARTESIAN_POINT('',(-1.75538444553099,-0.349016805266129,0.732782403477987));
#4950=CARTESIAN_POINT('',(-1.76320610680142,0.305792931298664,0.765195381546382));
#4951=CARTESIAN_POINT('',(-1.53521033030194,0.91996642071574,0.797290764858636));
#4952=CARTESIAN_POINT('',(-1.10147789985378,1.41046719908596,0.829340776262956));
#4953=CARTESIAN_POINT('',(-0.519914000803475,1.71252394299888,0.86172021694479));
#4954=CARTESIAN_POINT('',(0.130856483820342,1.78508736173078,0.894149594102125));
#4955=CARTESIAN_POINT('',(0.764875603578138,1.61810409580124,0.926156205146484));
#4956=CARTESIAN_POINT('',(1.29609744895572,1.23506312542118,0.958276391146249));
#4957=CARTESIAN_POINT('',(1.65380047654407,0.685068546084464,0.99065221132798));
#4958=CARTESIAN_POINT('',(1.78992734735555,0.0432554533292546,1.02289501289697));
#4959=CARTESIAN_POINT('',(1.6853058804398,-0.603400402365814,1.05507607687812));
#4960=CARTESIAN_POINT('',(1.35497581299544,-1.16994444167705,1.08731398073292));
#4961=CARTESIAN_POINT('',(0.843346475278699,-1.57890380080712,1.11954207374367));
#4962=CARTESIAN_POINT('',(0.218387567623058,-1.77648857236307,1.15174144419651));
#4963=CARTESIAN_POINT('',(-0.435277213617229,-1.7361501217125,1.18399866004916));
#4964=CARTESIAN_POINT('',(-1.0307663980083,-1.46294427894844,1.21618232077665));
#4965=CARTESIAN_POINT('',(-1.48816232919482,-0.994268681863092,1.24840739396949));
#4966=CARTESIAN_POINT('',(-1.74602210170286,-0.39216106650493,1.28082031076453));
#4967=CARTESIAN_POINT('',(-1.77042489435911,0.262372228809896,1.31291583622856));
#4968=CARTESIAN_POINT('',(-1.55735399348464,0.881633651291262,1.34496556309768));
#4969=CARTESIAN_POINT('',(-1.13574354653541,1.38318071413223,1.37734527696948));
#4970=CARTESIAN_POINT('',(-0.562181880790419,1.69928148143384,1.40977461043178));
#4971=CARTESIAN_POINT('',(0.0874021075281078,1.78765730845638,1.44178116812396));
#4972=CARTESIAN_POINT('',(0.724806556846146,1.63702488837017,1.47390158546878));
#4973=CARTESIAN_POINT('',(1.26576026937448,1.26581499870382,1.50627706929871));
#4974=CARTESIAN_POINT('',(1.63710537795145,0.724946022308236,1.53852029965826));
#4975=CARTESIAN_POINT('',(1.78794728529046,0.0874397993360373,1.57070101379571));
#4976=CARTESIAN_POINT('',(1.69955536870708,-0.56231599910421,1.60293890544702));
#4977=CARTESIAN_POINT('',(1.38334483429669,-1.13603068721437,1.63516713105298));
#4978=CARTESIAN_POINT('',(0.881648261639627,-1.5576510144441,1.66736627635511));
#4979=CARTESIAN_POINT('',(0.262184990395299,-1.77058134525609,1.69962373121574));
#4980=CARTESIAN_POINT('',(-0.392387748556567,-1.74605705526495,1.73180722213167));
#4981=CARTESIAN_POINT('',(-0.994452098788766,-1.48803640792867,1.76403240091278));
#4982=CARTESIAN_POINT('',(-1.46300324922997,-1.03054673610048,1.79644538218769));
#4983=CARTESIAN_POINT('',(-1.73607212987592,-0.435043141374154,1.82854076469831));
#4984=CARTESIAN_POINT('',(-1.77621341337366,0.218488429006666,1.86059077630304));
#4985=CARTESIAN_POINT('',(-1.57857200865453,0.843302577385491,1.89297021693477));
#4986=CARTESIAN_POINT('',(-1.16971787141521,1.35477688557468,1.92539959410463));
#4987=CARTESIAN_POINT('',(-0.603323652753385,1.68502110485783,1.95740620514586));
#4988=CARTESIAN_POINT('',(0.0431577840566132,1.78980080641474,1.9895263911464));
#4989=CARTESIAN_POINT('',(0.684996917179875,1.65383014620758,2.02190221132794));
#4990=CARTESIAN_POINT('',(1.23508354077394,1.29625598951883,2.05414501289698));
#4991=CARTESIAN_POINT('',(1.61835973271611,0.765022700148975,2.08632607687812));
#4992=CARTESIAN_POINT('',(1.78538823403419,0.130836937391482,2.11856398073292));
#4993=CARTESIAN_POINT('',(1.71278959595128,-0.52011757283258,2.15079207374367));
#4994=CARTESIAN_POINT('',(1.41059044621143,-1.10174378622524,2.18299144419651));
#4995=CARTESIAN_POINT('',(0.919856054776036,-1.53543099366548,2.21524866004916));
#4996=CARTESIAN_POINT('',(0.305595910291596,-1.76331972999341,2.24743232077665));
#4997=CARTESIAN_POINT('',(-0.349235547213227,-1.75534380174683,2.27965739396949));
#4998=CARTESIAN_POINT('',(-0.957324318772698,-1.51192381765866,2.31207031076453));
#4999=CARTESIAN_POINT('',(-1.43740463056931,-1.06635426619631,2.34416583622856));
#5000=CARTESIAN_POINT('',(-1.72462470285125,-0.47780643615062,2.37621556309768));
#5001=CARTESIAN_POINT('',(-1.7811484260134,0.174964499125304,2.40859527696948));
#5002=CARTESIAN_POINT('',(-1.5990960788337,0.804050838499471,2.44102461043178));
#5003=CARTESIAN_POINT('',(-1.20226198232407,1.32586722817033,2.47303116812396));
#5004=CARTESIAN_POINT('',(-0.645035768143323,1.67006703093208,2.50515158546877));
#5005=CARTESIAN_POINT('',(-3.86994799078869E-5,1.79009403914232,2.53752706929871));
#5006=CARTESIAN_POINT('',(0.644994065898077,1.6702225626348,2.56977029965827));
#5007=CARTESIAN_POINT('',(1.20244037477686,1.32609892488907,2.60195101379571));
#5008=CARTESIAN_POINT('',(1.59938458235105,0.804149670078496,2.63418890544702));
#5009=CARTESIAN_POINT('',(1.78146751561587,0.174877510485283,2.66641713105298));
#5010=CARTESIAN_POINT('',(1.72484505946224,-0.478006130608809,2.69861627635512));
#5011=CARTESIAN_POINT('',(1.43738286050683,-1.06659729123914,2.73087373121574));
#5012=CARTESIAN_POINT('',(0.957188746257595,-1.51210882197533,2.76305722213167));
#5013=CARTESIAN_POINT('',(0.349016812080096,-1.75538445731756,2.79528240091278));
#5014=CARTESIAN_POINT('',(-0.305792933002159,-1.76320610385478,2.82769538218769));
#5015=CARTESIAN_POINT('',(-0.919966420289868,-1.5352103310386,2.85979076469831));
#5016=CARTESIAN_POINT('',(-1.41046719919243,-1.10147789966961,2.89184077630304));
#5017=CARTESIAN_POINT('',(-1.71252394297227,-0.519914000849507,2.92422021693477));
#5018=CARTESIAN_POINT('',(-1.78508736173744,0.130856483831853,2.95664959410463));
#5019=CARTESIAN_POINT('',(-1.61810409579959,0.764875603575251,2.98865620514586));
#5020=CARTESIAN_POINT('',(-1.23506312542159,1.29609744895644,3.0207763911464));
#5021=CARTESIAN_POINT('',(-0.685068546084357,1.65380047654388,3.05315221132794));
#5022=CARTESIAN_POINT('',(-0.043255453329296,1.78992734735559,3.08539501289698));
#5023=CARTESIAN_POINT('',(0.603400402365827,1.68530588043979,3.11757607687812));
#5024=CARTESIAN_POINT('',(1.16994444167704,1.35497581299546,3.14981398073292));
#5025=CARTESIAN_POINT('',(1.57890380080712,0.843346475278697,3.18204207374367));
#5026=CARTESIAN_POINT('',(1.77648857236307,0.218387567623057,3.2142414441965));
#5027=CARTESIAN_POINT('',(1.7361501217125,-0.435277213617222,3.24649866004916));
#5028=CARTESIAN_POINT('',(1.46294427894844,-1.0307663980083,3.27868232077665));
#5029=CARTESIAN_POINT('',(0.994268681863093,-1.48816232919482,3.31090739396949));
#5030=CARTESIAN_POINT('',(0.392161066504926,-1.74602210170286,3.34332031076453));
#5031=CARTESIAN_POINT('',(-0.262372228809889,-1.77042489435911,3.37541583622856));
#5032=CARTESIAN_POINT('',(-0.881633651291267,-1.55735399348463,3.40746556309769));
#5033=CARTESIAN_POINT('',(-1.38318071413222,-1.13574354653541,3.43984527696948));
#5034=CARTESIAN_POINT('',(-1.69928148143384,-0.562181880790419,3.47227461043178));
#5035=CARTESIAN_POINT('',(-1.78765730845638,0.0874021075280978,3.50428116812396));
#5036=CARTESIAN_POINT('',(-1.63702488837017,0.724806556846155,3.53640158546877));
#5037=CARTESIAN_POINT('',(-1.26581499870382,1.26576026937448,3.56877706929871));
#5038=CARTESIAN_POINT('',(-0.724946022308237,1.63710537795145,3.60102029965827));
#5039=CARTESIAN_POINT('',(-0.08743979933604,1.78794728529046,3.63320101379571));
#5040=CARTESIAN_POINT('',(0.562315999104192,1.69955536870708,3.66543890544702));
#5041=CARTESIAN_POINT('',(1.13603068721438,1.38334483429669,3.69766713105298));
#5042=CARTESIAN_POINT('',(1.5576510144441,0.881648261639628,3.72986627635511));
#5043=CARTESIAN_POINT('',(1.77058134525609,0.262184990395299,3.76212373121574));
#5044=CARTESIAN_POINT('',(1.74605705526495,-0.392387748556558,3.79430722213167));
#5045=CARTESIAN_POINT('',(1.48803640792867,-0.994452098788757,3.82653240091278));
#5046=CARTESIAN_POINT('',(1.03054673610048,-1.46300324922997,3.85894538218769));
#5047=CARTESIAN_POINT('',(0.435043141374146,-1.73607212987592,3.89104076469831));
#5048=CARTESIAN_POINT('',(-0.218488429006667,-1.77621341337366,3.92309077630304));
#5049=CARTESIAN_POINT('',(-0.843302577385487,-1.57857200865454,3.95547021693477));
#5050=CARTESIAN_POINT('',(-1.35477688557468,-1.16971787141521,3.98789959410463));
#5051=CARTESIAN_POINT('',(-1.68502110485782,-0.603323652753406,4.01990620514586));
#5052=CARTESIAN_POINT('',(-1.78980080641474,0.0431577840566362,4.0520263911464));
#5053=CARTESIAN_POINT('',(-1.65383014620759,0.684996917179862,4.08440221132794));
#5054=CARTESIAN_POINT('',(-1.29625598951882,1.23508354077395,4.11664501289698));
#5055=CARTESIAN_POINT('',(-0.765022700148993,1.6183597327161,4.14882607687811));
#5056=CARTESIAN_POINT('',(-0.130836937391489,1.78538823403419,4.18106398073292));
#5057=CARTESIAN_POINT('',(0.520117572832568,1.71278959595128,4.21329207374367));
#5058=CARTESIAN_POINT('',(1.10174378622524,1.41059044621143,4.24549144419651));
#5059=CARTESIAN_POINT('',(1.53543099366548,0.919856054776039,4.27774866004916));
#5060=CARTESIAN_POINT('',(1.76331972999341,0.305595910291605,4.30993232077666));
#5061=CARTESIAN_POINT('',(1.75534380174683,-0.349235547213217,4.34215739396949));
#5062=CARTESIAN_POINT('',(1.51192381765867,-0.957324318772693,4.37457031076453));
#5063=CARTESIAN_POINT('',(1.0663542661963,-1.43740463056931,4.40666583622857));
#5064=CARTESIAN_POINT('',(0.477806436150617,-1.72462470285125,4.43871556309768));
#5065=CARTESIAN_POINT('',(-0.174964499125299,-1.7811484260134,4.47109527696948));
#5066=CARTESIAN_POINT('',(-0.804050838499476,-1.5990960788337,4.50352461043178));
#5067=CARTESIAN_POINT('',(-1.3259127720062,-1.20249547339146,4.53552973153748));
#5068=CARTESIAN_POINT('',(-1.61271310876719,-0.737248834892246,4.56240908636674));
#5069=CARTESIAN_POINT('',(-1.72991585348401,-0.321939280641551,4.58355487702094));
#5070=CARTESIAN_POINT('',(-1.75008729958673,-0.106639522327575,4.59497810459693));
#5071=CARTESIAN_POINT('',(-1.75,-1.30584911342169E-14,4.6));
#5072=CARTESIAN_POINT('',(-1.75,-1.30584911342169E-14,4.6));
#5073=CARTESIAN_POINT('',(-1.75,-1.30584911342169E-14,4.6));
#5074=CARTESIAN_POINT('',(-3.55,-1.53632182961871E-14,4.6));
#5075=CARTESIAN_POINT('',(-3.55,-1.53632182961871E-14,4.6));
#5076=CARTESIAN_POINT('',(-3.55,-1.53632182961871E-14,4.6));
#5077=CARTESIAN_POINT('',(-3.55008729958673,-0.218518774063835,4.59427970790308));
#5078=CARTESIAN_POINT('',(-3.5092500304292,-0.653539694051167,4.58422136719213));
#5079=CARTESIAN_POINT('',(-3.27158366968523,-1.49539996668083,4.56238187354988));
#5080=CARTESIAN_POINT('',(-2.69069667569969,-2.43810523244858,4.53558043330239));
#5081=CARTESIAN_POINT('',(-1.63317134103316,-3.24298062178684,4.50311653504428));
#5082=CARTESIAN_POINT('',(-0.356256267060834,-3.61350021303203,4.4711015766256));
#5083=CARTESIAN_POINT('',(0.967964575288411,-3.4996257440538,4.43904003609988));
#5084=CARTESIAN_POINT('',(2.16272397061595,-2.9165278008925,4.40663689168797));
#5085=CARTESIAN_POINT('',(3.06769680920555,-1.942805656447,4.37425682467763));
#5086=CARTESIAN_POINT('',(3.56109199164381,-0.708364915055001,4.34221877869865));
#5087=CARTESIAN_POINT('',(3.57761950684897,0.620990237766301,4.30999310682811));
#5088=CARTESIAN_POINT('',(3.11422161953991,1.86683302140996,4.27772049966337));
#5089=CARTESIAN_POINT('',(2.23353662411556,2.86287149051378,4.24553122260301));
#5090=CARTESIAN_POINT('',(1.05370759550966,3.47474646566971,4.21327599055342));
#5091=CARTESIAN_POINT('',(-0.267830429741734,3.62108639581769,4.18105254785927));
#5092=CARTESIAN_POINT('',(-1.55272382513426,3.28241139227356,4.14883905426347));
#5093=CARTESIAN_POINT('',(-2.63004944902374,2.50308684739454,4.11656027128254));
#5094=CARTESIAN_POINT('',(-3.35472460727307,1.38956192355749,4.08435094066783));
#5095=CARTESIAN_POINT('',(-3.62963523295636,0.0897979508007408,4.05228616036743));
#5096=CARTESIAN_POINT('',(-3.41895464538807,-1.22307583868088,4.0199384113374));
#5097=CARTESIAN_POINT('',(-2.74993098246417,-2.37112839131148,3.98749156990951));
#5098=CARTESIAN_POINT('',(-1.71191819807053,-3.20210589903229,3.95547662106284));
#5099=CARTESIAN_POINT('',(-0.44501605008842,-3.60366828950232,3.92341482320775));
#5100=CARTESIAN_POINT('',(0.882036779798748,-3.52213540192154,3.89101196416834));
#5101=CARTESIAN_POINT('',(2.09066096922162,-2.9689120347877,3.85863174763868));
#5102=CARTESIAN_POINT('',(3.01897106489009,-2.01716900881999,3.82659377188047));
#5103=CARTESIAN_POINT('',(3.54291398656509,-0.795428256985259,3.79436821114331));
#5104=CARTESIAN_POINT('',(3.59157539951215,0.533020458599411,3.76209542638659));
#5105=CARTESIAN_POINT('',(3.15910054663434,1.79016032331883,3.72990641151169));
#5106=CARTESIAN_POINT('',(2.30320871212057,2.80705338227559,3.69765091738215));
#5107=CARTESIAN_POINT('',(1.13830980360403,3.44790543956778,3.66542765154645));
#5108=CARTESIAN_POINT('',(-0.17843003790579,3.62678233763478,3.63321410051242));
#5109=CARTESIAN_POINT('',(-1.47193539675491,3.31900060642622,3.60093498233711));
#5110=CARTESIAN_POINT('',(-2.56762152529887,2.56760779053641,3.56872606420686));
#5111=CARTESIAN_POINT('',(-3.31895504334402,1.47194018850218,3.53666095459766));
#5112=CARTESIAN_POINT('',(-3.62678101960979,0.178427301017425,3.50431347159663));
#5113=CARTESIAN_POINT('',(-3.44796011900611,-1.13830705883798,3.47186653504428));
#5114=CARTESIAN_POINT('',(-2.8070417267329,-2.30321928217506,3.43985157662561));
#5115=CARTESIAN_POINT('',(-1.79015478010065,-3.15906341037025,3.40779003609988));
#5116=CARTESIAN_POINT('',(-0.533019800072941,-3.5915733709874,3.37538689168797));
#5117=CARTESIAN_POINT('',(0.795418162212288,-3.54296027061484,3.34300682467763));
#5118=CARTESIAN_POINT('',(2.01718266073042,-3.01896193071047,3.31096877869865));
#5119=CARTESIAN_POINT('',(2.96886542197339,-2.09065260562298,3.27874310682811));
#5120=CARTESIAN_POINT('',(3.52213751407638,-0.882036936512451,3.24647049966337));
#5121=CARTESIAN_POINT('',(3.60370473754855,0.445006951667304,3.21428122260301));
#5122=CARTESIAN_POINT('',(3.2021005749517,1.71193300260637,3.18202599055342));
#5123=CARTESIAN_POINT('',(2.37111003266656,2.74987945882352,3.14980254785927));
#5124=CARTESIAN_POINT('',(1.22307380805826,3.41895690018296,3.11758905426347));
#5125=CARTESIAN_POINT('',(-0.0897761165690956,3.62967548395217,3.08531027128254));
#5126=CARTESIAN_POINT('',(-1.38957985979005,3.35471717784228,3.05310094066783));
#5127=CARTESIAN_POINT('',(-2.5030429465092,2.63003642640491,3.02103616036744));
#5128=CARTESIAN_POINT('',(-3.28241123375983,1.55272079488648,2.9886884113374));
#5129=CARTESIAN_POINT('',(-3.62113581005569,0.267853880935114,2.9562415699095));
#5130=CARTESIAN_POINT('',(-3.47473976197552,-1.05372182859085,2.92422662106284));
#5131=CARTESIAN_POINT('',(-2.86285215140839,-2.23350441789964,2.89216482320775));
#5132=CARTESIAN_POINT('',(-1.86683163870427,-3.11422001520758,2.85976196416834));
#5133=CARTESIAN_POINT('',(-0.621017284046096,-3.57765838104338,2.82738174763868));
#5134=CARTESIAN_POINT('',(0.708381027253776,-3.56108879712572,2.79534377188047));
#5135=CARTESIAN_POINT('',(1.94276579059917,-3.06767121952252,2.76311821114332));
#5136=CARTESIAN_POINT('',(2.91652970092463,-2.16272493935102,2.73084542638659));
#5137=CARTESIAN_POINT('',(3.49965592300512,-0.967986914945401,2.69865641151169));
#5138=CARTESIAN_POINT('',(3.61350098058809,0.356271982931305,2.66640091738215));
#5139=CARTESIAN_POINT('',(3.2429438984279,1.63313073598881,2.63417765154645));
#5140=CARTESIAN_POINT('',(2.4383532950586,2.69069147459971,2.60196410051242));
#5141=CARTESIAN_POINT('',(1.30607233505234,3.38770333608015,2.56968498233711));
#5142=CARTESIAN_POINT('',(-9.71194367845431E-6,3.63115547217508,2.53747606420685));
#5143=CARTESIAN_POINT('',(-1.30603672881095,3.38767450639274,2.50541095459767));
#5144=CARTESIAN_POINT('',(-2.4383542983465,2.69068860734299,2.47306347159662));
#5145=CARTESIAN_POINT('',(-3.24298062178684,1.63317134103315,2.44061653504428));
#5146=CARTESIAN_POINT('',(-3.61350021303203,0.356256267060828,2.4086015766256));
#5147=CARTESIAN_POINT('',(-3.49962574405379,-0.967964575288413,2.37654003609988));
#5148=CARTESIAN_POINT('',(-2.9165278008925,-2.16272397061595,2.34413689168797));
#5149=CARTESIAN_POINT('',(-1.94280565644701,-3.06769680920554,2.31175682467763));
#5150=CARTESIAN_POINT('',(-0.708364915055014,-3.56109199164381,2.27971877869865));
#5151=CARTESIAN_POINT('',(0.620990237766293,-3.57761950684898,2.24749310682811));
#5152=CARTESIAN_POINT('',(1.86683302140997,-3.11422161953991,2.21522049966336));
#5153=CARTESIAN_POINT('',(2.86287149051378,-2.23353662411556,2.18303122260301));
#5154=CARTESIAN_POINT('',(3.47474646566971,-1.05370759550967,2.15077599055342));
#5155=CARTESIAN_POINT('',(3.62108639581769,0.267830429741717,2.11855254785927));
#5156=CARTESIAN_POINT('',(3.28241139227356,1.55272382513425,2.08633905426347));
#5157=CARTESIAN_POINT('',(2.50308684739455,2.63004944902374,2.05406027128254));
#5158=CARTESIAN_POINT('',(1.38956192355748,3.35472460727307,2.02185094066783));
#5159=CARTESIAN_POINT('',(0.0897979508007295,3.62963523295636,1.98978616036744));
#5160=CARTESIAN_POINT('',(-1.22307583868088,3.41895464538808,1.9574384113374));
#5161=CARTESIAN_POINT('',(-2.37112839131146,2.74993098246418,1.9249915699095));
#5162=CARTESIAN_POINT('',(-3.2021058990323,1.71191819807053,1.89297662106284));
#5163=CARTESIAN_POINT('',(-3.60366828950232,0.445016050088419,1.86091482320774));
#5164=CARTESIAN_POINT('',(-3.52213540192154,-0.882036779798759,1.82851196416834));
#5165=CARTESIAN_POINT('',(-2.9689120347877,-2.09066096922163,1.79613174763868));
#5166=CARTESIAN_POINT('',(-2.01716900882001,-3.01897106489008,1.76409377188047));
#5167=CARTESIAN_POINT('',(-0.795428256985272,-3.54291398656509,1.73186821114332));
#5168=CARTESIAN_POINT('',(0.533020458599411,-3.59157539951215,1.69959542638659));
#5169=CARTESIAN_POINT('',(1.79016032331885,-3.15910054663433,1.66740641151169));
#5170=CARTESIAN_POINT('',(2.80705338227558,-2.30320871212058,1.63515091738215));
#5171=CARTESIAN_POINT('',(3.44790543956777,-1.13830980360405,1.60292765154645));
#5172=CARTESIAN_POINT('',(3.62678233763478,0.178430037905778,1.57071410051242));
#5173=CARTESIAN_POINT('',(3.31900060642622,1.47193539675491,1.53843498233711));
#5174=CARTESIAN_POINT('',(2.56760779053641,2.56762152529887,1.50622606420685));
#5175=CARTESIAN_POINT('',(1.47194018850218,3.31895504334402,1.47416095459766));
#5176=CARTESIAN_POINT('',(0.178427301017436,3.62678101960979,1.44181347159663));
#5177=CARTESIAN_POINT('',(-1.13830705883797,3.44796011900612,1.40936653504428));
#5178=CARTESIAN_POINT('',(-2.30321928217506,2.8070417267329,1.3773515766256));
#5179=CARTESIAN_POINT('',(-3.15906341037025,1.79015478010066,1.34529003609988));
#5180=CARTESIAN_POINT('',(-3.59157337098741,0.53301980007294,1.31288689168797));
#5181=CARTESIAN_POINT('',(-3.54296027061484,-0.795418162212309,1.28050682467763));
#5182=CARTESIAN_POINT('',(-3.01896193071047,-2.01718266073042,1.24846877869865));
#5183=CARTESIAN_POINT('',(-2.09065260562299,-2.96886542197338,1.21624310682811));
#5184=CARTESIAN_POINT('',(-0.882036936512466,-3.52213751407638,1.18397049966337));
#5185=CARTESIAN_POINT('',(0.445006951667309,-3.60370473754855,1.15178122260301));
#5186=CARTESIAN_POINT('',(1.71193300260637,-3.2021005749517,1.11952599055342));
#5187=CARTESIAN_POINT('',(2.74987945882352,-2.37111003266657,1.08730254785927));
#5188=CARTESIAN_POINT('',(3.41895690018296,-1.22307380805827,1.05508905426347));
#5189=CARTESIAN_POINT('',(3.62967548395217,0.0897761165690867,1.02281027128254));
#5190=CARTESIAN_POINT('',(3.35471717784228,1.38957985979005,0.990600940667829));
#5191=CARTESIAN_POINT('',(2.63003642640491,2.50304294650919,0.958536160367433));
#5192=CARTESIAN_POINT('',(1.55272079488648,3.28241123375984,0.926188411337405));
#5193=CARTESIAN_POINT('',(0.267853880935143,3.62113581005566,0.893741569909488));
#5194=CARTESIAN_POINT('',(-1.05372182859096,3.47473976197566,0.861726621062906));
#5195=CARTESIAN_POINT('',(-2.23350441789921,2.86285215140782,0.829664823207488));
#5196=CARTESIAN_POINT('',(-3.11422001520931,1.86683163870659,0.797261964169373));
#5197=CARTESIAN_POINT('',(-3.57765838103646,0.621017284036844,0.764881747634565));
#5198=CARTESIAN_POINT('',(-3.56108879715344,-0.708381027216806,0.732843771896946));
#5199=CARTESIAN_POINT('',(-3.06767121941165,-1.94276579074703,0.700618211077399));
#5200=CARTESIAN_POINT('',(-2.1627249397945,-2.91652970033315,0.668345426650251));
#5201=CARTESIAN_POINT('',(-0.967986913171479,-3.49965592537105,0.636156410457047));
#5202=CARTESIAN_POINT('',(0.356272079757805,-3.6135008348673,0.603900906527053));
#5203=CARTESIAN_POINT('',(1.63313034868281,-3.2429444813111,0.571677694966836));
#5204=CARTESIAN_POINT('',(2.69071463895051,-2.43834706643215,0.539378878898289));
#5205=CARTESIAN_POINT('',(3.38760975222963,-1.3060983303211,0.507525808601026));
#5206=CARTESIAN_POINT('',(3.55017459917346,-0.437113979998981,0.485043790806148));
#5207=CARTESIAN_POINT('',(3.55,0.,0.475));
#5208=CARTESIAN_POINT('',(3.55,0.,0.475));
#5209=CARTESIAN_POINT('',(3.55017459917346,-0.437113979998981,0.485043790806148));
#5210=CARTESIAN_POINT('',(3.38760975222963,-1.3060983303211,0.507525808601026));
#5211=CARTESIAN_POINT('',(2.69071463895051,-2.43834706643215,0.539378878898289));
#5212=CARTESIAN_POINT('',(1.63313034868281,-3.2429444813111,0.571677694966836));
#5213=CARTESIAN_POINT('',(0.356272079757805,-3.6135008348673,0.603900906527053));
#5214=CARTESIAN_POINT('',(-0.967986913171479,-3.49965592537105,0.636156410457047));
#5215=CARTESIAN_POINT('',(-2.1627249397945,-2.91652970033315,0.668345426650251));
#5216=CARTESIAN_POINT('',(-3.06767121941165,-1.94276579074703,0.700618211077399));
#5217=CARTESIAN_POINT('',(-3.56108879715344,-0.708381027216806,0.732843771896946));
#5218=CARTESIAN_POINT('',(-3.57765838103646,0.621017284036844,0.764881747634565));
#5219=CARTESIAN_POINT('',(-3.11422001520931,1.86683163870659,0.797261964169373));
#5220=CARTESIAN_POINT('',(-2.23350441789921,2.86285215140782,0.829664823207488));
#5221=CARTESIAN_POINT('',(-1.05372182859096,3.47473976197566,0.861726621062906));
#5222=CARTESIAN_POINT('',(0.267853880935143,3.62113581005566,0.893741569909488));
#5223=CARTESIAN_POINT('',(1.55272079488648,3.28241123375984,0.926188411337405));
#5224=CARTESIAN_POINT('',(2.63003642640491,2.50304294650919,0.958536160367433));
#5225=CARTESIAN_POINT('',(3.35471717784228,1.38957985979005,0.990600940667829));
#5226=CARTESIAN_POINT('',(3.62967548395217,0.0897761165690867,1.02281027128254));
#5227=CARTESIAN_POINT('',(3.41895690018296,-1.22307380805827,1.05508905426347));
#5228=CARTESIAN_POINT('',(2.74987945882352,-2.37111003266657,1.08730254785927));
#5229=CARTESIAN_POINT('',(1.71193300260637,-3.2021005749517,1.11952599055342));
#5230=CARTESIAN_POINT('',(0.445006951667309,-3.60370473754855,1.15178122260301));
#5231=CARTESIAN_POINT('',(-0.882036936512466,-3.52213751407638,1.18397049966337));
#5232=CARTESIAN_POINT('',(-2.09065260562299,-2.96886542197338,1.21624310682811));
#5233=CARTESIAN_POINT('',(-3.01896193071047,-2.01718266073042,1.24846877869865));
#5234=CARTESIAN_POINT('',(-3.54296027061484,-0.795418162212309,1.28050682467763));
#5235=CARTESIAN_POINT('',(-3.59157337098741,0.53301980007294,1.31288689168797));
#5236=CARTESIAN_POINT('',(-3.15906341037025,1.79015478010066,1.34529003609988));
#5237=CARTESIAN_POINT('',(-2.30321928217506,2.8070417267329,1.3773515766256));
#5238=CARTESIAN_POINT('',(-1.13830705883797,3.44796011900612,1.40936653504428));
#5239=CARTESIAN_POINT('',(0.178427301017436,3.62678101960979,1.44181347159663));
#5240=CARTESIAN_POINT('',(1.47194018850218,3.31895504334402,1.47416095459766));
#5241=CARTESIAN_POINT('',(2.56760779053641,2.56762152529887,1.50622606420685));
#5242=CARTESIAN_POINT('',(3.31900060642622,1.47193539675491,1.53843498233711));
#5243=CARTESIAN_POINT('',(3.62678233763478,0.178430037905778,1.57071410051242));
#5244=CARTESIAN_POINT('',(3.44790543956777,-1.13830980360405,1.60292765154645));
#5245=CARTESIAN_POINT('',(2.80705338227558,-2.30320871212058,1.63515091738215));
#5246=CARTESIAN_POINT('',(1.79016032331885,-3.15910054663433,1.66740641151169));
#5247=CARTESIAN_POINT('',(0.533020458599411,-3.59157539951215,1.69959542638659));
#5248=CARTESIAN_POINT('',(-0.795428256985272,-3.54291398656509,1.73186821114332));
#5249=CARTESIAN_POINT('',(-2.01716900882001,-3.01897106489008,1.76409377188047));
#5250=CARTESIAN_POINT('',(-2.9689120347877,-2.09066096922163,1.79613174763868));
#5251=CARTESIAN_POINT('',(-3.52213540192154,-0.882036779798759,1.82851196416834));
#5252=CARTESIAN_POINT('',(-3.60366828950232,0.445016050088419,1.86091482320774));
#5253=CARTESIAN_POINT('',(-3.2021058990323,1.71191819807053,1.89297662106284));
#5254=CARTESIAN_POINT('',(-2.37112839131146,2.74993098246418,1.9249915699095));
#5255=CARTESIAN_POINT('',(-1.22307583868088,3.41895464538808,1.9574384113374));
#5256=CARTESIAN_POINT('',(0.0897979508007295,3.62963523295636,1.98978616036744));
#5257=CARTESIAN_POINT('',(1.38956192355748,3.35472460727307,2.02185094066783));
#5258=CARTESIAN_POINT('',(2.50308684739455,2.63004944902374,2.05406027128254));
#5259=CARTESIAN_POINT('',(3.28241139227356,1.55272382513425,2.08633905426347));
#5260=CARTESIAN_POINT('',(3.62108639581769,0.267830429741717,2.11855254785927));
#5261=CARTESIAN_POINT('',(3.47474646566971,-1.05370759550967,2.15077599055342));
#5262=CARTESIAN_POINT('',(2.86287149051378,-2.23353662411556,2.18303122260301));
#5263=CARTESIAN_POINT('',(1.86683302140997,-3.11422161953991,2.21522049966336));
#5264=CARTESIAN_POINT('',(0.620990237766293,-3.57761950684898,2.24749310682811));
#5265=CARTESIAN_POINT('',(-0.708364915055014,-3.56109199164381,2.27971877869865));
#5266=CARTESIAN_POINT('',(-1.94280565644701,-3.06769680920554,2.31175682467763));
#5267=CARTESIAN_POINT('',(-2.9165278008925,-2.16272397061595,2.34413689168797));
#5268=CARTESIAN_POINT('',(-3.49962574405379,-0.967964575288413,2.37654003609988));
#5269=CARTESIAN_POINT('',(-3.61350021303203,0.356256267060828,2.4086015766256));
#5270=CARTESIAN_POINT('',(-3.24298062178684,1.63317134103315,2.44061653504428));
#5271=CARTESIAN_POINT('',(-2.4383542983465,2.69068860734299,2.47306347159662));
#5272=CARTESIAN_POINT('',(-1.30603672881095,3.38767450639274,2.50541095459767));
#5273=CARTESIAN_POINT('',(-9.71194367845431E-6,3.63115547217508,2.53747606420685));
#5274=CARTESIAN_POINT('',(1.30607233505234,3.38770333608015,2.56968498233711));
#5275=CARTESIAN_POINT('',(2.4383532950586,2.69069147459971,2.60196410051242));
#5276=CARTESIAN_POINT('',(3.2429438984279,1.63313073598881,2.63417765154645));
#5277=CARTESIAN_POINT('',(3.61350098058809,0.356271982931305,2.66640091738215));
#5278=CARTESIAN_POINT('',(3.49965592300512,-0.967986914945401,2.69865641151169));
#5279=CARTESIAN_POINT('',(2.91652970092463,-2.16272493935102,2.73084542638659));
#5280=CARTESIAN_POINT('',(1.94276579059917,-3.06767121952252,2.76311821114332));
#5281=CARTESIAN_POINT('',(0.708381027253776,-3.56108879712572,2.79534377188047));
#5282=CARTESIAN_POINT('',(-0.621017284046096,-3.57765838104338,2.82738174763868));
#5283=CARTESIAN_POINT('',(-1.86683163870427,-3.11422001520758,2.85976196416834));
#5284=CARTESIAN_POINT('',(-2.86285215140839,-2.23350441789964,2.89216482320775));
#5285=CARTESIAN_POINT('',(-3.47473976197552,-1.05372182859085,2.92422662106284));
#5286=CARTESIAN_POINT('',(-3.62113581005569,0.267853880935114,2.9562415699095));
#5287=CARTESIAN_POINT('',(-3.28241123375983,1.55272079488648,2.9886884113374));
#5288=CARTESIAN_POINT('',(-2.5030429465092,2.63003642640491,3.02103616036744));
#5289=CARTESIAN_POINT('',(-1.38957985979005,3.35471717784228,3.05310094066783));
#5290=CARTESIAN_POINT('',(-0.0897761165690956,3.62967548395217,3.08531027128254));
#5291=CARTESIAN_POINT('',(1.22307380805826,3.41895690018296,3.11758905426347));
#5292=CARTESIAN_POINT('',(2.37111003266656,2.74987945882352,3.14980254785927));
#5293=CARTESIAN_POINT('',(3.2021005749517,1.71193300260637,3.18202599055342));
#5294=CARTESIAN_POINT('',(3.60370473754855,0.445006951667304,3.21428122260301));
#5295=CARTESIAN_POINT('',(3.52213751407638,-0.882036936512451,3.24647049966337));
#5296=CARTESIAN_POINT('',(2.96886542197339,-2.09065260562298,3.27874310682811));
#5297=CARTESIAN_POINT('',(2.01718266073042,-3.01896193071047,3.31096877869865));
#5298=CARTESIAN_POINT('',(0.795418162212288,-3.54296027061484,3.34300682467763));
#5299=CARTESIAN_POINT('',(-0.533019800072941,-3.5915733709874,3.37538689168797));
#5300=CARTESIAN_POINT('',(-1.79015478010065,-3.15906341037025,3.40779003609988));
#5301=CARTESIAN_POINT('',(-2.8070417267329,-2.30321928217506,3.43985157662561));
#5302=CARTESIAN_POINT('',(-3.44796011900611,-1.13830705883798,3.47186653504428));
#5303=CARTESIAN_POINT('',(-3.62678101960979,0.178427301017425,3.50431347159663));
#5304=CARTESIAN_POINT('',(-3.31895504334402,1.47194018850218,3.53666095459766));
#5305=CARTESIAN_POINT('',(-2.56762152529887,2.56760779053641,3.56872606420686));
#5306=CARTESIAN_POINT('',(-1.47193539675491,3.31900060642622,3.60093498233711));
#5307=CARTESIAN_POINT('',(-0.17843003790579,3.62678233763478,3.63321410051242));
#5308=CARTESIAN_POINT('',(1.13830980360403,3.44790543956778,3.66542765154645));
#5309=CARTESIAN_POINT('',(2.30320871212057,2.80705338227559,3.69765091738215));
#5310=CARTESIAN_POINT('',(3.15910054663434,1.79016032331883,3.72990641151169));
#5311=CARTESIAN_POINT('',(3.59157539951215,0.533020458599411,3.76209542638659));
#5312=CARTESIAN_POINT('',(3.54291398656509,-0.795428256985259,3.79436821114331));
#5313=CARTESIAN_POINT('',(3.01897106489009,-2.01716900881999,3.82659377188047));
#5314=CARTESIAN_POINT('',(2.09066096922162,-2.9689120347877,3.85863174763868));
#5315=CARTESIAN_POINT('',(0.882036779798748,-3.52213540192154,3.89101196416834));
#5316=CARTESIAN_POINT('',(-0.44501605008842,-3.60366828950232,3.92341482320775));
#5317=CARTESIAN_POINT('',(-1.71191819807053,-3.20210589903229,3.95547662106284));
#5318=CARTESIAN_POINT('',(-2.74993098246417,-2.37112839131148,3.98749156990951));
#5319=CARTESIAN_POINT('',(-3.41895464538807,-1.22307583868088,4.0199384113374));
#5320=CARTESIAN_POINT('',(-3.62963523295636,0.0897979508007408,4.05228616036743));
#5321=CARTESIAN_POINT('',(-3.35472460727307,1.38956192355749,4.08435094066783));
#5322=CARTESIAN_POINT('',(-2.63004944902374,2.50308684739454,4.11656027128254));
#5323=CARTESIAN_POINT('',(-1.55272382513426,3.28241139227356,4.14883905426347));
#5324=CARTESIAN_POINT('',(-0.267830429741734,3.62108639581769,4.18105254785927));
#5325=CARTESIAN_POINT('',(1.05370759550966,3.47474646566971,4.21327599055342));
#5326=CARTESIAN_POINT('',(2.23353662411556,2.86287149051378,4.24553122260301));
#5327=CARTESIAN_POINT('',(3.11422161953991,1.86683302140996,4.27772049966337));
#5328=CARTESIAN_POINT('',(3.57761950684897,0.620990237766301,4.30999310682811));
#5329=CARTESIAN_POINT('',(3.56109199164381,-0.708364915055001,4.34221877869865));
#5330=CARTESIAN_POINT('',(3.06769680920555,-1.942805656447,4.37425682467763));
#5331=CARTESIAN_POINT('',(2.16272397061595,-2.9165278008925,4.40663689168797));
#5332=CARTESIAN_POINT('',(0.967964575288411,-3.4996257440538,4.43904003609988));
#5333=CARTESIAN_POINT('',(-0.356256267060834,-3.61350021303203,4.4711015766256));
#5334=CARTESIAN_POINT('',(-1.63317134103316,-3.24298062178684,4.50311653504428));
#5335=CARTESIAN_POINT('',(-2.69069667569969,-2.43810523244858,4.53558043330239));
#5336=CARTESIAN_POINT('',(-3.27158366968523,-1.49539996668083,4.56238187354988));
#5337=CARTESIAN_POINT('',(-3.5092500304292,-0.653539694051167,4.58422136719213));
#5338=CARTESIAN_POINT('',(-3.55008729958673,-0.218518774063835,4.59427970790308));
#5339=CARTESIAN_POINT('',(-3.55,-1.53632182961871E-14,4.6));
#5340=CARTESIAN_POINT('',(1.75,0.,0.475));
#5341=CARTESIAN_POINT('',(1.75017459917346,-0.213294778665948,0.486440584193852));
#5342=CARTESIAN_POINT('',(1.6701124861589,-0.645083298130236,0.506927316398975));
#5343=CARTESIAN_POINT('',(1.32612666340708,-1.20241783103564,0.539536776884749));
#5344=CARTESIAN_POINT('',(0.804137967412981,-1.59939107894911,0.571686225474297));
#5345=CARTESIAN_POINT('',(0.174880436151658,-1.78146589146635,0.603917801046159));
#5346=CARTESIAN_POINT('',(-0.478006884949434,-1.72484549555633,0.636116112181896));
#5347=CARTESIAN_POINT('',(-1.06659710265398,-1.4373827514833,0.668373772259042));
#5348=CARTESIAN_POINT('',(-1.51210886912162,-0.957188773513468,0.700557211870849));
#5349=CARTESIAN_POINT('',(-1.75538444553099,-0.349016805266129,0.732782403477987));
#5350=CARTESIAN_POINT('',(-1.76320610680142,0.305792931298664,0.765195381546382));
#5351=CARTESIAN_POINT('',(-1.53521033030194,0.91996642071574,0.797290764858636));
#5352=CARTESIAN_POINT('',(-1.10147789985378,1.41046719908596,0.829340776262956));
#5353=CARTESIAN_POINT('',(-0.519914000803475,1.71252394299888,0.86172021694479));
#5354=CARTESIAN_POINT('',(0.130856483820342,1.78508736173078,0.894149594102125));
#5355=CARTESIAN_POINT('',(0.764875603578138,1.61810409580124,0.926156205146484));
#5356=CARTESIAN_POINT('',(1.29609744895572,1.23506312542118,0.958276391146249));
#5357=CARTESIAN_POINT('',(1.65380047654407,0.685068546084464,0.99065221132798));
#5358=CARTESIAN_POINT('',(1.78992734735555,0.0432554533292546,1.02289501289697));
#5359=CARTESIAN_POINT('',(1.6853058804398,-0.603400402365814,1.05507607687812));
#5360=CARTESIAN_POINT('',(1.35497581299544,-1.16994444167705,1.08731398073292));
#5361=CARTESIAN_POINT('',(0.843346475278699,-1.57890380080712,1.11954207374367));
#5362=CARTESIAN_POINT('',(0.218387567623058,-1.77648857236307,1.15174144419651));
#5363=CARTESIAN_POINT('',(-0.435277213617229,-1.7361501217125,1.18399866004916));
#5364=CARTESIAN_POINT('',(-1.0307663980083,-1.46294427894844,1.21618232077665));
#5365=CARTESIAN_POINT('',(-1.48816232919482,-0.994268681863092,1.24840739396949));
#5366=CARTESIAN_POINT('',(-1.74602210170286,-0.39216106650493,1.28082031076453));
#5367=CARTESIAN_POINT('',(-1.77042489435911,0.262372228809896,1.31291583622856));
#5368=CARTESIAN_POINT('',(-1.55735399348464,0.881633651291262,1.34496556309768));
#5369=CARTESIAN_POINT('',(-1.13574354653541,1.38318071413223,1.37734527696948));
#5370=CARTESIAN_POINT('',(-0.562181880790419,1.69928148143384,1.40977461043178));
#5371=CARTESIAN_POINT('',(0.0874021075281078,1.78765730845638,1.44178116812396));
#5372=CARTESIAN_POINT('',(0.724806556846146,1.63702488837017,1.47390158546878));
#5373=CARTESIAN_POINT('',(1.26576026937448,1.26581499870382,1.50627706929871));
#5374=CARTESIAN_POINT('',(1.63710537795145,0.724946022308236,1.53852029965826));
#5375=CARTESIAN_POINT('',(1.78794728529046,0.0874397993360373,1.57070101379571));
#5376=CARTESIAN_POINT('',(1.69955536870708,-0.56231599910421,1.60293890544702));
#5377=CARTESIAN_POINT('',(1.38334483429669,-1.13603068721437,1.63516713105298));
#5378=CARTESIAN_POINT('',(0.881648261639627,-1.5576510144441,1.66736627635511));
#5379=CARTESIAN_POINT('',(0.262184990395299,-1.77058134525609,1.69962373121574));
#5380=CARTESIAN_POINT('',(-0.392387748556567,-1.74605705526495,1.73180722213167));
#5381=CARTESIAN_POINT('',(-0.994452098788766,-1.48803640792867,1.76403240091278));
#5382=CARTESIAN_POINT('',(-1.46300324922997,-1.03054673610048,1.79644538218769));
#5383=CARTESIAN_POINT('',(-1.73607212987592,-0.435043141374154,1.82854076469831));
#5384=CARTESIAN_POINT('',(-1.77621341337366,0.218488429006666,1.86059077630304));
#5385=CARTESIAN_POINT('',(-1.57857200865453,0.843302577385491,1.89297021693477));
#5386=CARTESIAN_POINT('',(-1.16971787141521,1.35477688557468,1.92539959410463));
#5387=CARTESIAN_POINT('',(-0.603323652753385,1.68502110485783,1.95740620514586));
#5388=CARTESIAN_POINT('',(0.0431577840566132,1.78980080641474,1.9895263911464));
#5389=CARTESIAN_POINT('',(0.684996917179875,1.65383014620758,2.02190221132794));
#5390=CARTESIAN_POINT('',(1.23508354077394,1.29625598951883,2.05414501289698));
#5391=CARTESIAN_POINT('',(1.61835973271611,0.765022700148975,2.08632607687812));
#5392=CARTESIAN_POINT('',(1.78538823403419,0.130836937391482,2.11856398073292));
#5393=CARTESIAN_POINT('',(1.71278959595128,-0.52011757283258,2.15079207374367));
#5394=CARTESIAN_POINT('',(1.41059044621143,-1.10174378622524,2.18299144419651));
#5395=CARTESIAN_POINT('',(0.919856054776036,-1.53543099366548,2.21524866004916));
#5396=CARTESIAN_POINT('',(0.305595910291596,-1.76331972999341,2.24743232077665));
#5397=CARTESIAN_POINT('',(-0.349235547213227,-1.75534380174683,2.27965739396949));
#5398=CARTESIAN_POINT('',(-0.957324318772698,-1.51192381765866,2.31207031076453));
#5399=CARTESIAN_POINT('',(-1.43740463056931,-1.06635426619631,2.34416583622856));
#5400=CARTESIAN_POINT('',(-1.72462470285125,-0.47780643615062,2.37621556309768));
#5401=CARTESIAN_POINT('',(-1.7811484260134,0.174964499125304,2.40859527696948));
#5402=CARTESIAN_POINT('',(-1.5990960788337,0.804050838499471,2.44102461043178));
#5403=CARTESIAN_POINT('',(-1.20226198232407,1.32586722817033,2.47303116812396));
#5404=CARTESIAN_POINT('',(-0.645035768143323,1.67006703093208,2.50515158546877));
#5405=CARTESIAN_POINT('',(-3.86994799078869E-5,1.79009403914232,2.53752706929871));
#5406=CARTESIAN_POINT('',(0.644994065898077,1.6702225626348,2.56977029965827));
#5407=CARTESIAN_POINT('',(1.20244037477686,1.32609892488907,2.60195101379571));
#5408=CARTESIAN_POINT('',(1.59938458235105,0.804149670078496,2.63418890544702));
#5409=CARTESIAN_POINT('',(1.78146751561587,0.174877510485283,2.66641713105298));
#5410=CARTESIAN_POINT('',(1.72484505946224,-0.478006130608809,2.69861627635512));
#5411=CARTESIAN_POINT('',(1.43738286050683,-1.06659729123914,2.73087373121574));
#5412=CARTESIAN_POINT('',(0.957188746257595,-1.51210882197533,2.76305722213167));
#5413=CARTESIAN_POINT('',(0.349016812080096,-1.75538445731756,2.79528240091278));
#5414=CARTESIAN_POINT('',(-0.305792933002159,-1.76320610385478,2.82769538218769));
#5415=CARTESIAN_POINT('',(-0.919966420289868,-1.5352103310386,2.85979076469831));
#5416=CARTESIAN_POINT('',(-1.41046719919243,-1.10147789966961,2.89184077630304));
#5417=CARTESIAN_POINT('',(-1.71252394297227,-0.519914000849507,2.92422021693477));
#5418=CARTESIAN_POINT('',(-1.78508736173744,0.130856483831853,2.95664959410463));
#5419=CARTESIAN_POINT('',(-1.61810409579959,0.764875603575251,2.98865620514586));
#5420=CARTESIAN_POINT('',(-1.23506312542159,1.29609744895644,3.0207763911464));
#5421=CARTESIAN_POINT('',(-0.685068546084357,1.65380047654388,3.05315221132794));
#5422=CARTESIAN_POINT('',(-0.043255453329296,1.78992734735559,3.08539501289698));
#5423=CARTESIAN_POINT('',(0.603400402365827,1.68530588043979,3.11757607687812));
#5424=CARTESIAN_POINT('',(1.16994444167704,1.35497581299546,3.14981398073292));
#5425=CARTESIAN_POINT('',(1.57890380080712,0.843346475278697,3.18204207374367));
#5426=CARTESIAN_POINT('',(1.77648857236307,0.218387567623057,3.2142414441965));
#5427=CARTESIAN_POINT('',(1.7361501217125,-0.435277213617222,3.24649866004916));
#5428=CARTESIAN_POINT('',(1.46294427894844,-1.0307663980083,3.27868232077665));
#5429=CARTESIAN_POINT('',(0.994268681863093,-1.48816232919482,3.31090739396949));
#5430=CARTESIAN_POINT('',(0.392161066504926,-1.74602210170286,3.34332031076453));
#5431=CARTESIAN_POINT('',(-0.262372228809889,-1.77042489435911,3.37541583622856));
#5432=CARTESIAN_POINT('',(-0.881633651291267,-1.55735399348463,3.40746556309769));
#5433=CARTESIAN_POINT('',(-1.38318071413222,-1.13574354653541,3.43984527696948));
#5434=CARTESIAN_POINT('',(-1.69928148143384,-0.562181880790419,3.47227461043178));
#5435=CARTESIAN_POINT('',(-1.78765730845638,0.0874021075280978,3.50428116812396));
#5436=CARTESIAN_POINT('',(-1.63702488837017,0.724806556846155,3.53640158546877));
#5437=CARTESIAN_POINT('',(-1.26581499870382,1.26576026937448,3.56877706929871));
#5438=CARTESIAN_POINT('',(-0.724946022308237,1.63710537795145,3.60102029965827));
#5439=CARTESIAN_POINT('',(-0.08743979933604,1.78794728529046,3.63320101379571));
#5440=CARTESIAN_POINT('',(0.562315999104192,1.69955536870708,3.66543890544702));
#5441=CARTESIAN_POINT('',(1.13603068721438,1.38334483429669,3.69766713105298));
#5442=CARTESIAN_POINT('',(1.5576510144441,0.881648261639628,3.72986627635511));
#5443=CARTESIAN_POINT('',(1.77058134525609,0.262184990395299,3.76212373121574));
#5444=CARTESIAN_POINT('',(1.74605705526495,-0.392387748556558,3.79430722213167));
#5445=CARTESIAN_POINT('',(1.48803640792867,-0.994452098788757,3.82653240091278));
#5446=CARTESIAN_POINT('',(1.03054673610048,-1.46300324922997,3.85894538218769));
#5447=CARTESIAN_POINT('',(0.435043141374146,-1.73607212987592,3.89104076469831));
#5448=CARTESIAN_POINT('',(-0.218488429006667,-1.77621341337366,3.92309077630304));
#5449=CARTESIAN_POINT('',(-0.843302577385487,-1.57857200865454,3.95547021693477));
#5450=CARTESIAN_POINT('',(-1.35477688557468,-1.16971787141521,3.98789959410463));
#5451=CARTESIAN_POINT('',(-1.68502110485782,-0.603323652753406,4.01990620514586));
#5452=CARTESIAN_POINT('',(-1.78980080641474,0.0431577840566362,4.0520263911464));
#5453=CARTESIAN_POINT('',(-1.65383014620759,0.684996917179862,4.08440221132794));
#5454=CARTESIAN_POINT('',(-1.29625598951882,1.23508354077395,4.11664501289698));
#5455=CARTESIAN_POINT('',(-0.765022700148993,1.6183597327161,4.14882607687811));
#5456=CARTESIAN_POINT('',(-0.130836937391489,1.78538823403419,4.18106398073292));
#5457=CARTESIAN_POINT('',(0.520117572832568,1.71278959595128,4.21329207374367));
#5458=CARTESIAN_POINT('',(1.10174378622524,1.41059044621143,4.24549144419651));
#5459=CARTESIAN_POINT('',(1.53543099366548,0.919856054776039,4.27774866004916));
#5460=CARTESIAN_POINT('',(1.76331972999341,0.305595910291605,4.30993232077666));
#5461=CARTESIAN_POINT('',(1.75534380174683,-0.349235547213217,4.34215739396949));
#5462=CARTESIAN_POINT('',(1.51192381765867,-0.957324318772693,4.37457031076453));
#5463=CARTESIAN_POINT('',(1.0663542661963,-1.43740463056931,4.40666583622857));
#5464=CARTESIAN_POINT('',(0.477806436150617,-1.72462470285125,4.43871556309768));
#5465=CARTESIAN_POINT('',(-0.174964499125299,-1.7811484260134,4.47109527696948));
#5466=CARTESIAN_POINT('',(-0.804050838499476,-1.5990960788337,4.50352461043178));
#5467=CARTESIAN_POINT('',(-1.3259127720062,-1.20249547339146,4.53552973153748));
#5468=CARTESIAN_POINT('',(-1.61271310876719,-0.737248834892246,4.56240908636674));
#5469=CARTESIAN_POINT('',(-1.72991585348401,-0.321939280641551,4.58355487702094));
#5470=CARTESIAN_POINT('',(-1.75008729958673,-0.106639522327575,4.59497810459693));
#5471=CARTESIAN_POINT('',(-1.75,-1.30584911342169E-14,4.6));
#5472=CARTESIAN_POINT('',(1.75,0.,0.0250000000000001));
#5473=CARTESIAN_POINT('',(3.55,0.,0.0250000000000004));
#5474=CARTESIAN_POINT('',(1.75,0.,0.0250000000000001));
#5475=CARTESIAN_POINT('',(3.55,0.,0.0250000000000004));
#5476=CARTESIAN_POINT('',(1.75,0.,0.475));
#5477=CARTESIAN_POINT('',(1.75,0.,0.0250000000000001));
#5478=CARTESIAN_POINT('',(3.55,0.,0.0250000000000004));
#5479=CARTESIAN_POINT('',(3.55,0.,0.475));
#5480=CARTESIAN_POINT('',(2.65,0.,0.25));
#5481=CARTESIAN_POINT('',(1.75,0.,0.0250000000000001));
#5482=CARTESIAN_POINT('',(1.74982540082654,-0.213293874064531,0.036440584193852));
#5483=CARTESIAN_POINT('',(1.67028022814786,-0.64505411385261,0.056927316398975));
#5484=CARTESIAN_POINT('',(1.32610828297424,-1.20219364385603,0.0896074002867173));
#5485=CARTESIAN_POINT('',(0.804263783377378,-1.59914734029438,0.121720354957714));
#5486=CARTESIAN_POINT('',(0.174652868776791,-1.78131089658372,0.153964410662438));
#5487=CARTESIAN_POINT('',(-0.478094684720957,-1.72472527251721,0.186167903162585));
#5488=CARTESIAN_POINT('',(-1.06675590653187,-1.43702163759032,0.218377142898292));
#5489=CARTESIAN_POINT('',(-1.51229701682189,-0.956943160935098,0.25058385167045));
#5490=CARTESIAN_POINT('',(-1.75531603401348,-0.348655352833591,0.282791228790665));
#5491=CARTESIAN_POINT('',(-1.76319339376115,0.306112211899035,0.315187904430546));
#5492=CARTESIAN_POINT('',(-1.53499017645925,0.920013388802008,0.347452040323186));
#5493=CARTESIAN_POINT('',(-1.10133920390026,1.41069907690641,0.37950014037987));
#5494=CARTESIAN_POINT('',(-0.520059773403935,1.71254882209335,0.411790339422999));
#5495=CARTESIAN_POINT('',(0.130845014275465,1.78509594752363,0.444153645058075));
#5496=CARTESIAN_POINT('',(0.764482113938307,1.61862717191438,0.476162710202467));
#5497=CARTESIAN_POINT('',(1.29583436379301,1.23528121942218,0.50839409861903));
#5498=CARTESIAN_POINT('',(1.6537167160534,0.685683219918396,0.540675878056221));
#5499=CARTESIAN_POINT('',(1.78964361030056,0.0439771194069232,0.572911225129523));
#5500=CARTESIAN_POINT('',(1.68531073776818,-0.603353715911054,0.605142761001581));
#5501=CARTESIAN_POINT('',(1.35496811308015,-1.16964005589983,0.637367693541674));
#5502=CARTESIAN_POINT('',(0.843086370372794,-1.57885218780545,0.669583853315528));
#5503=CARTESIAN_POINT('',(0.2182570427987,-1.77641382805612,0.701794317608117));
#5504=CARTESIAN_POINT('',(-0.435558708198779,-1.73587420101682,0.734001736379111));
#5505=CARTESIAN_POINT('',(-1.03103703062997,-1.46279317548495,0.766208995539753));
#5506=CARTESIAN_POINT('',(-1.4882335284397,-0.993906132575893,0.798416198958153));
#5507=CARTESIAN_POINT('',(-1.74613629355879,-0.391864020787904,0.830812880661043));
#5508=CARTESIAN_POINT('',(-1.77023484907342,0.262500941091796,0.86307710334759));
#5509=CARTESIAN_POINT('',(-1.55731917100907,0.881899560583423,0.895124925165689));
#5510=CARTESIAN_POINT('',(-1.13588262830683,1.38314730958628,0.927415516498118));
#5511=CARTESIAN_POINT('',(-0.562200796390321,1.69928512763227,0.959778522212458));
#5512=CARTESIAN_POINT('',(0.0868437468763371,1.78798735173053,0.991787847653055));
#5513=CARTESIAN_POINT('',(0.724474606221141,1.63712749917509,1.02401920698977));
#5514=CARTESIAN_POINT('',(1.26545170940958,1.26634629538199,1.05630059719281));
#5515=CARTESIAN_POINT('',(1.63656118501072,0.725509303072225,1.08853649549116));
#5516=CARTESIAN_POINT('',(1.78793630392571,0.0874794503196512,1.12076757152503));
#5517=CARTESIAN_POINT('',(1.69942908410899,-0.562032200483217,1.15299283150699));
#5518=CARTESIAN_POINT('',(1.38308504709621,-1.1360876247267,1.18520879152512));
#5519=CARTESIAN_POINT('',(0.881498491057376,-1.55762671998452,1.21741930795069));
#5520=CARTESIAN_POINT('',(0.261818022074407,-1.77043863240931,1.24962679170127));
#5521=CARTESIAN_POINT('',(-0.39269463065615,-1.74601633597577,1.28183393946971));
#5522=CARTESIAN_POINT('',(-0.994659268190655,-1.48773246958565,1.31404120684085));
#5523=CARTESIAN_POINT('',(-1.46322003568468,-1.03031197580311,1.346437909918));
#5524=CARTESIAN_POINT('',(-1.73594966643962,-0.434854258982491,1.37870203895132));
#5525=CARTESIAN_POINT('',(-1.77627930355704,0.21875046456909,1.41075014072283));
#5526=CARTESIAN_POINT('',(-1.5786926774619,0.843217092684116,1.44304033933726));
#5527=CARTESIAN_POINT('',(-1.16973205272135,1.35477484647494,1.47540364507951));
#5528=CARTESIAN_POINT('',(-0.603971762602509,1.68511273632664,1.50741271019711));
#5529=CARTESIAN_POINT('',(0.0428175390044416,1.78976899286051,1.53964409862037));
#5530=CARTESIAN_POINT('',(0.684503049533363,1.65420555863251,1.57192587805589));
#5531=CARTESIAN_POINT('',(1.23437261340086,1.29656565210053,1.60416122512961));
#5532=CARTESIAN_POINT('',(1.61833015505723,0.765059147107549,1.63639276100156));
#5533=CARTESIAN_POINT('',(1.78516755612469,0.131046725976346,1.66861769354168));
#5534=CARTESIAN_POINT('',(1.71256917810501,-0.520264998871885,1.70083385331553));
#5535=CARTESIAN_POINT('',(1.41044529901672,-1.10178322900735,1.73304431760812));
#5536=CARTESIAN_POINT('',(0.919461902653585,-1.53543493499797,1.76525173637911));
#5537=CARTESIAN_POINT('',(0.305297697845904,-1.76340424987171,1.79745899553975));
#5538=CARTESIAN_POINT('',(-0.349542253741605,-1.75513778615621,1.82966619895815));
#5539=CARTESIAN_POINT('',(-0.957615107649234,-1.5117945204535,1.86206288066105));
#5540=CARTESIAN_POINT('',(-1.43736126158642,-1.0661288705587,1.89432710334759));
#5541=CARTESIAN_POINT('',(-1.72478810590631,-0.477593786678338,1.92637492516569));
#5542=CARTESIAN_POINT('',(-1.78122315109614,0.174842532880635,1.95866551649812));
#5543=CARTESIAN_POINT('',(-1.5991120324343,0.804040041402146,1.99102852221246));
#5544=CARTESIAN_POINT('',(-1.20289017876452,1.32570578340434,2.02303784765306));
#5545=CARTESIAN_POINT('',(-0.645343049477278,1.6699048631901,2.05526920698977));
#5546=CARTESIAN_POINT('',(-0.000632567807463552,1.79025153778269,2.08755059719281));
#5547=CARTESIAN_POINT('',(0.644210963731484,1.67023605976406,2.11978649549116));
#5548=CARTESIAN_POINT('',(1.20240457229998,1.32611919737098,2.15201757152503));
#5549=CARTESIAN_POINT('',(1.59909460972599,0.804261049312226,2.18424283150699));
#5550=CARTESIAN_POINT('',(1.78132407922581,0.17465355229308,2.21645879152512));
#5551=CARTESIAN_POINT('',(1.72472197689079,-0.478094855626025,2.24866930795069));
#5552=CARTESIAN_POINT('',(1.43702246149692,-1.0667558638056,2.28087679170127));
#5553=CARTESIAN_POINT('',(0.956942954958452,-1.51229702750346,2.31308393946971));
#5554=CARTESIAN_POINT('',(0.348655404327755,-1.75531603134308,2.34529120684085));
#5555=CARTESIAN_POINT('',(-0.306112224772576,-1.76319339442875,2.377687909918));
#5556=CARTESIAN_POINT('',(-0.920013385583618,-1.53499017629235,2.40995203895132));
#5557=CARTESIAN_POINT('',(-1.41069907771101,-1.10133920394199,2.44200014072283));
#5558=CARTESIAN_POINT('',(-1.7125488218922,-0.520059773393495,2.47429033933726));
#5559=CARTESIAN_POINT('',(-1.78509594757392,0.130845014272849,2.50665364507951));
#5560=CARTESIAN_POINT('',(-1.61862717190182,0.764482113938947,2.53866271019711));
#5561=CARTESIAN_POINT('',(-1.23528121942532,1.29583436379285,2.57089409862037));
#5562=CARTESIAN_POINT('',(-0.685683219917611,1.65371671605344,2.60317587805589));
#5563=CARTESIAN_POINT('',(-0.0439771194071332,1.78964361030055,2.63541122512961));
#5564=CARTESIAN_POINT('',(0.603353715911108,1.68531073776818,2.66764276100156));
#5565=CARTESIAN_POINT('',(1.1696400558998,1.35496811308016,2.69986769354168));
#5566=CARTESIAN_POINT('',(1.57885218780545,0.84308637037279,2.73208385331553));
#5567=CARTESIAN_POINT('',(1.77641382805612,0.218257042798702,2.76429431760812));
#5568=CARTESIAN_POINT('',(1.73587420101682,-0.435558708198767,2.79650173637911));
#5569=CARTESIAN_POINT('',(1.46279317548496,-1.03103703062997,2.82870899553975));
#5570=CARTESIAN_POINT('',(0.993906132575892,-1.48823352843971,2.86091619895815));
#5571=CARTESIAN_POINT('',(0.391864020787891,-1.7461362935588,2.89331288066104));
#5572=CARTESIAN_POINT('',(-0.262500941091794,-1.77023484907342,2.92557710334759));
#5573=CARTESIAN_POINT('',(-0.881899560583417,-1.55731917100907,2.95762492516569));
#5574=CARTESIAN_POINT('',(-1.38314730958627,-1.13588262830684,2.98991551649812));
#5575=CARTESIAN_POINT('',(-1.69928512763227,-0.562200796390328,3.02227852221246));
#5576=CARTESIAN_POINT('',(-1.78798735173053,0.0868437468763192,3.05428784765306));
#5577=CARTESIAN_POINT('',(-1.63712749917509,0.724474606221155,3.08651920698977));
#5578=CARTESIAN_POINT('',(-1.26634629538198,1.26545170940958,3.11880059719281));
#5579=CARTESIAN_POINT('',(-0.725509303072227,1.63656118501071,3.15103649549116));
#5580=CARTESIAN_POINT('',(-0.0874794503196508,1.78793630392571,3.18326757152503));
#5581=CARTESIAN_POINT('',(0.562032200483199,1.699429084109,3.21549283150699));
#5582=CARTESIAN_POINT('',(1.13608762472671,1.3830850470962,3.24770879152512));
#5583=CARTESIAN_POINT('',(1.55762671998452,0.881498491057376,3.27991930795069));
#5584=CARTESIAN_POINT('',(1.77043863240931,0.261818022074404,3.31212679170127));
#5585=CARTESIAN_POINT('',(1.74601633597577,-0.39269463065614,3.34433393946971));
#5586=CARTESIAN_POINT('',(1.48773246958565,-0.994659268190653,3.37654120684085));
#5587=CARTESIAN_POINT('',(1.03031197580311,-1.46322003568468,3.408937909918));
#5588=CARTESIAN_POINT('',(0.434854258982474,-1.73594966643963,3.44120203895132));
#5589=CARTESIAN_POINT('',(-0.218750464569087,-1.77627930355704,3.47325014072284));
#5590=CARTESIAN_POINT('',(-0.843217092684121,-1.57869267746189,3.50554033933726));
#5591=CARTESIAN_POINT('',(-1.35477484647493,-1.16973205272136,3.53790364507951));
#5592=CARTESIAN_POINT('',(-1.68511273632663,-0.603971762602532,3.56991271019711));
#5593=CARTESIAN_POINT('',(-1.78976899286051,0.0428175390044645,3.60214409862037));
#5594=CARTESIAN_POINT('',(-1.65420555863251,0.684503049533362,3.63442587805589));
#5595=CARTESIAN_POINT('',(-1.29656565210052,1.23437261340087,3.66666122512961));
#5596=CARTESIAN_POINT('',(-0.765059147107552,1.61833015505722,3.69889276100156));
#5597=CARTESIAN_POINT('',(-0.13104672597635,1.78516755612469,3.73111769354168));
#5598=CARTESIAN_POINT('',(0.520264998871874,1.71256917810501,3.76333385331553));
#5599=CARTESIAN_POINT('',(1.10178322900736,1.41044529901671,3.79554431760812));
#5600=CARTESIAN_POINT('',(1.53543493499798,0.919461902653576,3.82775173637911));
#5601=CARTESIAN_POINT('',(1.76340424987171,0.305297697845918,3.85995899553976));
#5602=CARTESIAN_POINT('',(1.75513778615621,-0.349542253741585,3.89216619895815));
#5603=CARTESIAN_POINT('',(1.51179452045352,-0.957615107649214,3.92456288066105));
#5604=CARTESIAN_POINT('',(1.06612887055871,-1.43736126158642,3.95682710334759));
#5605=CARTESIAN_POINT('',(0.477593786678349,-1.7247881059063,3.98887492516569));
#5606=CARTESIAN_POINT('',(-0.17484253288061,-1.78122315109614,4.02116551649812));
#5607=CARTESIAN_POINT('',(-0.804040041402151,-1.59911203243431,4.05352852221246));
#5608=CARTESIAN_POINT('',(-1.32567628865717,-1.20288638263531,4.08565297371473));
#5609=CARTESIAN_POINT('',(-1.61271745298613,-0.737411297427517,4.11230604263946));
#5610=CARTESIAN_POINT('',(-1.73000703723628,-0.322139422865725,4.1335759767161));
#5611=CARTESIAN_POINT('',(-1.74991270041327,-0.106639255045972,4.14497810459693));
#5612=CARTESIAN_POINT('',(-1.75,-1.30584911342169E-14,4.15));
#5613=CARTESIAN_POINT('',(-1.75,-1.30584911342169E-14,4.15));
#5614=CARTESIAN_POINT('',(-1.75,-1.30584911342169E-14,4.15));
#5615=CARTESIAN_POINT('',(-1.75,-1.30584911342169E-14,4.6));
#5616=CARTESIAN_POINT('',(1.75,0.,0.475));
#5617=CARTESIAN_POINT('',(1.75017459917346,-0.213294778665948,0.486440584193852));
#5618=CARTESIAN_POINT('',(1.6701124861589,-0.645083298130236,0.506927316398975));
#5619=CARTESIAN_POINT('',(1.32612666340708,-1.20241783103564,0.539536776884749));
#5620=CARTESIAN_POINT('',(0.804137967412981,-1.59939107894911,0.571686225474297));
#5621=CARTESIAN_POINT('',(0.174880436151658,-1.78146589146635,0.603917801046159));
#5622=CARTESIAN_POINT('',(-0.478006884949434,-1.72484549555633,0.636116112181896));
#5623=CARTESIAN_POINT('',(-1.06659710265398,-1.4373827514833,0.668373772259042));
#5624=CARTESIAN_POINT('',(-1.51210886912162,-0.957188773513468,0.700557211870849));
#5625=CARTESIAN_POINT('',(-1.75538444553099,-0.349016805266129,0.732782403477987));
#5626=CARTESIAN_POINT('',(-1.76320610680142,0.305792931298664,0.765195381546382));
#5627=CARTESIAN_POINT('',(-1.53521033030194,0.91996642071574,0.797290764858636));
#5628=CARTESIAN_POINT('',(-1.10147789985378,1.41046719908596,0.829340776262956));
#5629=CARTESIAN_POINT('',(-0.519914000803475,1.71252394299888,0.86172021694479));
#5630=CARTESIAN_POINT('',(0.130856483820342,1.78508736173078,0.894149594102125));
#5631=CARTESIAN_POINT('',(0.764875603578138,1.61810409580124,0.926156205146484));
#5632=CARTESIAN_POINT('',(1.29609744895572,1.23506312542118,0.958276391146249));
#5633=CARTESIAN_POINT('',(1.65380047654407,0.685068546084464,0.99065221132798));
#5634=CARTESIAN_POINT('',(1.78992734735555,0.0432554533292546,1.02289501289697));
#5635=CARTESIAN_POINT('',(1.6853058804398,-0.603400402365814,1.05507607687812));
#5636=CARTESIAN_POINT('',(1.35497581299544,-1.16994444167705,1.08731398073292));
#5637=CARTESIAN_POINT('',(0.843346475278699,-1.57890380080712,1.11954207374367));
#5638=CARTESIAN_POINT('',(0.218387567623058,-1.77648857236307,1.15174144419651));
#5639=CARTESIAN_POINT('',(-0.435277213617229,-1.7361501217125,1.18399866004916));
#5640=CARTESIAN_POINT('',(-1.0307663980083,-1.46294427894844,1.21618232077665));
#5641=CARTESIAN_POINT('',(-1.48816232919482,-0.994268681863092,1.24840739396949));
#5642=CARTESIAN_POINT('',(-1.74602210170286,-0.39216106650493,1.28082031076453));
#5643=CARTESIAN_POINT('',(-1.77042489435911,0.262372228809896,1.31291583622856));
#5644=CARTESIAN_POINT('',(-1.55735399348464,0.881633651291262,1.34496556309768));
#5645=CARTESIAN_POINT('',(-1.13574354653541,1.38318071413223,1.37734527696948));
#5646=CARTESIAN_POINT('',(-0.562181880790419,1.69928148143384,1.40977461043178));
#5647=CARTESIAN_POINT('',(0.0874021075281078,1.78765730845638,1.44178116812396));
#5648=CARTESIAN_POINT('',(0.724806556846146,1.63702488837017,1.47390158546878));
#5649=CARTESIAN_POINT('',(1.26576026937448,1.26581499870382,1.50627706929871));
#5650=CARTESIAN_POINT('',(1.63710537795145,0.724946022308236,1.53852029965826));
#5651=CARTESIAN_POINT('',(1.78794728529046,0.0874397993360373,1.57070101379571));
#5652=CARTESIAN_POINT('',(1.69955536870708,-0.56231599910421,1.60293890544702));
#5653=CARTESIAN_POINT('',(1.38334483429669,-1.13603068721437,1.63516713105298));
#5654=CARTESIAN_POINT('',(0.881648261639627,-1.5576510144441,1.66736627635511));
#5655=CARTESIAN_POINT('',(0.262184990395299,-1.77058134525609,1.69962373121574));
#5656=CARTESIAN_POINT('',(-0.392387748556567,-1.74605705526495,1.73180722213167));
#5657=CARTESIAN_POINT('',(-0.994452098788766,-1.48803640792867,1.76403240091278));
#5658=CARTESIAN_POINT('',(-1.46300324922997,-1.03054673610048,1.79644538218769));
#5659=CARTESIAN_POINT('',(-1.73607212987592,-0.435043141374154,1.82854076469831));
#5660=CARTESIAN_POINT('',(-1.77621341337366,0.218488429006666,1.86059077630304));
#5661=CARTESIAN_POINT('',(-1.57857200865453,0.843302577385491,1.89297021693477));
#5662=CARTESIAN_POINT('',(-1.16971787141521,1.35477688557468,1.92539959410463));
#5663=CARTESIAN_POINT('',(-0.603323652753385,1.68502110485783,1.95740620514586));
#5664=CARTESIAN_POINT('',(0.0431577840566132,1.78980080641474,1.9895263911464));
#5665=CARTESIAN_POINT('',(0.684996917179875,1.65383014620758,2.02190221132794));
#5666=CARTESIAN_POINT('',(1.23508354077394,1.29625598951883,2.05414501289698));
#5667=CARTESIAN_POINT('',(1.61835973271611,0.765022700148975,2.08632607687812));
#5668=CARTESIAN_POINT('',(1.78538823403419,0.130836937391482,2.11856398073292));
#5669=CARTESIAN_POINT('',(1.71278959595128,-0.52011757283258,2.15079207374367));
#5670=CARTESIAN_POINT('',(1.41059044621143,-1.10174378622524,2.18299144419651));
#5671=CARTESIAN_POINT('',(0.919856054776036,-1.53543099366548,2.21524866004916));
#5672=CARTESIAN_POINT('',(0.305595910291596,-1.76331972999341,2.24743232077665));
#5673=CARTESIAN_POINT('',(-0.349235547213227,-1.75534380174683,2.27965739396949));
#5674=CARTESIAN_POINT('',(-0.957324318772698,-1.51192381765866,2.31207031076453));
#5675=CARTESIAN_POINT('',(-1.43740463056931,-1.06635426619631,2.34416583622856));
#5676=CARTESIAN_POINT('',(-1.72462470285125,-0.47780643615062,2.37621556309768));
#5677=CARTESIAN_POINT('',(-1.7811484260134,0.174964499125304,2.40859527696948));
#5678=CARTESIAN_POINT('',(-1.5990960788337,0.804050838499471,2.44102461043178));
#5679=CARTESIAN_POINT('',(-1.20226198232407,1.32586722817033,2.47303116812396));
#5680=CARTESIAN_POINT('',(-0.645035768143323,1.67006703093208,2.50515158546877));
#5681=CARTESIAN_POINT('',(-3.86994799078869E-5,1.79009403914232,2.53752706929871));
#5682=CARTESIAN_POINT('',(0.644994065898077,1.6702225626348,2.56977029965827));
#5683=CARTESIAN_POINT('',(1.20244037477686,1.32609892488907,2.60195101379571));
#5684=CARTESIAN_POINT('',(1.59938458235105,0.804149670078496,2.63418890544702));
#5685=CARTESIAN_POINT('',(1.78146751561587,0.174877510485283,2.66641713105298));
#5686=CARTESIAN_POINT('',(1.72484505946224,-0.478006130608809,2.69861627635512));
#5687=CARTESIAN_POINT('',(1.43738286050683,-1.06659729123914,2.73087373121574));
#5688=CARTESIAN_POINT('',(0.957188746257595,-1.51210882197533,2.76305722213167));
#5689=CARTESIAN_POINT('',(0.349016812080096,-1.75538445731756,2.79528240091278));
#5690=CARTESIAN_POINT('',(-0.305792933002159,-1.76320610385478,2.82769538218769));
#5691=CARTESIAN_POINT('',(-0.919966420289868,-1.5352103310386,2.85979076469831));
#5692=CARTESIAN_POINT('',(-1.41046719919243,-1.10147789966961,2.89184077630304));
#5693=CARTESIAN_POINT('',(-1.71252394297227,-0.519914000849507,2.92422021693477));
#5694=CARTESIAN_POINT('',(-1.78508736173744,0.130856483831853,2.95664959410463));
#5695=CARTESIAN_POINT('',(-1.61810409579959,0.764875603575251,2.98865620514586));
#5696=CARTESIAN_POINT('',(-1.23506312542159,1.29609744895644,3.0207763911464));
#5697=CARTESIAN_POINT('',(-0.685068546084357,1.65380047654388,3.05315221132794));
#5698=CARTESIAN_POINT('',(-0.043255453329296,1.78992734735559,3.08539501289698));
#5699=CARTESIAN_POINT('',(0.603400402365827,1.68530588043979,3.11757607687812));
#5700=CARTESIAN_POINT('',(1.16994444167704,1.35497581299546,3.14981398073292));
#5701=CARTESIAN_POINT('',(1.57890380080712,0.843346475278697,3.18204207374367));
#5702=CARTESIAN_POINT('',(1.77648857236307,0.218387567623057,3.2142414441965));
#5703=CARTESIAN_POINT('',(1.7361501217125,-0.435277213617222,3.24649866004916));
#5704=CARTESIAN_POINT('',(1.46294427894844,-1.0307663980083,3.27868232077665));
#5705=CARTESIAN_POINT('',(0.994268681863093,-1.48816232919482,3.31090739396949));
#5706=CARTESIAN_POINT('',(0.392161066504926,-1.74602210170286,3.34332031076453));
#5707=CARTESIAN_POINT('',(-0.262372228809889,-1.77042489435911,3.37541583622856));
#5708=CARTESIAN_POINT('',(-0.881633651291267,-1.55735399348463,3.40746556309769));
#5709=CARTESIAN_POINT('',(-1.38318071413222,-1.13574354653541,3.43984527696948));
#5710=CARTESIAN_POINT('',(-1.69928148143384,-0.562181880790419,3.47227461043178));
#5711=CARTESIAN_POINT('',(-1.78765730845638,0.0874021075280978,3.50428116812396));
#5712=CARTESIAN_POINT('',(-1.63702488837017,0.724806556846155,3.53640158546877));
#5713=CARTESIAN_POINT('',(-1.26581499870382,1.26576026937448,3.56877706929871));
#5714=CARTESIAN_POINT('',(-0.724946022308237,1.63710537795145,3.60102029965827));
#5715=CARTESIAN_POINT('',(-0.08743979933604,1.78794728529046,3.63320101379571));
#5716=CARTESIAN_POINT('',(0.562315999104192,1.69955536870708,3.66543890544702));
#5717=CARTESIAN_POINT('',(1.13603068721438,1.38334483429669,3.69766713105298));
#5718=CARTESIAN_POINT('',(1.5576510144441,0.881648261639628,3.72986627635511));
#5719=CARTESIAN_POINT('',(1.77058134525609,0.262184990395299,3.76212373121574));
#5720=CARTESIAN_POINT('',(1.74605705526495,-0.392387748556558,3.79430722213167));
#5721=CARTESIAN_POINT('',(1.48803640792867,-0.994452098788757,3.82653240091278));
#5722=CARTESIAN_POINT('',(1.03054673610048,-1.46300324922997,3.85894538218769));
#5723=CARTESIAN_POINT('',(0.435043141374146,-1.73607212987592,3.89104076469831));
#5724=CARTESIAN_POINT('',(-0.218488429006667,-1.77621341337366,3.92309077630304));
#5725=CARTESIAN_POINT('',(-0.843302577385487,-1.57857200865454,3.95547021693477));
#5726=CARTESIAN_POINT('',(-1.35477688557468,-1.16971787141521,3.98789959410463));
#5727=CARTESIAN_POINT('',(-1.68502110485782,-0.603323652753406,4.01990620514586));
#5728=CARTESIAN_POINT('',(-1.78980080641474,0.0431577840566362,4.0520263911464));
#5729=CARTESIAN_POINT('',(-1.65383014620759,0.684996917179862,4.08440221132794));
#5730=CARTESIAN_POINT('',(-1.29625598951882,1.23508354077395,4.11664501289698));
#5731=CARTESIAN_POINT('',(-0.765022700148993,1.6183597327161,4.14882607687811));
#5732=CARTESIAN_POINT('',(-0.130836937391489,1.78538823403419,4.18106398073292));
#5733=CARTESIAN_POINT('',(0.520117572832568,1.71278959595128,4.21329207374367));
#5734=CARTESIAN_POINT('',(1.10174378622524,1.41059044621143,4.24549144419651));
#5735=CARTESIAN_POINT('',(1.53543099366548,0.919856054776039,4.27774866004916));
#5736=CARTESIAN_POINT('',(1.76331972999341,0.305595910291605,4.30993232077666));
#5737=CARTESIAN_POINT('',(1.75534380174683,-0.349235547213217,4.34215739396949));
#5738=CARTESIAN_POINT('',(1.51192381765867,-0.957324318772693,4.37457031076453));
#5739=CARTESIAN_POINT('',(1.0663542661963,-1.43740463056931,4.40666583622857));
#5740=CARTESIAN_POINT('',(0.477806436150617,-1.72462470285125,4.43871556309768));
#5741=CARTESIAN_POINT('',(-0.174964499125299,-1.7811484260134,4.47109527696948));
#5742=CARTESIAN_POINT('',(-0.804050838499476,-1.5990960788337,4.50352461043178));
#5743=CARTESIAN_POINT('',(-1.3259127720062,-1.20249547339146,4.53552973153748));
#5744=CARTESIAN_POINT('',(-1.61271310876719,-0.737248834892246,4.56240908636674));
#5745=CARTESIAN_POINT('',(-1.72991585348401,-0.321939280641551,4.58355487702094));
#5746=CARTESIAN_POINT('',(-1.75008729958673,-0.106639522327575,4.59497810459693));
#5747=CARTESIAN_POINT('',(-1.75,-1.30584911342169E-14,4.6));
#5748=CARTESIAN_POINT('',(1.75,0.,0.0250000000000001));
#5749=CARTESIAN_POINT('',(1.74982540082654,-0.213293874064531,0.036440584193852));
#5750=CARTESIAN_POINT('',(1.67028022814786,-0.64505411385261,0.056927316398975));
#5751=CARTESIAN_POINT('',(1.32610828297424,-1.20219364385603,0.0896074002867173));
#5752=CARTESIAN_POINT('',(0.804263783377378,-1.59914734029438,0.121720354957714));
#5753=CARTESIAN_POINT('',(0.174652868776791,-1.78131089658372,0.153964410662438));
#5754=CARTESIAN_POINT('',(-0.478094684720957,-1.72472527251721,0.186167903162585));
#5755=CARTESIAN_POINT('',(-1.06675590653187,-1.43702163759032,0.218377142898292));
#5756=CARTESIAN_POINT('',(-1.51229701682189,-0.956943160935098,0.25058385167045));
#5757=CARTESIAN_POINT('',(-1.75531603401348,-0.348655352833591,0.282791228790665));
#5758=CARTESIAN_POINT('',(-1.76319339376115,0.306112211899035,0.315187904430546));
#5759=CARTESIAN_POINT('',(-1.53499017645925,0.920013388802008,0.347452040323186));
#5760=CARTESIAN_POINT('',(-1.10133920390026,1.41069907690641,0.37950014037987));
#5761=CARTESIAN_POINT('',(-0.520059773403935,1.71254882209335,0.411790339422999));
#5762=CARTESIAN_POINT('',(0.130845014275465,1.78509594752363,0.444153645058075));
#5763=CARTESIAN_POINT('',(0.764482113938307,1.61862717191438,0.476162710202467));
#5764=CARTESIAN_POINT('',(1.29583436379301,1.23528121942218,0.50839409861903));
#5765=CARTESIAN_POINT('',(1.6537167160534,0.685683219918396,0.540675878056221));
#5766=CARTESIAN_POINT('',(1.78964361030056,0.0439771194069232,0.572911225129523));
#5767=CARTESIAN_POINT('',(1.68531073776818,-0.603353715911054,0.605142761001581));
#5768=CARTESIAN_POINT('',(1.35496811308015,-1.16964005589983,0.637367693541674));
#5769=CARTESIAN_POINT('',(0.843086370372794,-1.57885218780545,0.669583853315528));
#5770=CARTESIAN_POINT('',(0.2182570427987,-1.77641382805612,0.701794317608117));
#5771=CARTESIAN_POINT('',(-0.435558708198779,-1.73587420101682,0.734001736379111));
#5772=CARTESIAN_POINT('',(-1.03103703062997,-1.46279317548495,0.766208995539753));
#5773=CARTESIAN_POINT('',(-1.4882335284397,-0.993906132575893,0.798416198958153));
#5774=CARTESIAN_POINT('',(-1.74613629355879,-0.391864020787904,0.830812880661043));
#5775=CARTESIAN_POINT('',(-1.77023484907342,0.262500941091796,0.86307710334759));
#5776=CARTESIAN_POINT('',(-1.55731917100907,0.881899560583423,0.895124925165689));
#5777=CARTESIAN_POINT('',(-1.13588262830683,1.38314730958628,0.927415516498118));
#5778=CARTESIAN_POINT('',(-0.562200796390321,1.69928512763227,0.959778522212458));
#5779=CARTESIAN_POINT('',(0.0868437468763371,1.78798735173053,0.991787847653055));
#5780=CARTESIAN_POINT('',(0.724474606221141,1.63712749917509,1.02401920698977));
#5781=CARTESIAN_POINT('',(1.26545170940958,1.26634629538199,1.05630059719281));
#5782=CARTESIAN_POINT('',(1.63656118501072,0.725509303072225,1.08853649549116));
#5783=CARTESIAN_POINT('',(1.78793630392571,0.0874794503196512,1.12076757152503));
#5784=CARTESIAN_POINT('',(1.69942908410899,-0.562032200483217,1.15299283150699));
#5785=CARTESIAN_POINT('',(1.38308504709621,-1.1360876247267,1.18520879152512));
#5786=CARTESIAN_POINT('',(0.881498491057376,-1.55762671998452,1.21741930795069));
#5787=CARTESIAN_POINT('',(0.261818022074407,-1.77043863240931,1.24962679170127));
#5788=CARTESIAN_POINT('',(-0.39269463065615,-1.74601633597577,1.28183393946971));
#5789=CARTESIAN_POINT('',(-0.994659268190655,-1.48773246958565,1.31404120684085));
#5790=CARTESIAN_POINT('',(-1.46322003568468,-1.03031197580311,1.346437909918));
#5791=CARTESIAN_POINT('',(-1.73594966643962,-0.434854258982491,1.37870203895132));
#5792=CARTESIAN_POINT('',(-1.77627930355704,0.21875046456909,1.41075014072283));
#5793=CARTESIAN_POINT('',(-1.5786926774619,0.843217092684116,1.44304033933726));
#5794=CARTESIAN_POINT('',(-1.16973205272135,1.35477484647494,1.47540364507951));
#5795=CARTESIAN_POINT('',(-0.603971762602509,1.68511273632664,1.50741271019711));
#5796=CARTESIAN_POINT('',(0.0428175390044416,1.78976899286051,1.53964409862037));
#5797=CARTESIAN_POINT('',(0.684503049533363,1.65420555863251,1.57192587805589));
#5798=CARTESIAN_POINT('',(1.23437261340086,1.29656565210053,1.60416122512961));
#5799=CARTESIAN_POINT('',(1.61833015505723,0.765059147107549,1.63639276100156));
#5800=CARTESIAN_POINT('',(1.78516755612469,0.131046725976346,1.66861769354168));
#5801=CARTESIAN_POINT('',(1.71256917810501,-0.520264998871885,1.70083385331553));
#5802=CARTESIAN_POINT('',(1.41044529901672,-1.10178322900735,1.73304431760812));
#5803=CARTESIAN_POINT('',(0.919461902653585,-1.53543493499797,1.76525173637911));
#5804=CARTESIAN_POINT('',(0.305297697845904,-1.76340424987171,1.79745899553975));
#5805=CARTESIAN_POINT('',(-0.349542253741605,-1.75513778615621,1.82966619895815));
#5806=CARTESIAN_POINT('',(-0.957615107649234,-1.5117945204535,1.86206288066105));
#5807=CARTESIAN_POINT('',(-1.43736126158642,-1.0661288705587,1.89432710334759));
#5808=CARTESIAN_POINT('',(-1.72478810590631,-0.477593786678338,1.92637492516569));
#5809=CARTESIAN_POINT('',(-1.78122315109614,0.174842532880635,1.95866551649812));
#5810=CARTESIAN_POINT('',(-1.5991120324343,0.804040041402146,1.99102852221246));
#5811=CARTESIAN_POINT('',(-1.20289017876452,1.32570578340434,2.02303784765306));
#5812=CARTESIAN_POINT('',(-0.645343049477278,1.6699048631901,2.05526920698977));
#5813=CARTESIAN_POINT('',(-0.000632567807463552,1.79025153778269,2.08755059719281));
#5814=CARTESIAN_POINT('',(0.644210963731484,1.67023605976406,2.11978649549116));
#5815=CARTESIAN_POINT('',(1.20240457229998,1.32611919737098,2.15201757152503));
#5816=CARTESIAN_POINT('',(1.59909460972599,0.804261049312226,2.18424283150699));
#5817=CARTESIAN_POINT('',(1.78132407922581,0.17465355229308,2.21645879152512));
#5818=CARTESIAN_POINT('',(1.72472197689079,-0.478094855626025,2.24866930795069));
#5819=CARTESIAN_POINT('',(1.43702246149692,-1.0667558638056,2.28087679170127));
#5820=CARTESIAN_POINT('',(0.956942954958452,-1.51229702750346,2.31308393946971));
#5821=CARTESIAN_POINT('',(0.348655404327755,-1.75531603134308,2.34529120684085));
#5822=CARTESIAN_POINT('',(-0.306112224772576,-1.76319339442875,2.377687909918));
#5823=CARTESIAN_POINT('',(-0.920013385583618,-1.53499017629235,2.40995203895132));
#5824=CARTESIAN_POINT('',(-1.41069907771101,-1.10133920394199,2.44200014072283));
#5825=CARTESIAN_POINT('',(-1.7125488218922,-0.520059773393495,2.47429033933726));
#5826=CARTESIAN_POINT('',(-1.78509594757392,0.130845014272849,2.50665364507951));
#5827=CARTESIAN_POINT('',(-1.61862717190182,0.764482113938947,2.53866271019711));
#5828=CARTESIAN_POINT('',(-1.23528121942532,1.29583436379285,2.57089409862037));
#5829=CARTESIAN_POINT('',(-0.685683219917611,1.65371671605344,2.60317587805589));
#5830=CARTESIAN_POINT('',(-0.0439771194071332,1.78964361030055,2.63541122512961));
#5831=CARTESIAN_POINT('',(0.603353715911108,1.68531073776818,2.66764276100156));
#5832=CARTESIAN_POINT('',(1.1696400558998,1.35496811308016,2.69986769354168));
#5833=CARTESIAN_POINT('',(1.57885218780545,0.84308637037279,2.73208385331553));
#5834=CARTESIAN_POINT('',(1.77641382805612,0.218257042798702,2.76429431760812));
#5835=CARTESIAN_POINT('',(1.73587420101682,-0.435558708198767,2.79650173637911));
#5836=CARTESIAN_POINT('',(1.46279317548496,-1.03103703062997,2.82870899553975));
#5837=CARTESIAN_POINT('',(0.993906132575892,-1.48823352843971,2.86091619895815));
#5838=CARTESIAN_POINT('',(0.391864020787891,-1.7461362935588,2.89331288066104));
#5839=CARTESIAN_POINT('',(-0.262500941091794,-1.77023484907342,2.92557710334759));
#5840=CARTESIAN_POINT('',(-0.881899560583417,-1.55731917100907,2.95762492516569));
#5841=CARTESIAN_POINT('',(-1.38314730958627,-1.13588262830684,2.98991551649812));
#5842=CARTESIAN_POINT('',(-1.69928512763227,-0.562200796390328,3.02227852221246));
#5843=CARTESIAN_POINT('',(-1.78798735173053,0.0868437468763192,3.05428784765306));
#5844=CARTESIAN_POINT('',(-1.63712749917509,0.724474606221155,3.08651920698977));
#5845=CARTESIAN_POINT('',(-1.26634629538198,1.26545170940958,3.11880059719281));
#5846=CARTESIAN_POINT('',(-0.725509303072227,1.63656118501071,3.15103649549116));
#5847=CARTESIAN_POINT('',(-0.0874794503196508,1.78793630392571,3.18326757152503));
#5848=CARTESIAN_POINT('',(0.562032200483199,1.699429084109,3.21549283150699));
#5849=CARTESIAN_POINT('',(1.13608762472671,1.3830850470962,3.24770879152512));
#5850=CARTESIAN_POINT('',(1.55762671998452,0.881498491057376,3.27991930795069));
#5851=CARTESIAN_POINT('',(1.77043863240931,0.261818022074404,3.31212679170127));
#5852=CARTESIAN_POINT('',(1.74601633597577,-0.39269463065614,3.34433393946971));
#5853=CARTESIAN_POINT('',(1.48773246958565,-0.994659268190653,3.37654120684085));
#5854=CARTESIAN_POINT('',(1.03031197580311,-1.46322003568468,3.408937909918));
#5855=CARTESIAN_POINT('',(0.434854258982474,-1.73594966643963,3.44120203895132));
#5856=CARTESIAN_POINT('',(-0.218750464569087,-1.77627930355704,3.47325014072284));
#5857=CARTESIAN_POINT('',(-0.843217092684121,-1.57869267746189,3.50554033933726));
#5858=CARTESIAN_POINT('',(-1.35477484647493,-1.16973205272136,3.53790364507951));
#5859=CARTESIAN_POINT('',(-1.68511273632663,-0.603971762602532,3.56991271019711));
#5860=CARTESIAN_POINT('',(-1.78976899286051,0.0428175390044645,3.60214409862037));
#5861=CARTESIAN_POINT('',(-1.65420555863251,0.684503049533362,3.63442587805589));
#5862=CARTESIAN_POINT('',(-1.29656565210052,1.23437261340087,3.66666122512961));
#5863=CARTESIAN_POINT('',(-0.765059147107552,1.61833015505722,3.69889276100156));
#5864=CARTESIAN_POINT('',(-0.13104672597635,1.78516755612469,3.73111769354168));
#5865=CARTESIAN_POINT('',(0.520264998871874,1.71256917810501,3.76333385331553));
#5866=CARTESIAN_POINT('',(1.10178322900736,1.41044529901671,3.79554431760812));
#5867=CARTESIAN_POINT('',(1.53543493499798,0.919461902653576,3.82775173637911));
#5868=CARTESIAN_POINT('',(1.76340424987171,0.305297697845918,3.85995899553976));
#5869=CARTESIAN_POINT('',(1.75513778615621,-0.349542253741585,3.89216619895815));
#5870=CARTESIAN_POINT('',(1.51179452045352,-0.957615107649214,3.92456288066105));
#5871=CARTESIAN_POINT('',(1.06612887055871,-1.43736126158642,3.95682710334759));
#5872=CARTESIAN_POINT('',(0.477593786678349,-1.7247881059063,3.98887492516569));
#5873=CARTESIAN_POINT('',(-0.17484253288061,-1.78122315109614,4.02116551649812));
#5874=CARTESIAN_POINT('',(-0.804040041402151,-1.59911203243431,4.05352852221246));
#5875=CARTESIAN_POINT('',(-1.32567628865717,-1.20288638263531,4.08565297371473));
#5876=CARTESIAN_POINT('',(-1.61271745298613,-0.737411297427517,4.11230604263946));
#5877=CARTESIAN_POINT('',(-1.73000703723628,-0.322139422865725,4.1335759767161));
#5878=CARTESIAN_POINT('',(-1.74991270041327,-0.106639255045972,4.14497810459693));
#5879=CARTESIAN_POINT('',(-1.75,-1.30584911342169E-14,4.15));
#5880=CARTESIAN_POINT('',(-3.55,-1.53632182961871E-14,4.15));
#5881=CARTESIAN_POINT('',(-1.75,-1.30584911342169E-14,4.15));
#5882=CARTESIAN_POINT('',(-3.55,-1.53632182961871E-14,4.15));
#5883=CARTESIAN_POINT('',(-3.55,-1.53632182961871E-14,4.6));
#5884=CARTESIAN_POINT('',(-3.55,-1.53632182961871E-14,4.15));
#5885=CARTESIAN_POINT('',(-2.65,-1.4210854715202E-14,4.375));
#5886=CARTESIAN_POINT('',(3.55,0.,0.0250000000000004));
#5887=CARTESIAN_POINT('',(3.54982540082654,-0.437113075397564,0.0350437908061484));
#5888=CARTESIAN_POINT('',(3.38777749421859,-1.30606914604348,0.0575258086010255));
#5889=CARTESIAN_POINT('',(2.69069625851766,-2.43812287925254,0.0894495023002577));
#5890=CARTESIAN_POINT('',(1.63325616464721,-3.24270074265636,0.121711824450253));
#5891=CARTESIAN_POINT('',(0.356044512382938,-3.61334583998466,0.153947516143332));
#5892=CARTESIAN_POINT('',(-0.968074712943001,-3.49953570233193,0.186208201437735));
#5893=CARTESIAN_POINT('',(-2.16288374367239,-2.91616858644016,0.218348797289501));
#5894=CARTESIAN_POINT('',(-3.06785936711193,-1.94252017816866,0.250644850876999));
#5895=CARTESIAN_POINT('',(-3.56102038563592,-0.708019574784267,0.282852597209624));
#5896=CARTESIAN_POINT('',(-3.57764566799618,0.621336564637214,0.314874270518729));
#5897=CARTESIAN_POINT('',(-3.11399986136661,1.86687860679286,0.347423239633923));
#5898=CARTESIAN_POINT('',(-2.23336572194569,2.86308402922827,0.379824187324401));
#5899=CARTESIAN_POINT('',(-1.05386760119142,3.47476464107012,0.411796743541116));
#5900=CARTESIAN_POINT('',(0.267842411390266,3.62114439584851,0.443745620865438));
#5901=CARTESIAN_POINT('',(1.55232730524665,3.28293430987297,0.476194916393389));
#5902=CARTESIAN_POINT('',(2.62977334124221,2.50326104051019,0.508653867840214));
#5903=CARTESIAN_POINT('',(3.35463341735162,1.39019453362399,0.54062460739607));
#5904=CARTESIAN_POINT('',(3.62939174689718,0.0904977826467552,0.572826483515092));
#5905=CARTESIAN_POINT('',(3.41896175751133,-1.22302712160351,0.605155738386929));
#5906=CARTESIAN_POINT('',(2.74987175890822,-2.37080564688934,0.637356260668028));
#5907=CARTESIAN_POINT('',(1.71167289770046,-3.20204896195003,0.669567770125276));
#5908=CARTESIAN_POINT('',(0.444876426842952,-3.60362999324161,0.701834096014618));
#5909=CARTESIAN_POINT('',(-0.882318431094015,-3.5218615933807,0.733973575993319));
#5910=CARTESIAN_POINT('',(-2.09092323824466,-2.96871431850989,0.76626978159121));
#5911=CARTESIAN_POINT('',(-3.01903312995535,-2.01682011144322,0.798477583687311));
#5912=CARTESIAN_POINT('',(-3.54307446247077,-0.795121116495283,0.830499394574143));
#5913=CARTESIAN_POINT('',(-3.59138332570172,0.53314851235484,0.863048158806996));
#5914=CARTESIAN_POINT('',(-3.15902858789468,1.79042068939282,0.895449398167885));
#5915=CARTESIAN_POINT('',(-2.30335836394648,2.80700832218695,0.927421816154241));
#5916=CARTESIAN_POINT('',(-1.13832597443787,3.44796376520455,0.959370446824957));
#5917=CARTESIAN_POINT('',(0.177868940365665,3.62711106288393,0.991820151125725));
#5918=CARTESIAN_POINT('',(1.47160823787717,3.31905765414893,1.02427857611866));
#5919=CARTESIAN_POINT('',(2.56729923057151,2.56815282197704,1.05624959210095));
#5920=CARTESIAN_POINT('',(3.31845641348549,1.4724986775189,1.08845117817001));
#5921=CARTESIAN_POINT('',(3.62677135627003,0.178469688889392,1.12078065824174));
#5922=CARTESIAN_POINT('',(3.44777915496968,-1.13802600498305,1.15298157760642));
#5923=CARTESIAN_POINT('',(2.8067935950751,-2.30326564963291,1.18519257785429));
#5924=CARTESIAN_POINT('',(1.7900105527366,-3.15907625217475,1.21745944310727));
#5925=CARTESIAN_POINT('',(0.53265349027852,-3.59143268666537,1.24959848687212));
#5926=CARTESIAN_POINT('',(-0.795735139084854,-3.54287326727591,1.28189492848135));
#5927=CARTESIAN_POINT('',(-2.0173761782219,-3.01866712654707,1.31410257780854));
#5928=CARTESIAN_POINT('',(-2.96912882124241,-2.09042620892426,1.346124275369));
#5929=CARTESIAN_POINT('',(-3.52201293848525,-0.881847897407095,1.37867323842136));
#5930=CARTESIAN_POINT('',(-3.6037341796857,0.445278085650844,1.41107418762754));
#5931=CARTESIAN_POINT('',(-3.20222656783966,1.71183271336916,1.44304674346533));
#5932=CARTESIAN_POINT('',(-2.37114257261761,2.74992894336444,1.47499562088438));
#5933=CARTESIAN_POINT('',(-1.22372394853,3.41904627685688,1.50744491638865));
#5934=CARTESIAN_POINT('',(0.0894577057485578,3.62960341940213,1.5399038678414));
#5935=CARTESIAN_POINT('',(1.38906805591097,3.355100019698,1.57187460739577));
#5936=CARTESIAN_POINT('',(2.50237592002147,2.63035911160544,1.60407648351517));
#5937=CARTESIAN_POINT('',(3.28238181461468,1.55276027209282,1.63640573838691));
#5938=CARTESIAN_POINT('',(3.62086571790819,0.26804021832658,1.66860626066803));
#5939=CARTESIAN_POINT('',(3.47452604782344,-1.05385502154898,1.70081777012527));
#5940=CARTESIAN_POINT('',(2.86272634331907,-2.23357606689767,1.73308409601462));
#5941=CARTESIAN_POINT('',(1.86643886928752,-3.1142255608724,1.76522357599332));
#5942=CARTESIAN_POINT('',(0.6206920253206,-3.57770402672728,1.79751978159121));
#5943=CARTESIAN_POINT('',(-0.708671621583392,-3.56088597605318,1.82972758368731));
#5944=CARTESIAN_POINT('',(-1.94309644532354,-3.06756751200038,1.86174939457414));
#5945=CARTESIAN_POINT('',(-2.91648443190961,-2.16249857497834,1.894298158807));
#5946=CARTESIAN_POINT('',(-3.49978914710885,-0.967751925816131,1.92669939816789));
#5947=CARTESIAN_POINT('',(-3.61357493811478,0.356134300816159,1.95867181615424));
#5948=CARTESIAN_POINT('',(-3.24299657538744,1.63316054393583,1.99062044682496));
#5949=CARTESIAN_POINT('',(-2.43898249478696,2.69052716257699,2.02307015112572));
#5950=CARTESIAN_POINT('',(-1.30634401014491,3.38751233865076,2.05552857611866));
#5951=CARTESIAN_POINT('',(-0.00060358027123412,3.63131297081546,2.08749959210095));
#5952=CARTESIAN_POINT('',(1.30528923288574,3.38771683320941,2.11970117817001));
#5953=CARTESIAN_POINT('',(2.43831749258172,2.69071174708162,2.15203065824174));
#5954=CARTESIAN_POINT('',(3.24265392580284,1.63324211522254,2.18423157760641));
#5955=CARTESIAN_POINT('',(3.61335754419804,0.356048024739102,2.21644257785429));
#5956=CARTESIAN_POINT('',(3.49953284043368,-0.968075639962617,2.24870944310726));
#5957=CARTESIAN_POINT('',(2.91616930191472,-2.16288351191748,2.28084848687212));
#5958=CARTESIAN_POINT('',(1.94251999930003,-3.06785942505066,2.31314492848135));
#5959=CARTESIAN_POINT('',(0.708019619501434,-3.56102037115124,2.34535257780854));
#5960=CARTESIAN_POINT('',(-0.621336575816513,-3.57764567161735,2.377374275369));
#5961=CARTESIAN_POINT('',(-1.86687860399802,-3.11399986046133,2.40992323842136));
#5962=CARTESIAN_POINT('',(-2.86308402992697,-2.23336572217202,2.44232418762754));
#5963=CARTESIAN_POINT('',(-3.47476464089545,-1.05386760113483,2.47429674346533));
#5964=CARTESIAN_POINT('',(-3.62114439589217,0.26784241137611,2.50624562088438));
#5965=CARTESIAN_POINT('',(-3.28293430986206,1.55232730525018,2.53869491638865));
#5966=CARTESIAN_POINT('',(-2.50326104051293,2.62977334124132,2.5711538678414));
#5967=CARTESIAN_POINT('',(-1.39019453362331,3.35463341735184,2.60312460739577));
#5968=CARTESIAN_POINT('',(-0.0904977826469328,3.62939174689713,2.63532648351517));
#5969=CARTESIAN_POINT('',(1.22302712160354,3.41896175751135,2.66765573838691));
#5970=CARTESIAN_POINT('',(2.37080564688933,2.74987175890823,2.69985626066803));
#5971=CARTESIAN_POINT('',(3.20204896195003,1.71167289770046,2.73206777012528));
#5972=CARTESIAN_POINT('',(3.60362999324161,0.444876426842948,2.76433409601462));
#5973=CARTESIAN_POINT('',(3.5218615933807,-0.882318431093996,2.79647357599332));
#5974=CARTESIAN_POINT('',(2.9687143185099,-2.09092323824465,2.82876978159121));
#5975=CARTESIAN_POINT('',(2.01682011144322,-3.01903312995536,2.86097758368731));
#5976=CARTESIAN_POINT('',(0.795121116495253,-3.54307446247078,2.89299939457415));
#5977=CARTESIAN_POINT('',(-0.533148512354846,-3.59138332570171,2.925548158807));
#5978=CARTESIAN_POINT('',(-1.7904206893928,-3.15902858789469,2.95794939816788));
#5979=CARTESIAN_POINT('',(-2.80700832218694,-2.30335836394649,2.98992181615424));
#5980=CARTESIAN_POINT('',(-3.44796376520455,-1.13832597443789,3.02187044682495));
#5981=CARTESIAN_POINT('',(-3.62711106288394,0.177868940365646,3.05432015112573));
#5982=CARTESIAN_POINT('',(-3.31905765414894,1.47160823787718,3.08677857611866));
#5983=CARTESIAN_POINT('',(-2.56815282197703,2.56729923057152,3.11874959210096));
#5984=CARTESIAN_POINT('',(-1.4724986775189,3.31845641348549,3.15095117817001));
#5985=CARTESIAN_POINT('',(-0.178469688889401,3.62677135627003,3.18328065824174));
#5986=CARTESIAN_POINT('',(1.13802600498303,3.4477791549697,3.21548157760641));
#5987=CARTESIAN_POINT('',(2.3032656496329,2.8067935950751,3.24769257785429));
#5988=CARTESIAN_POINT('',(3.15907625217476,1.79001055273658,3.27995944310727));
#5989=CARTESIAN_POINT('',(3.59143268666537,0.532653490278515,3.31209848687212));
#5990=CARTESIAN_POINT('',(3.54287326727591,-0.795735139084841,3.34439492848135));
#5991=CARTESIAN_POINT('',(3.01866712654707,-2.01737617822189,3.37660257780854));
#5992=CARTESIAN_POINT('',(2.09042620892425,-2.96912882124241,3.408624275369));
#5993=CARTESIAN_POINT('',(0.881847897407076,-3.52201293848525,3.44117323842136));
#5994=CARTESIAN_POINT('',(-0.44527808565084,-3.6037341796857,3.47357418762755));
#5995=CARTESIAN_POINT('',(-1.71183271336917,-3.20222656783965,3.50554674346533));
#5996=CARTESIAN_POINT('',(-2.74992894336442,-2.37114257261763,3.53749562088439));
#5997=CARTESIAN_POINT('',(-3.41904627685688,-1.22372394853001,3.56994491638865));
#5998=CARTESIAN_POINT('',(-3.62960341940213,0.0894577057485692,3.6024038678414));
#5999=CARTESIAN_POINT('',(-3.35510001969799,1.38906805591099,3.63437460739577));
#6000=CARTESIAN_POINT('',(-2.63035911160544,2.50237592002146,3.66657648351516));
#6001=CARTESIAN_POINT('',(-1.55276027209282,3.28238181461468,3.69890573838691));
#6002=CARTESIAN_POINT('',(-0.268040218326595,3.62086571790819,3.73110626066803));
#6003=CARTESIAN_POINT('',(1.05385502154897,3.47452604782344,3.76331777012528));
#6004=CARTESIAN_POINT('',(2.23357606689768,2.86272634331907,3.79558409601462));
#6005=CARTESIAN_POINT('',(3.11422556087241,1.8664388692875,3.82772357599332));
#6006=CARTESIAN_POINT('',(3.57770402672727,0.620692025320614,3.86001978159121));
#6007=CARTESIAN_POINT('',(3.56088597605319,-0.708671621583369,3.89222758368731));
#6008=CARTESIAN_POINT('',(3.0675675120004,-1.94309644532352,3.92424939457414));
#6009=CARTESIAN_POINT('',(2.16249857497835,-2.91648443190961,3.95679815880699));
#6010=CARTESIAN_POINT('',(0.967751925816143,-3.49978914710885,3.98919939816788));
#6011=CARTESIAN_POINT('',(-0.356134300816145,-3.61357493811477,4.02117181615424));
#6012=CARTESIAN_POINT('',(-1.63316054393583,-3.24299657538745,4.05312044682496));
#6013=CARTESIAN_POINT('',(-2.69046019235066,-2.43849614169243,4.08570367547964));
#6014=CARTESIAN_POINT('',(-3.27158801390417,-1.4955624292161,4.1122788298226));
#6015=CARTESIAN_POINT('',(-3.50934121418147,-0.653739836275341,4.13424246688728));
#6016=CARTESIAN_POINT('',(-3.54991270041327,-0.218518506782231,4.14427970790307));
#6017=CARTESIAN_POINT('',(-3.55,-1.53632182961871E-14,4.15));
#6018=CARTESIAN_POINT('',(3.55,0.,0.0250000000000004));
#6019=CARTESIAN_POINT('',(3.54982540082654,-0.437113075397564,0.0350437908061484));
#6020=CARTESIAN_POINT('',(3.38777749421859,-1.30606914604348,0.0575258086010255));
#6021=CARTESIAN_POINT('',(2.69069625851766,-2.43812287925254,0.0894495023002577));
#6022=CARTESIAN_POINT('',(1.63325616464721,-3.24270074265636,0.121711824450253));
#6023=CARTESIAN_POINT('',(0.356044512382938,-3.61334583998466,0.153947516143332));
#6024=CARTESIAN_POINT('',(-0.968074712943001,-3.49953570233193,0.186208201437735));
#6025=CARTESIAN_POINT('',(-2.16288374367239,-2.91616858644016,0.218348797289501));
#6026=CARTESIAN_POINT('',(-3.06785936711193,-1.94252017816866,0.250644850876999));
#6027=CARTESIAN_POINT('',(-3.56102038563592,-0.708019574784267,0.282852597209624));
#6028=CARTESIAN_POINT('',(-3.57764566799618,0.621336564637214,0.314874270518729));
#6029=CARTESIAN_POINT('',(-3.11399986136661,1.86687860679286,0.347423239633923));
#6030=CARTESIAN_POINT('',(-2.23336572194569,2.86308402922827,0.379824187324401));
#6031=CARTESIAN_POINT('',(-1.05386760119142,3.47476464107012,0.411796743541116));
#6032=CARTESIAN_POINT('',(0.267842411390266,3.62114439584851,0.443745620865438));
#6033=CARTESIAN_POINT('',(1.55232730524665,3.28293430987297,0.476194916393389));
#6034=CARTESIAN_POINT('',(2.62977334124221,2.50326104051019,0.508653867840214));
#6035=CARTESIAN_POINT('',(3.35463341735162,1.39019453362399,0.54062460739607));
#6036=CARTESIAN_POINT('',(3.62939174689718,0.0904977826467552,0.572826483515092));
#6037=CARTESIAN_POINT('',(3.41896175751133,-1.22302712160351,0.605155738386929));
#6038=CARTESIAN_POINT('',(2.74987175890822,-2.37080564688934,0.637356260668028));
#6039=CARTESIAN_POINT('',(1.71167289770046,-3.20204896195003,0.669567770125276));
#6040=CARTESIAN_POINT('',(0.444876426842952,-3.60362999324161,0.701834096014618));
#6041=CARTESIAN_POINT('',(-0.882318431094015,-3.5218615933807,0.733973575993319));
#6042=CARTESIAN_POINT('',(-2.09092323824466,-2.96871431850989,0.76626978159121));
#6043=CARTESIAN_POINT('',(-3.01903312995535,-2.01682011144322,0.798477583687311));
#6044=CARTESIAN_POINT('',(-3.54307446247077,-0.795121116495283,0.830499394574143));
#6045=CARTESIAN_POINT('',(-3.59138332570172,0.53314851235484,0.863048158806996));
#6046=CARTESIAN_POINT('',(-3.15902858789468,1.79042068939282,0.895449398167885));
#6047=CARTESIAN_POINT('',(-2.30335836394648,2.80700832218695,0.927421816154241));
#6048=CARTESIAN_POINT('',(-1.13832597443787,3.44796376520455,0.959370446824957));
#6049=CARTESIAN_POINT('',(0.177868940365665,3.62711106288393,0.991820151125725));
#6050=CARTESIAN_POINT('',(1.47160823787717,3.31905765414893,1.02427857611866));
#6051=CARTESIAN_POINT('',(2.56729923057151,2.56815282197704,1.05624959210095));
#6052=CARTESIAN_POINT('',(3.31845641348549,1.4724986775189,1.08845117817001));
#6053=CARTESIAN_POINT('',(3.62677135627003,0.178469688889392,1.12078065824174));
#6054=CARTESIAN_POINT('',(3.44777915496968,-1.13802600498305,1.15298157760642));
#6055=CARTESIAN_POINT('',(2.8067935950751,-2.30326564963291,1.18519257785429));
#6056=CARTESIAN_POINT('',(1.7900105527366,-3.15907625217475,1.21745944310727));
#6057=CARTESIAN_POINT('',(0.53265349027852,-3.59143268666537,1.24959848687212));
#6058=CARTESIAN_POINT('',(-0.795735139084854,-3.54287326727591,1.28189492848135));
#6059=CARTESIAN_POINT('',(-2.0173761782219,-3.01866712654707,1.31410257780854));
#6060=CARTESIAN_POINT('',(-2.96912882124241,-2.09042620892426,1.346124275369));
#6061=CARTESIAN_POINT('',(-3.52201293848525,-0.881847897407095,1.37867323842136));
#6062=CARTESIAN_POINT('',(-3.6037341796857,0.445278085650844,1.41107418762754));
#6063=CARTESIAN_POINT('',(-3.20222656783966,1.71183271336916,1.44304674346533));
#6064=CARTESIAN_POINT('',(-2.37114257261761,2.74992894336444,1.47499562088438));
#6065=CARTESIAN_POINT('',(-1.22372394853,3.41904627685688,1.50744491638865));
#6066=CARTESIAN_POINT('',(0.0894577057485578,3.62960341940213,1.5399038678414));
#6067=CARTESIAN_POINT('',(1.38906805591097,3.355100019698,1.57187460739577));
#6068=CARTESIAN_POINT('',(2.50237592002147,2.63035911160544,1.60407648351517));
#6069=CARTESIAN_POINT('',(3.28238181461468,1.55276027209282,1.63640573838691));
#6070=CARTESIAN_POINT('',(3.62086571790819,0.26804021832658,1.66860626066803));
#6071=CARTESIAN_POINT('',(3.47452604782344,-1.05385502154898,1.70081777012527));
#6072=CARTESIAN_POINT('',(2.86272634331907,-2.23357606689767,1.73308409601462));
#6073=CARTESIAN_POINT('',(1.86643886928752,-3.1142255608724,1.76522357599332));
#6074=CARTESIAN_POINT('',(0.6206920253206,-3.57770402672728,1.79751978159121));
#6075=CARTESIAN_POINT('',(-0.708671621583392,-3.56088597605318,1.82972758368731));
#6076=CARTESIAN_POINT('',(-1.94309644532354,-3.06756751200038,1.86174939457414));
#6077=CARTESIAN_POINT('',(-2.91648443190961,-2.16249857497834,1.894298158807));
#6078=CARTESIAN_POINT('',(-3.49978914710885,-0.967751925816131,1.92669939816789));
#6079=CARTESIAN_POINT('',(-3.61357493811478,0.356134300816159,1.95867181615424));
#6080=CARTESIAN_POINT('',(-3.24299657538744,1.63316054393583,1.99062044682496));
#6081=CARTESIAN_POINT('',(-2.43898249478696,2.69052716257699,2.02307015112572));
#6082=CARTESIAN_POINT('',(-1.30634401014491,3.38751233865076,2.05552857611866));
#6083=CARTESIAN_POINT('',(-0.00060358027123412,3.63131297081546,2.08749959210095));
#6084=CARTESIAN_POINT('',(1.30528923288574,3.38771683320941,2.11970117817001));
#6085=CARTESIAN_POINT('',(2.43831749258172,2.69071174708162,2.15203065824174));
#6086=CARTESIAN_POINT('',(3.24265392580284,1.63324211522254,2.18423157760641));
#6087=CARTESIAN_POINT('',(3.61335754419804,0.356048024739102,2.21644257785429));
#6088=CARTESIAN_POINT('',(3.49953284043368,-0.968075639962617,2.24870944310726));
#6089=CARTESIAN_POINT('',(2.91616930191472,-2.16288351191748,2.28084848687212));
#6090=CARTESIAN_POINT('',(1.94251999930003,-3.06785942505066,2.31314492848135));
#6091=CARTESIAN_POINT('',(0.708019619501434,-3.56102037115124,2.34535257780854));
#6092=CARTESIAN_POINT('',(-0.621336575816513,-3.57764567161735,2.377374275369));
#6093=CARTESIAN_POINT('',(-1.86687860399802,-3.11399986046133,2.40992323842136));
#6094=CARTESIAN_POINT('',(-2.86308402992697,-2.23336572217202,2.44232418762754));
#6095=CARTESIAN_POINT('',(-3.47476464089545,-1.05386760113483,2.47429674346533));
#6096=CARTESIAN_POINT('',(-3.62114439589217,0.26784241137611,2.50624562088438));
#6097=CARTESIAN_POINT('',(-3.28293430986206,1.55232730525018,2.53869491638865));
#6098=CARTESIAN_POINT('',(-2.50326104051293,2.62977334124132,2.5711538678414));
#6099=CARTESIAN_POINT('',(-1.39019453362331,3.35463341735184,2.60312460739577));
#6100=CARTESIAN_POINT('',(-0.0904977826469328,3.62939174689713,2.63532648351517));
#6101=CARTESIAN_POINT('',(1.22302712160354,3.41896175751135,2.66765573838691));
#6102=CARTESIAN_POINT('',(2.37080564688933,2.74987175890823,2.69985626066803));
#6103=CARTESIAN_POINT('',(3.20204896195003,1.71167289770046,2.73206777012528));
#6104=CARTESIAN_POINT('',(3.60362999324161,0.444876426842948,2.76433409601462));
#6105=CARTESIAN_POINT('',(3.5218615933807,-0.882318431093996,2.79647357599332));
#6106=CARTESIAN_POINT('',(2.9687143185099,-2.09092323824465,2.82876978159121));
#6107=CARTESIAN_POINT('',(2.01682011144322,-3.01903312995536,2.86097758368731));
#6108=CARTESIAN_POINT('',(0.795121116495253,-3.54307446247078,2.89299939457415));
#6109=CARTESIAN_POINT('',(-0.533148512354846,-3.59138332570171,2.925548158807));
#6110=CARTESIAN_POINT('',(-1.7904206893928,-3.15902858789469,2.95794939816788));
#6111=CARTESIAN_POINT('',(-2.80700832218694,-2.30335836394649,2.98992181615424));
#6112=CARTESIAN_POINT('',(-3.44796376520455,-1.13832597443789,3.02187044682495));
#6113=CARTESIAN_POINT('',(-3.62711106288394,0.177868940365646,3.05432015112573));
#6114=CARTESIAN_POINT('',(-3.31905765414894,1.47160823787718,3.08677857611866));
#6115=CARTESIAN_POINT('',(-2.56815282197703,2.56729923057152,3.11874959210096));
#6116=CARTESIAN_POINT('',(-1.4724986775189,3.31845641348549,3.15095117817001));
#6117=CARTESIAN_POINT('',(-0.178469688889401,3.62677135627003,3.18328065824174));
#6118=CARTESIAN_POINT('',(1.13802600498303,3.4477791549697,3.21548157760641));
#6119=CARTESIAN_POINT('',(2.3032656496329,2.8067935950751,3.24769257785429));
#6120=CARTESIAN_POINT('',(3.15907625217476,1.79001055273658,3.27995944310727));
#6121=CARTESIAN_POINT('',(3.59143268666537,0.532653490278515,3.31209848687212));
#6122=CARTESIAN_POINT('',(3.54287326727591,-0.795735139084841,3.34439492848135));
#6123=CARTESIAN_POINT('',(3.01866712654707,-2.01737617822189,3.37660257780854));
#6124=CARTESIAN_POINT('',(2.09042620892425,-2.96912882124241,3.408624275369));
#6125=CARTESIAN_POINT('',(0.881847897407076,-3.52201293848525,3.44117323842136));
#6126=CARTESIAN_POINT('',(-0.44527808565084,-3.6037341796857,3.47357418762755));
#6127=CARTESIAN_POINT('',(-1.71183271336917,-3.20222656783965,3.50554674346533));
#6128=CARTESIAN_POINT('',(-2.74992894336442,-2.37114257261763,3.53749562088439));
#6129=CARTESIAN_POINT('',(-3.41904627685688,-1.22372394853001,3.56994491638865));
#6130=CARTESIAN_POINT('',(-3.62960341940213,0.0894577057485692,3.6024038678414));
#6131=CARTESIAN_POINT('',(-3.35510001969799,1.38906805591099,3.63437460739577));
#6132=CARTESIAN_POINT('',(-2.63035911160544,2.50237592002146,3.66657648351516));
#6133=CARTESIAN_POINT('',(-1.55276027209282,3.28238181461468,3.69890573838691));
#6134=CARTESIAN_POINT('',(-0.268040218326595,3.62086571790819,3.73110626066803));
#6135=CARTESIAN_POINT('',(1.05385502154897,3.47452604782344,3.76331777012528));
#6136=CARTESIAN_POINT('',(2.23357606689768,2.86272634331907,3.79558409601462));
#6137=CARTESIAN_POINT('',(3.11422556087241,1.8664388692875,3.82772357599332));
#6138=CARTESIAN_POINT('',(3.57770402672727,0.620692025320614,3.86001978159121));
#6139=CARTESIAN_POINT('',(3.56088597605319,-0.708671621583369,3.89222758368731));
#6140=CARTESIAN_POINT('',(3.0675675120004,-1.94309644532352,3.92424939457414));
#6141=CARTESIAN_POINT('',(2.16249857497835,-2.91648443190961,3.95679815880699));
#6142=CARTESIAN_POINT('',(0.967751925816143,-3.49978914710885,3.98919939816788));
#6143=CARTESIAN_POINT('',(-0.356134300816145,-3.61357493811477,4.02117181615424));
#6144=CARTESIAN_POINT('',(-1.63316054393583,-3.24299657538745,4.05312044682496));
#6145=CARTESIAN_POINT('',(-2.69046019235066,-2.43849614169243,4.08570367547964));
#6146=CARTESIAN_POINT('',(-3.27158801390417,-1.4955624292161,4.1122788298226));
#6147=CARTESIAN_POINT('',(-3.50934121418147,-0.653739836275341,4.13424246688728));
#6148=CARTESIAN_POINT('',(-3.54991270041327,-0.218518506782231,4.14427970790307));
#6149=CARTESIAN_POINT('',(-3.55,-1.53632182961871E-14,4.15));
#6150=CARTESIAN_POINT('',(3.55,0.,0.475));
#6151=CARTESIAN_POINT('',(3.55017459917346,-0.437113979998981,0.485043790806148));
#6152=CARTESIAN_POINT('',(3.38760975222963,-1.3060983303211,0.507525808601026));
#6153=CARTESIAN_POINT('',(2.69071463895051,-2.43834706643215,0.539378878898289));
#6154=CARTESIAN_POINT('',(1.63313034868281,-3.2429444813111,0.571677694966836));
#6155=CARTESIAN_POINT('',(0.356272079757805,-3.6135008348673,0.603900906527053));
#6156=CARTESIAN_POINT('',(-0.967986913171479,-3.49965592537105,0.636156410457047));
#6157=CARTESIAN_POINT('',(-2.1627249397945,-2.91652970033315,0.668345426650252));
#6158=CARTESIAN_POINT('',(-3.06767121941165,-1.94276579074703,0.700618211077399));
#6159=CARTESIAN_POINT('',(-3.56108879715344,-0.708381027216806,0.732843771896946));
#6160=CARTESIAN_POINT('',(-3.57765838103646,0.621017284036844,0.764881747634565));
#6161=CARTESIAN_POINT('',(-3.11422001520931,1.86683163870659,0.797261964169373));
#6162=CARTESIAN_POINT('',(-2.23350441789921,2.86285215140782,0.829664823207488));
#6163=CARTESIAN_POINT('',(-1.05372182859096,3.47473976197566,0.861726621062906));
#6164=CARTESIAN_POINT('',(0.267853880935143,3.62113581005566,0.893741569909488));
#6165=CARTESIAN_POINT('',(1.55272079488648,3.28241123375984,0.926188411337405));
#6166=CARTESIAN_POINT('',(2.63003642640491,2.50304294650919,0.958536160367433));
#6167=CARTESIAN_POINT('',(3.35471717784228,1.38957985979005,0.990600940667829));
#6168=CARTESIAN_POINT('',(3.62967548395217,0.0897761165690867,1.02281027128254));
#6169=CARTESIAN_POINT('',(3.41895690018296,-1.22307380805827,1.05508905426347));
#6170=CARTESIAN_POINT('',(2.74987945882352,-2.37111003266657,1.08730254785927));
#6171=CARTESIAN_POINT('',(1.71193300260637,-3.2021005749517,1.11952599055342));
#6172=CARTESIAN_POINT('',(0.445006951667309,-3.60370473754855,1.15178122260301));
#6173=CARTESIAN_POINT('',(-0.882036936512466,-3.52213751407638,1.18397049966337));
#6174=CARTESIAN_POINT('',(-2.09065260562299,-2.96886542197338,1.21624310682811));
#6175=CARTESIAN_POINT('',(-3.01896193071047,-2.01718266073042,1.24846877869865));
#6176=CARTESIAN_POINT('',(-3.54296027061484,-0.795418162212309,1.28050682467763));
#6177=CARTESIAN_POINT('',(-3.59157337098741,0.53301980007294,1.31288689168797));
#6178=CARTESIAN_POINT('',(-3.15906341037025,1.79015478010066,1.34529003609988));
#6179=CARTESIAN_POINT('',(-2.30321928217506,2.8070417267329,1.3773515766256));
#6180=CARTESIAN_POINT('',(-1.13830705883797,3.44796011900612,1.40936653504428));
#6181=CARTESIAN_POINT('',(0.178427301017436,3.62678101960979,1.44181347159663));
#6182=CARTESIAN_POINT('',(1.47194018850218,3.31895504334402,1.47416095459766));
#6183=CARTESIAN_POINT('',(2.56760779053641,2.56762152529887,1.50622606420685));
#6184=CARTESIAN_POINT('',(3.31900060642622,1.47193539675491,1.53843498233711));
#6185=CARTESIAN_POINT('',(3.62678233763478,0.178430037905778,1.57071410051242));
#6186=CARTESIAN_POINT('',(3.44790543956777,-1.13830980360405,1.60292765154645));
#6187=CARTESIAN_POINT('',(2.80705338227558,-2.30320871212058,1.63515091738215));
#6188=CARTESIAN_POINT('',(1.79016032331885,-3.15910054663433,1.66740641151169));
#6189=CARTESIAN_POINT('',(0.533020458599411,-3.59157539951215,1.69959542638659));
#6190=CARTESIAN_POINT('',(-0.795428256985272,-3.54291398656509,1.73186821114332));
#6191=CARTESIAN_POINT('',(-2.01716900882001,-3.01897106489008,1.76409377188047));
#6192=CARTESIAN_POINT('',(-2.9689120347877,-2.09066096922163,1.79613174763868));
#6193=CARTESIAN_POINT('',(-3.52213540192154,-0.882036779798759,1.82851196416834));
#6194=CARTESIAN_POINT('',(-3.60366828950232,0.445016050088419,1.86091482320774));
#6195=CARTESIAN_POINT('',(-3.2021058990323,1.71191819807053,1.89297662106284));
#6196=CARTESIAN_POINT('',(-2.37112839131146,2.74993098246418,1.9249915699095));
#6197=CARTESIAN_POINT('',(-1.22307583868088,3.41895464538808,1.9574384113374));
#6198=CARTESIAN_POINT('',(0.0897979508007295,3.62963523295636,1.98978616036744));
#6199=CARTESIAN_POINT('',(1.38956192355748,3.35472460727307,2.02185094066783));
#6200=CARTESIAN_POINT('',(2.50308684739455,2.63004944902374,2.05406027128254));
#6201=CARTESIAN_POINT('',(3.28241139227356,1.55272382513425,2.08633905426347));
#6202=CARTESIAN_POINT('',(3.62108639581769,0.267830429741717,2.11855254785927));
#6203=CARTESIAN_POINT('',(3.47474646566971,-1.05370759550967,2.15077599055342));
#6204=CARTESIAN_POINT('',(2.86287149051378,-2.23353662411556,2.18303122260301));
#6205=CARTESIAN_POINT('',(1.86683302140997,-3.11422161953991,2.21522049966336));
#6206=CARTESIAN_POINT('',(0.620990237766293,-3.57761950684898,2.24749310682811));
#6207=CARTESIAN_POINT('',(-0.708364915055014,-3.56109199164381,2.27971877869865));
#6208=CARTESIAN_POINT('',(-1.94280565644701,-3.06769680920554,2.31175682467763));
#6209=CARTESIAN_POINT('',(-2.9165278008925,-2.16272397061595,2.34413689168797));
#6210=CARTESIAN_POINT('',(-3.49962574405379,-0.967964575288413,2.37654003609988));
#6211=CARTESIAN_POINT('',(-3.61350021303203,0.356256267060828,2.4086015766256));
#6212=CARTESIAN_POINT('',(-3.24298062178684,1.63317134103315,2.44061653504428));
#6213=CARTESIAN_POINT('',(-2.4383542983465,2.69068860734299,2.47306347159662));
#6214=CARTESIAN_POINT('',(-1.30603672881095,3.38767450639274,2.50541095459767));
#6215=CARTESIAN_POINT('',(-9.71194367845431E-6,3.63115547217508,2.53747606420685));
#6216=CARTESIAN_POINT('',(1.30607233505234,3.38770333608015,2.56968498233711));
#6217=CARTESIAN_POINT('',(2.4383532950586,2.69069147459971,2.60196410051242));
#6218=CARTESIAN_POINT('',(3.2429438984279,1.63313073598881,2.63417765154645));
#6219=CARTESIAN_POINT('',(3.61350098058809,0.356271982931305,2.66640091738215));
#6220=CARTESIAN_POINT('',(3.49965592300512,-0.967986914945401,2.69865641151169));
#6221=CARTESIAN_POINT('',(2.91652970092463,-2.16272493935102,2.73084542638659));
#6222=CARTESIAN_POINT('',(1.94276579059917,-3.06767121952252,2.76311821114332));
#6223=CARTESIAN_POINT('',(0.708381027253776,-3.56108879712572,2.79534377188047));
#6224=CARTESIAN_POINT('',(-0.621017284046096,-3.57765838104338,2.82738174763868));
#6225=CARTESIAN_POINT('',(-1.86683163870427,-3.11422001520758,2.85976196416834));
#6226=CARTESIAN_POINT('',(-2.86285215140839,-2.23350441789964,2.89216482320775));
#6227=CARTESIAN_POINT('',(-3.47473976197552,-1.05372182859085,2.92422662106284));
#6228=CARTESIAN_POINT('',(-3.62113581005569,0.267853880935114,2.9562415699095));
#6229=CARTESIAN_POINT('',(-3.28241123375983,1.55272079488648,2.9886884113374));
#6230=CARTESIAN_POINT('',(-2.5030429465092,2.63003642640491,3.02103616036744));
#6231=CARTESIAN_POINT('',(-1.38957985979005,3.35471717784228,3.05310094066783));
#6232=CARTESIAN_POINT('',(-0.0897761165690956,3.62967548395217,3.08531027128254));
#6233=CARTESIAN_POINT('',(1.22307380805826,3.41895690018296,3.11758905426347));
#6234=CARTESIAN_POINT('',(2.37111003266656,2.74987945882352,3.14980254785927));
#6235=CARTESIAN_POINT('',(3.2021005749517,1.71193300260637,3.18202599055342));
#6236=CARTESIAN_POINT('',(3.60370473754855,0.445006951667304,3.21428122260301));
#6237=CARTESIAN_POINT('',(3.52213751407638,-0.882036936512451,3.24647049966337));
#6238=CARTESIAN_POINT('',(2.96886542197339,-2.09065260562298,3.27874310682811));
#6239=CARTESIAN_POINT('',(2.01718266073042,-3.01896193071047,3.31096877869865));
#6240=CARTESIAN_POINT('',(0.795418162212288,-3.54296027061484,3.34300682467763));
#6241=CARTESIAN_POINT('',(-0.533019800072941,-3.5915733709874,3.37538689168797));
#6242=CARTESIAN_POINT('',(-1.79015478010065,-3.15906341037025,3.40779003609988));
#6243=CARTESIAN_POINT('',(-2.8070417267329,-2.30321928217506,3.43985157662561));
#6244=CARTESIAN_POINT('',(-3.44796011900611,-1.13830705883798,3.47186653504428));
#6245=CARTESIAN_POINT('',(-3.62678101960979,0.178427301017425,3.50431347159663));
#6246=CARTESIAN_POINT('',(-3.31895504334402,1.47194018850218,3.53666095459766));
#6247=CARTESIAN_POINT('',(-2.56762152529887,2.56760779053641,3.56872606420686));
#6248=CARTESIAN_POINT('',(-1.47193539675491,3.31900060642622,3.60093498233711));
#6249=CARTESIAN_POINT('',(-0.17843003790579,3.62678233763478,3.63321410051242));
#6250=CARTESIAN_POINT('',(1.13830980360403,3.44790543956778,3.66542765154645));
#6251=CARTESIAN_POINT('',(2.30320871212057,2.80705338227559,3.69765091738215));
#6252=CARTESIAN_POINT('',(3.15910054663434,1.79016032331883,3.72990641151169));
#6253=CARTESIAN_POINT('',(3.59157539951215,0.533020458599411,3.76209542638659));
#6254=CARTESIAN_POINT('',(3.54291398656509,-0.795428256985259,3.79436821114331));
#6255=CARTESIAN_POINT('',(3.01897106489009,-2.01716900881999,3.82659377188047));
#6256=CARTESIAN_POINT('',(2.09066096922162,-2.9689120347877,3.85863174763868));
#6257=CARTESIAN_POINT('',(0.882036779798748,-3.52213540192154,3.89101196416834));
#6258=CARTESIAN_POINT('',(-0.44501605008842,-3.60366828950232,3.92341482320775));
#6259=CARTESIAN_POINT('',(-1.71191819807053,-3.20210589903229,3.95547662106284));
#6260=CARTESIAN_POINT('',(-2.74993098246417,-2.37112839131148,3.98749156990951));
#6261=CARTESIAN_POINT('',(-3.41895464538807,-1.22307583868088,4.0199384113374));
#6262=CARTESIAN_POINT('',(-3.62963523295636,0.0897979508007408,4.05228616036743));
#6263=CARTESIAN_POINT('',(-3.35472460727307,1.38956192355749,4.08435094066783));
#6264=CARTESIAN_POINT('',(-2.63004944902374,2.50308684739454,4.11656027128254));
#6265=CARTESIAN_POINT('',(-1.55272382513426,3.28241139227356,4.14883905426347));
#6266=CARTESIAN_POINT('',(-0.267830429741734,3.62108639581769,4.18105254785927));
#6267=CARTESIAN_POINT('',(1.05370759550966,3.47474646566971,4.21327599055342));
#6268=CARTESIAN_POINT('',(2.23353662411556,2.86287149051378,4.24553122260301));
#6269=CARTESIAN_POINT('',(3.11422161953991,1.86683302140996,4.27772049966337));
#6270=CARTESIAN_POINT('',(3.57761950684897,0.620990237766301,4.30999310682811));
#6271=CARTESIAN_POINT('',(3.56109199164381,-0.708364915055001,4.34221877869865));
#6272=CARTESIAN_POINT('',(3.06769680920555,-1.942805656447,4.37425682467763));
#6273=CARTESIAN_POINT('',(2.16272397061595,-2.9165278008925,4.40663689168797));
#6274=CARTESIAN_POINT('',(0.967964575288411,-3.4996257440538,4.43904003609988));
#6275=CARTESIAN_POINT('',(-0.356256267060834,-3.61350021303203,4.4711015766256));
#6276=CARTESIAN_POINT('',(-1.63317134103316,-3.24298062178684,4.50311653504428));
#6277=CARTESIAN_POINT('',(-2.69069667569969,-2.43810523244858,4.53558043330239));
#6278=CARTESIAN_POINT('',(-3.27158366968523,-1.49539996668083,4.56238187354988));
#6279=CARTESIAN_POINT('',(-3.5092500304292,-0.653539694051167,4.58422136719213));
#6280=CARTESIAN_POINT('',(-3.55008729958673,-0.218518774063835,4.59427970790308));
#6281=CARTESIAN_POINT('',(-3.55,-1.53632182961871E-14,4.6));
#6282=CARTESIAN_POINT('',(1.75,0.,0.0250000000000001));
#6283=CARTESIAN_POINT('',(1.74982540082654,-0.213293874064531,0.036440584193852));
#6284=CARTESIAN_POINT('',(1.67028022814786,-0.64505411385261,0.056927316398975));
#6285=CARTESIAN_POINT('',(1.32610828297424,-1.20219364385603,0.0896074002867173));
#6286=CARTESIAN_POINT('',(0.804263783377378,-1.59914734029438,0.121720354957714));
#6287=CARTESIAN_POINT('',(0.174652868776791,-1.78131089658372,0.153964410662438));
#6288=CARTESIAN_POINT('',(-0.478094684720957,-1.72472527251721,0.186167903162585));
#6289=CARTESIAN_POINT('',(-1.06675590653187,-1.43702163759032,0.218377142898292));
#6290=CARTESIAN_POINT('',(-1.51229701682189,-0.956943160935098,0.25058385167045));
#6291=CARTESIAN_POINT('',(-1.75531603401348,-0.348655352833591,0.282791228790665));
#6292=CARTESIAN_POINT('',(-1.76319339376115,0.306112211899035,0.315187904430546));
#6293=CARTESIAN_POINT('',(-1.53499017645925,0.920013388802008,0.347452040323186));
#6294=CARTESIAN_POINT('',(-1.10133920390026,1.41069907690641,0.37950014037987));
#6295=CARTESIAN_POINT('',(-0.520059773403935,1.71254882209335,0.411790339422999));
#6296=CARTESIAN_POINT('',(0.130845014275465,1.78509594752363,0.444153645058075));
#6297=CARTESIAN_POINT('',(0.764482113938307,1.61862717191438,0.476162710202467));
#6298=CARTESIAN_POINT('',(1.29583436379301,1.23528121942218,0.50839409861903));
#6299=CARTESIAN_POINT('',(1.6537167160534,0.685683219918396,0.540675878056221));
#6300=CARTESIAN_POINT('',(1.78964361030057,0.0439771194069232,0.572911225129523));
#6301=CARTESIAN_POINT('',(1.68531073776818,-0.603353715911054,0.605142761001581));
#6302=CARTESIAN_POINT('',(1.35496811308015,-1.16964005589983,0.637367693541674));
#6303=CARTESIAN_POINT('',(0.843086370372794,-1.57885218780545,0.669583853315528));
#6304=CARTESIAN_POINT('',(0.2182570427987,-1.77641382805612,0.701794317608117));
#6305=CARTESIAN_POINT('',(-0.435558708198779,-1.73587420101682,0.734001736379111));
#6306=CARTESIAN_POINT('',(-1.03103703062997,-1.46279317548495,0.766208995539753));
#6307=CARTESIAN_POINT('',(-1.4882335284397,-0.993906132575893,0.798416198958153));
#6308=CARTESIAN_POINT('',(-1.74613629355879,-0.391864020787904,0.830812880661043));
#6309=CARTESIAN_POINT('',(-1.77023484907342,0.262500941091796,0.86307710334759));
#6310=CARTESIAN_POINT('',(-1.55731917100907,0.881899560583423,0.895124925165689));
#6311=CARTESIAN_POINT('',(-1.13588262830683,1.38314730958628,0.927415516498118));
#6312=CARTESIAN_POINT('',(-0.562200796390321,1.69928512763227,0.959778522212458));
#6313=CARTESIAN_POINT('',(0.0868437468763371,1.78798735173053,0.991787847653055));
#6314=CARTESIAN_POINT('',(0.724474606221141,1.63712749917509,1.02401920698977));
#6315=CARTESIAN_POINT('',(1.26545170940958,1.26634629538199,1.05630059719281));
#6316=CARTESIAN_POINT('',(1.63656118501072,0.725509303072225,1.08853649549116));
#6317=CARTESIAN_POINT('',(1.78793630392571,0.0874794503196512,1.12076757152503));
#6318=CARTESIAN_POINT('',(1.69942908410899,-0.562032200483217,1.15299283150699));
#6319=CARTESIAN_POINT('',(1.38308504709621,-1.1360876247267,1.18520879152512));
#6320=CARTESIAN_POINT('',(0.881498491057376,-1.55762671998452,1.21741930795069));
#6321=CARTESIAN_POINT('',(0.261818022074407,-1.77043863240931,1.24962679170127));
#6322=CARTESIAN_POINT('',(-0.39269463065615,-1.74601633597577,1.28183393946971));
#6323=CARTESIAN_POINT('',(-0.994659268190655,-1.48773246958565,1.31404120684085));
#6324=CARTESIAN_POINT('',(-1.46322003568468,-1.03031197580311,1.346437909918));
#6325=CARTESIAN_POINT('',(-1.73594966643962,-0.434854258982491,1.37870203895132));
#6326=CARTESIAN_POINT('',(-1.77627930355704,0.21875046456909,1.41075014072283));
#6327=CARTESIAN_POINT('',(-1.5786926774619,0.843217092684116,1.44304033933726));
#6328=CARTESIAN_POINT('',(-1.16973205272135,1.35477484647494,1.47540364507951));
#6329=CARTESIAN_POINT('',(-0.603971762602509,1.68511273632664,1.50741271019711));
#6330=CARTESIAN_POINT('',(0.0428175390044416,1.78976899286051,1.53964409862037));
#6331=CARTESIAN_POINT('',(0.684503049533363,1.65420555863251,1.57192587805589));
#6332=CARTESIAN_POINT('',(1.23437261340086,1.29656565210053,1.60416122512961));
#6333=CARTESIAN_POINT('',(1.61833015505723,0.765059147107549,1.63639276100156));
#6334=CARTESIAN_POINT('',(1.78516755612469,0.131046725976346,1.66861769354168));
#6335=CARTESIAN_POINT('',(1.71256917810501,-0.520264998871885,1.70083385331553));
#6336=CARTESIAN_POINT('',(1.41044529901672,-1.10178322900735,1.73304431760812));
#6337=CARTESIAN_POINT('',(0.919461902653585,-1.53543493499797,1.76525173637911));
#6338=CARTESIAN_POINT('',(0.305297697845904,-1.76340424987171,1.79745899553975));
#6339=CARTESIAN_POINT('',(-0.349542253741605,-1.75513778615621,1.82966619895815));
#6340=CARTESIAN_POINT('',(-0.957615107649234,-1.5117945204535,1.86206288066105));
#6341=CARTESIAN_POINT('',(-1.43736126158642,-1.0661288705587,1.89432710334759));
#6342=CARTESIAN_POINT('',(-1.72478810590631,-0.477593786678338,1.92637492516569));
#6343=CARTESIAN_POINT('',(-1.78122315109614,0.174842532880635,1.95866551649812));
#6344=CARTESIAN_POINT('',(-1.5991120324343,0.804040041402146,1.99102852221246));
#6345=CARTESIAN_POINT('',(-1.20289017876452,1.32570578340434,2.02303784765306));
#6346=CARTESIAN_POINT('',(-0.645343049477278,1.6699048631901,2.05526920698977));
#6347=CARTESIAN_POINT('',(-0.000632567807463552,1.79025153778269,2.08755059719281));
#6348=CARTESIAN_POINT('',(0.644210963731484,1.67023605976406,2.11978649549116));
#6349=CARTESIAN_POINT('',(1.20240457229998,1.32611919737098,2.15201757152503));
#6350=CARTESIAN_POINT('',(1.59909460972599,0.804261049312226,2.18424283150699));
#6351=CARTESIAN_POINT('',(1.78132407922581,0.17465355229308,2.21645879152512));
#6352=CARTESIAN_POINT('',(1.72472197689079,-0.478094855626025,2.24866930795069));
#6353=CARTESIAN_POINT('',(1.43702246149692,-1.0667558638056,2.28087679170127));
#6354=CARTESIAN_POINT('',(0.956942954958452,-1.51229702750346,2.31308393946971));
#6355=CARTESIAN_POINT('',(0.348655404327755,-1.75531603134308,2.34529120684085));
#6356=CARTESIAN_POINT('',(-0.306112224772576,-1.76319339442875,2.377687909918));
#6357=CARTESIAN_POINT('',(-0.920013385583618,-1.53499017629235,2.40995203895132));
#6358=CARTESIAN_POINT('',(-1.41069907771101,-1.10133920394199,2.44200014072283));
#6359=CARTESIAN_POINT('',(-1.7125488218922,-0.520059773393495,2.47429033933726));
#6360=CARTESIAN_POINT('',(-1.78509594757392,0.130845014272849,2.50665364507951));
#6361=CARTESIAN_POINT('',(-1.61862717190182,0.764482113938947,2.53866271019711));
#6362=CARTESIAN_POINT('',(-1.23528121942532,1.29583436379285,2.57089409862037));
#6363=CARTESIAN_POINT('',(-0.685683219917611,1.65371671605344,2.60317587805589));
#6364=CARTESIAN_POINT('',(-0.0439771194071332,1.78964361030055,2.63541122512961));
#6365=CARTESIAN_POINT('',(0.603353715911108,1.68531073776818,2.66764276100156));
#6366=CARTESIAN_POINT('',(1.1696400558998,1.35496811308016,2.69986769354168));
#6367=CARTESIAN_POINT('',(1.57885218780545,0.84308637037279,2.73208385331553));
#6368=CARTESIAN_POINT('',(1.77641382805612,0.218257042798702,2.76429431760812));
#6369=CARTESIAN_POINT('',(1.73587420101682,-0.435558708198767,2.79650173637911));
#6370=CARTESIAN_POINT('',(1.46279317548496,-1.03103703062997,2.82870899553975));
#6371=CARTESIAN_POINT('',(0.993906132575892,-1.48823352843971,2.86091619895815));
#6372=CARTESIAN_POINT('',(0.391864020787891,-1.7461362935588,2.89331288066104));
#6373=CARTESIAN_POINT('',(-0.262500941091794,-1.77023484907342,2.92557710334759));
#6374=CARTESIAN_POINT('',(-0.881899560583417,-1.55731917100907,2.95762492516569));
#6375=CARTESIAN_POINT('',(-1.38314730958627,-1.13588262830684,2.98991551649812));
#6376=CARTESIAN_POINT('',(-1.69928512763227,-0.562200796390328,3.02227852221246));
#6377=CARTESIAN_POINT('',(-1.78798735173053,0.0868437468763192,3.05428784765306));
#6378=CARTESIAN_POINT('',(-1.63712749917509,0.724474606221155,3.08651920698977));
#6379=CARTESIAN_POINT('',(-1.26634629538198,1.26545170940958,3.11880059719281));
#6380=CARTESIAN_POINT('',(-0.725509303072227,1.63656118501072,3.15103649549116));
#6381=CARTESIAN_POINT('',(-0.0874794503196508,1.78793630392571,3.18326757152503));
#6382=CARTESIAN_POINT('',(0.562032200483199,1.699429084109,3.21549283150699));
#6383=CARTESIAN_POINT('',(1.13608762472671,1.3830850470962,3.24770879152512));
#6384=CARTESIAN_POINT('',(1.55762671998452,0.881498491057376,3.27991930795069));
#6385=CARTESIAN_POINT('',(1.77043863240931,0.261818022074404,3.31212679170127));
#6386=CARTESIAN_POINT('',(1.74601633597577,-0.39269463065614,3.34433393946971));
#6387=CARTESIAN_POINT('',(1.48773246958565,-0.994659268190653,3.37654120684085));
#6388=CARTESIAN_POINT('',(1.03031197580311,-1.46322003568468,3.408937909918));
#6389=CARTESIAN_POINT('',(0.434854258982474,-1.73594966643963,3.44120203895132));
#6390=CARTESIAN_POINT('',(-0.218750464569087,-1.77627930355704,3.47325014072284));
#6391=CARTESIAN_POINT('',(-0.843217092684121,-1.57869267746189,3.50554033933726));
#6392=CARTESIAN_POINT('',(-1.35477484647493,-1.16973205272136,3.53790364507951));
#6393=CARTESIAN_POINT('',(-1.68511273632663,-0.603971762602532,3.56991271019711));
#6394=CARTESIAN_POINT('',(-1.78976899286051,0.0428175390044645,3.60214409862037));
#6395=CARTESIAN_POINT('',(-1.65420555863251,0.684503049533362,3.63442587805589));
#6396=CARTESIAN_POINT('',(-1.29656565210052,1.23437261340087,3.66666122512961));
#6397=CARTESIAN_POINT('',(-0.765059147107552,1.61833015505722,3.69889276100156));
#6398=CARTESIAN_POINT('',(-0.13104672597635,1.78516755612469,3.73111769354168));
#6399=CARTESIAN_POINT('',(0.520264998871874,1.71256917810501,3.76333385331553));
#6400=CARTESIAN_POINT('',(1.10178322900736,1.41044529901671,3.79554431760812));
#6401=CARTESIAN_POINT('',(1.53543493499798,0.919461902653576,3.82775173637911));
#6402=CARTESIAN_POINT('',(1.76340424987171,0.305297697845918,3.85995899553976));
#6403=CARTESIAN_POINT('',(1.75513778615621,-0.349542253741585,3.89216619895815));
#6404=CARTESIAN_POINT('',(1.51179452045352,-0.957615107649214,3.92456288066105));
#6405=CARTESIAN_POINT('',(1.06612887055871,-1.43736126158642,3.95682710334759));
#6406=CARTESIAN_POINT('',(0.477593786678349,-1.7247881059063,3.98887492516569));
#6407=CARTESIAN_POINT('',(-0.17484253288061,-1.78122315109614,4.02116551649812));
#6408=CARTESIAN_POINT('',(-0.804040041402151,-1.59911203243431,4.05352852221246));
#6409=CARTESIAN_POINT('',(-1.32567628865717,-1.20288638263531,4.08565297371473));
#6410=CARTESIAN_POINT('',(-1.61271745298613,-0.737411297427517,4.11230604263946));
#6411=CARTESIAN_POINT('',(-1.73000703723628,-0.322139422865725,4.1335759767161));
#6412=CARTESIAN_POINT('',(-1.74991270041327,-0.106639255045972,4.14497810459693));
#6413=CARTESIAN_POINT('',(-1.75,-1.30584911342169E-14,4.15));
#6414=CARTESIAN_POINT('',(3.55,0.,0.0250000000000004));
#6415=CARTESIAN_POINT('',(3.54982540082654,-0.437113075397564,0.0350437908061484));
#6416=CARTESIAN_POINT('',(3.38777749421859,-1.30606914604348,0.0575258086010255));
#6417=CARTESIAN_POINT('',(2.69069625851766,-2.43812287925254,0.0894495023002577));
#6418=CARTESIAN_POINT('',(1.63325616464721,-3.24270074265636,0.121711824450253));
#6419=CARTESIAN_POINT('',(0.356044512382938,-3.61334583998466,0.153947516143332));
#6420=CARTESIAN_POINT('',(-0.968074712943001,-3.49953570233193,0.186208201437735));
#6421=CARTESIAN_POINT('',(-2.16288374367239,-2.91616858644016,0.218348797289501));
#6422=CARTESIAN_POINT('',(-3.06785936711193,-1.94252017816866,0.250644850876999));
#6423=CARTESIAN_POINT('',(-3.56102038563592,-0.708019574784267,0.282852597209624));
#6424=CARTESIAN_POINT('',(-3.57764566799618,0.621336564637214,0.314874270518729));
#6425=CARTESIAN_POINT('',(-3.11399986136661,1.86687860679286,0.347423239633923));
#6426=CARTESIAN_POINT('',(-2.23336572194569,2.86308402922827,0.379824187324401));
#6427=CARTESIAN_POINT('',(-1.05386760119142,3.47476464107012,0.411796743541116));
#6428=CARTESIAN_POINT('',(0.267842411390266,3.62114439584851,0.443745620865438));
#6429=CARTESIAN_POINT('',(1.55232730524665,3.28293430987297,0.476194916393389));
#6430=CARTESIAN_POINT('',(2.62977334124221,2.50326104051019,0.508653867840214));
#6431=CARTESIAN_POINT('',(3.35463341735162,1.39019453362399,0.54062460739607));
#6432=CARTESIAN_POINT('',(3.62939174689718,0.0904977826467552,0.572826483515092));
#6433=CARTESIAN_POINT('',(3.41896175751133,-1.22302712160351,0.605155738386929));
#6434=CARTESIAN_POINT('',(2.74987175890822,-2.37080564688934,0.637356260668028));
#6435=CARTESIAN_POINT('',(1.71167289770046,-3.20204896195003,0.669567770125276));
#6436=CARTESIAN_POINT('',(0.444876426842952,-3.60362999324161,0.701834096014618));
#6437=CARTESIAN_POINT('',(-0.882318431094015,-3.5218615933807,0.733973575993319));
#6438=CARTESIAN_POINT('',(-2.09092323824466,-2.96871431850989,0.76626978159121));
#6439=CARTESIAN_POINT('',(-3.01903312995535,-2.01682011144322,0.798477583687311));
#6440=CARTESIAN_POINT('',(-3.54307446247077,-0.795121116495283,0.830499394574143));
#6441=CARTESIAN_POINT('',(-3.59138332570172,0.53314851235484,0.863048158806996));
#6442=CARTESIAN_POINT('',(-3.15902858789468,1.79042068939282,0.895449398167885));
#6443=CARTESIAN_POINT('',(-2.30335836394648,2.80700832218695,0.927421816154241));
#6444=CARTESIAN_POINT('',(-1.13832597443787,3.44796376520455,0.959370446824957));
#6445=CARTESIAN_POINT('',(0.177868940365665,3.62711106288393,0.991820151125725));
#6446=CARTESIAN_POINT('',(1.47160823787717,3.31905765414893,1.02427857611866));
#6447=CARTESIAN_POINT('',(2.56729923057151,2.56815282197704,1.05624959210095));
#6448=CARTESIAN_POINT('',(3.31845641348549,1.4724986775189,1.08845117817001));
#6449=CARTESIAN_POINT('',(3.62677135627003,0.178469688889392,1.12078065824174));
#6450=CARTESIAN_POINT('',(3.44777915496968,-1.13802600498305,1.15298157760642));
#6451=CARTESIAN_POINT('',(2.8067935950751,-2.30326564963291,1.18519257785429));
#6452=CARTESIAN_POINT('',(1.7900105527366,-3.15907625217475,1.21745944310727));
#6453=CARTESIAN_POINT('',(0.53265349027852,-3.59143268666537,1.24959848687212));
#6454=CARTESIAN_POINT('',(-0.795735139084854,-3.54287326727591,1.28189492848135));
#6455=CARTESIAN_POINT('',(-2.0173761782219,-3.01866712654707,1.31410257780854));
#6456=CARTESIAN_POINT('',(-2.96912882124241,-2.09042620892426,1.346124275369));
#6457=CARTESIAN_POINT('',(-3.52201293848525,-0.881847897407095,1.37867323842136));
#6458=CARTESIAN_POINT('',(-3.6037341796857,0.445278085650844,1.41107418762754));
#6459=CARTESIAN_POINT('',(-3.20222656783966,1.71183271336916,1.44304674346533));
#6460=CARTESIAN_POINT('',(-2.37114257261761,2.74992894336444,1.47499562088438));
#6461=CARTESIAN_POINT('',(-1.22372394853,3.41904627685688,1.50744491638865));
#6462=CARTESIAN_POINT('',(0.0894577057485578,3.62960341940213,1.5399038678414));
#6463=CARTESIAN_POINT('',(1.38906805591097,3.355100019698,1.57187460739577));
#6464=CARTESIAN_POINT('',(2.50237592002147,2.63035911160544,1.60407648351517));
#6465=CARTESIAN_POINT('',(3.28238181461468,1.55276027209282,1.63640573838691));
#6466=CARTESIAN_POINT('',(3.62086571790819,0.26804021832658,1.66860626066803));
#6467=CARTESIAN_POINT('',(3.47452604782344,-1.05385502154898,1.70081777012527));
#6468=CARTESIAN_POINT('',(2.86272634331907,-2.23357606689767,1.73308409601462));
#6469=CARTESIAN_POINT('',(1.86643886928752,-3.1142255608724,1.76522357599332));
#6470=CARTESIAN_POINT('',(0.6206920253206,-3.57770402672728,1.79751978159121));
#6471=CARTESIAN_POINT('',(-0.708671621583392,-3.56088597605318,1.82972758368731));
#6472=CARTESIAN_POINT('',(-1.94309644532354,-3.06756751200038,1.86174939457414));
#6473=CARTESIAN_POINT('',(-2.91648443190961,-2.16249857497834,1.894298158807));
#6474=CARTESIAN_POINT('',(-3.49978914710885,-0.967751925816131,1.92669939816789));
#6475=CARTESIAN_POINT('',(-3.61357493811478,0.356134300816159,1.95867181615424));
#6476=CARTESIAN_POINT('',(-3.24299657538744,1.63316054393583,1.99062044682496));
#6477=CARTESIAN_POINT('',(-2.43898249478696,2.69052716257699,2.02307015112572));
#6478=CARTESIAN_POINT('',(-1.30634401014491,3.38751233865076,2.05552857611866));
#6479=CARTESIAN_POINT('',(-0.00060358027123412,3.63131297081546,2.08749959210095));
#6480=CARTESIAN_POINT('',(1.30528923288574,3.38771683320941,2.11970117817001));
#6481=CARTESIAN_POINT('',(2.43831749258172,2.69071174708162,2.15203065824174));
#6482=CARTESIAN_POINT('',(3.24265392580284,1.63324211522254,2.18423157760641));
#6483=CARTESIAN_POINT('',(3.61335754419804,0.356048024739102,2.21644257785429));
#6484=CARTESIAN_POINT('',(3.49953284043368,-0.968075639962617,2.24870944310726));
#6485=CARTESIAN_POINT('',(2.91616930191472,-2.16288351191748,2.28084848687212));
#6486=CARTESIAN_POINT('',(1.94251999930003,-3.06785942505066,2.31314492848135));
#6487=CARTESIAN_POINT('',(0.708019619501434,-3.56102037115124,2.34535257780854));
#6488=CARTESIAN_POINT('',(-0.621336575816513,-3.57764567161735,2.377374275369));
#6489=CARTESIAN_POINT('',(-1.86687860399802,-3.11399986046133,2.40992323842136));
#6490=CARTESIAN_POINT('',(-2.86308402992697,-2.23336572217202,2.44232418762754));
#6491=CARTESIAN_POINT('',(-3.47476464089545,-1.05386760113483,2.47429674346533));
#6492=CARTESIAN_POINT('',(-3.62114439589217,0.26784241137611,2.50624562088438));
#6493=CARTESIAN_POINT('',(-3.28293430986206,1.55232730525018,2.53869491638865));
#6494=CARTESIAN_POINT('',(-2.50326104051293,2.62977334124132,2.5711538678414));
#6495=CARTESIAN_POINT('',(-1.39019453362331,3.35463341735184,2.60312460739577));
#6496=CARTESIAN_POINT('',(-0.0904977826469328,3.62939174689713,2.63532648351517));
#6497=CARTESIAN_POINT('',(1.22302712160354,3.41896175751135,2.66765573838691));
#6498=CARTESIAN_POINT('',(2.37080564688933,2.74987175890823,2.69985626066803));
#6499=CARTESIAN_POINT('',(3.20204896195003,1.71167289770046,2.73206777012528));
#6500=CARTESIAN_POINT('',(3.60362999324161,0.444876426842948,2.76433409601462));
#6501=CARTESIAN_POINT('',(3.5218615933807,-0.882318431093996,2.79647357599332));
#6502=CARTESIAN_POINT('',(2.9687143185099,-2.09092323824465,2.82876978159121));
#6503=CARTESIAN_POINT('',(2.01682011144322,-3.01903312995536,2.86097758368731));
#6504=CARTESIAN_POINT('',(0.795121116495253,-3.54307446247078,2.89299939457415));
#6505=CARTESIAN_POINT('',(-0.533148512354846,-3.59138332570171,2.925548158807));
#6506=CARTESIAN_POINT('',(-1.7904206893928,-3.15902858789469,2.95794939816788));
#6507=CARTESIAN_POINT('',(-2.80700832218694,-2.30335836394649,2.98992181615424));
#6508=CARTESIAN_POINT('',(-3.44796376520455,-1.13832597443789,3.02187044682495));
#6509=CARTESIAN_POINT('',(-3.62711106288394,0.177868940365646,3.05432015112573));
#6510=CARTESIAN_POINT('',(-3.31905765414894,1.47160823787718,3.08677857611866));
#6511=CARTESIAN_POINT('',(-2.56815282197703,2.56729923057152,3.11874959210096));
#6512=CARTESIAN_POINT('',(-1.4724986775189,3.31845641348549,3.15095117817001));
#6513=CARTESIAN_POINT('',(-0.178469688889401,3.62677135627003,3.18328065824174));
#6514=CARTESIAN_POINT('',(1.13802600498303,3.4477791549697,3.21548157760641));
#6515=CARTESIAN_POINT('',(2.3032656496329,2.8067935950751,3.24769257785429));
#6516=CARTESIAN_POINT('',(3.15907625217476,1.79001055273658,3.27995944310727));
#6517=CARTESIAN_POINT('',(3.59143268666537,0.532653490278515,3.31209848687212));
#6518=CARTESIAN_POINT('',(3.54287326727591,-0.795735139084841,3.34439492848135));
#6519=CARTESIAN_POINT('',(3.01866712654707,-2.01737617822189,3.37660257780854));
#6520=CARTESIAN_POINT('',(2.09042620892425,-2.96912882124241,3.408624275369));
#6521=CARTESIAN_POINT('',(0.881847897407076,-3.52201293848525,3.44117323842136));
#6522=CARTESIAN_POINT('',(-0.44527808565084,-3.6037341796857,3.47357418762755));
#6523=CARTESIAN_POINT('',(-1.71183271336917,-3.20222656783965,3.50554674346533));
#6524=CARTESIAN_POINT('',(-2.74992894336442,-2.37114257261763,3.53749562088439));
#6525=CARTESIAN_POINT('',(-3.41904627685688,-1.22372394853001,3.56994491638865));
#6526=CARTESIAN_POINT('',(-3.62960341940213,0.0894577057485692,3.6024038678414));
#6527=CARTESIAN_POINT('',(-3.35510001969799,1.38906805591099,3.63437460739577));
#6528=CARTESIAN_POINT('',(-2.63035911160544,2.50237592002146,3.66657648351516));
#6529=CARTESIAN_POINT('',(-1.55276027209282,3.28238181461468,3.69890573838691));
#6530=CARTESIAN_POINT('',(-0.268040218326595,3.62086571790819,3.73110626066803));
#6531=CARTESIAN_POINT('',(1.05385502154897,3.47452604782344,3.76331777012528));
#6532=CARTESIAN_POINT('',(2.23357606689768,2.86272634331907,3.79558409601462));
#6533=CARTESIAN_POINT('',(3.11422556087241,1.8664388692875,3.82772357599332));
#6534=CARTESIAN_POINT('',(3.57770402672727,0.620692025320614,3.86001978159121));
#6535=CARTESIAN_POINT('',(3.56088597605319,-0.708671621583369,3.89222758368731));
#6536=CARTESIAN_POINT('',(3.0675675120004,-1.94309644532352,3.92424939457414));
#6537=CARTESIAN_POINT('',(2.16249857497835,-2.91648443190961,3.95679815880699));
#6538=CARTESIAN_POINT('',(0.967751925816143,-3.49978914710885,3.98919939816788));
#6539=CARTESIAN_POINT('',(-0.356134300816145,-3.61357493811477,4.02117181615424));
#6540=CARTESIAN_POINT('',(-1.63316054393583,-3.24299657538745,4.05312044682496));
#6541=CARTESIAN_POINT('',(-2.69046019235066,-2.43849614169243,4.08570367547964));
#6542=CARTESIAN_POINT('',(-3.27158801390417,-1.4955624292161,4.1122788298226));
#6543=CARTESIAN_POINT('',(-3.50934121418147,-0.653739836275341,4.13424246688728));
#6544=CARTESIAN_POINT('',(-3.54991270041327,-0.218518506782231,4.14427970790307));
#6545=CARTESIAN_POINT('',(-3.55,-1.53632182961871E-14,4.15));
#6546=CARTESIAN_POINT('',(-3.55,3.7,4.15));
#6547=CARTESIAN_POINT('',(-3.55,2.85,4.15));
#6548=CARTESIAN_POINT('',(-3.55,0.,4.15));
#6549=CARTESIAN_POINT('',(-3.55,2.85,4.15));
#6550=CARTESIAN_POINT('',(-1.75,2.85,4.15));
#6551=CARTESIAN_POINT('',(-1.75,3.7,4.15));
#6552=CARTESIAN_POINT('',(-1.75,0.,4.15));
#6553=CARTESIAN_POINT('',(-3.55,0.,4.15));
#6554=CARTESIAN_POINT('',(-3.55,3.7,4.15));
#6555=CARTESIAN_POINT('',(-3.55,3.25,-2.1));
#6556=CARTESIAN_POINT('',(-3.55,-3.3,-2.1));
#6557=CARTESIAN_POINT('',(-3.55,3.3,-2.1));
#6558=CARTESIAN_POINT('',(-3.55,-3.3,-1.7));
#6559=CARTESIAN_POINT('',(-3.55,-3.7,-1.7));
#6560=CARTESIAN_POINT('',(-3.55,-3.7,-2.1));
#6561=CARTESIAN_POINT('',(-3.55,-3.7,-2.16840434497101E-16));
#6562=CARTESIAN_POINT('',(-3.55,-3.25,-2.16840434497101E-16));
#6563=CARTESIAN_POINT('',(-3.55,-3.25,-2.16840434497101E-16));
#6564=CARTESIAN_POINT('',(-3.55,-3.25,-2.16840434497101E-16));
#6565=CARTESIAN_POINT('',(-3.55,-3.25,-1.25));
#6566=CARTESIAN_POINT('',(-3.55,-2.85,-1.25));
#6567=CARTESIAN_POINT('',(-3.55,-2.85,-1.65));
#6568=CARTESIAN_POINT('',(-3.55,-3.7,-1.65));
#6569=CARTESIAN_POINT('',(-3.55,2.85,-1.65));
#6570=CARTESIAN_POINT('',(-3.55,2.85,-1.25));
#6571=CARTESIAN_POINT('',(-3.55,3.25,-1.25));
#6572=CARTESIAN_POINT('',(-3.55,3.25,-2.1));
#6573=CARTESIAN_POINT('',(-3.55,3.25,3.75));
#6574=CARTESIAN_POINT('',(-3.55,2.85,3.75));
#6575=CARTESIAN_POINT('',(-3.55,0.,4.6));
#6576=CARTESIAN_POINT('',(-3.55,0.,4.6));
#6577=CARTESIAN_POINT('',(-3.55,3.7,4.6));
#6578=CARTESIAN_POINT('',(-3.55,3.3,4.6));
#6579=CARTESIAN_POINT('',(-3.55,3.3,4.2));
#6580=CARTESIAN_POINT('',(-3.55,3.7,4.2));
#6581=CARTESIAN_POINT('',(-3.55,3.7,4.6));
#6582=CARTESIAN_POINT('',(-3.55,3.7,-1.7));
#6583=CARTESIAN_POINT('',(-3.55,3.3,-1.7));
#6584=CARTESIAN_POINT('',(-3.55,3.7,4.6));
#6585=CARTESIAN_POINT('',(-1.75,-3.7,-1.65));
#6586=CARTESIAN_POINT('',(-1.75,-3.7,-2.16840434497101E-16));
#6587=CARTESIAN_POINT('',(-1.75,-3.7,-1.7));
#6588=CARTESIAN_POINT('',(-1.75,-3.3,-1.7));
#6589=CARTESIAN_POINT('',(-1.75,-3.3,-2.1));
#6590=CARTESIAN_POINT('',(-1.75,3.7,-2.1));
#6591=CARTESIAN_POINT('',(-1.75,3.3,-2.1));
#6592=CARTESIAN_POINT('',(-1.75,3.3,-1.7));
#6593=CARTESIAN_POINT('',(-1.75,3.7,-1.7));
#6594=CARTESIAN_POINT('',(-1.75,3.7,4.15));
#6595=CARTESIAN_POINT('',(-1.75,3.7,4.2));
#6596=CARTESIAN_POINT('',(-1.75,3.3,4.2));
#6597=CARTESIAN_POINT('',(-1.75,3.3,4.6));
#6598=CARTESIAN_POINT('',(-1.75,3.7,4.6));
#6599=CARTESIAN_POINT('',(-1.75,0.,4.6));
#6600=CARTESIAN_POINT('',(-1.75,0.,4.15));
#6601=CARTESIAN_POINT('',(-1.75,2.85,3.75));
#6602=CARTESIAN_POINT('',(-1.75,3.25,3.75));
#6603=CARTESIAN_POINT('',(-1.75,3.25,-2.1));
#6604=CARTESIAN_POINT('',(-1.75,3.25,-1.25));
#6605=CARTESIAN_POINT('',(-1.75,2.85,-1.25));
#6606=CARTESIAN_POINT('',(-1.75,2.85,-1.65));
#6607=CARTESIAN_POINT('',(-1.75,-3.7,-1.65));
#6608=CARTESIAN_POINT('',(-1.75,-2.85,-1.65));
#6609=CARTESIAN_POINT('',(-1.75,-2.85,-1.25));
#6610=CARTESIAN_POINT('',(-1.75,-3.25,-1.25));
#6611=CARTESIAN_POINT('',(-1.75,-3.25,-2.16840434497101E-16));
#6612=CARTESIAN_POINT('',(-1.75,-3.25,-2.16840434497101E-16));
#6613=CARTESIAN_POINT('',(-1.75,-3.7,-2.16840434497101E-16));
#6614=CARTESIAN_POINT('',(-1.75,3.7,4.15));
#6615=CARTESIAN_POINT('',(-3.55,3.3,4.6));
#6616=CARTESIAN_POINT('',(-1.75,0.,4.6));
#6617=CARTESIAN_POINT('',(-1.75,3.7,4.6));
#6618=CARTESIAN_POINT('',(-3.55,3.7,-1.7));
#6619=CARTESIAN_POINT('',(-1.75,3.7,4.2));
#6620=CARTESIAN_POINT('',(0.,3.7,0.));
#6621=CARTESIAN_POINT('',(0.,0.,0.));
#6622=CARTESIAN_POINT('',(-1.75,3.25,3.75));
#6623=CARTESIAN_POINT('',(-1.75,3.25,-1.25));
#6624=CARTESIAN_POINT('',(-1.75,3.25,-2.1));
#6625=CARTESIAN_POINT('',(-3.55,-3.3,-2.1));
#6626=CARTESIAN_POINT('',(-1.75,3.3,-2.1));
#6627=CARTESIAN_POINT('',(0.,0.,-2.1));
#6628=CARTESIAN_POINT('',(-3.55,2.85,-1.65));
#6629=CARTESIAN_POINT('',(-3.55,-2.85,-1.65));
#6630=CARTESIAN_POINT('',(-3.55,-3.7,-1.65));
#6631=CARTESIAN_POINT('',(-1.75,-3.7,-1.7));
#6632=CARTESIAN_POINT('',(-3.55,-3.7,-2.16840434497101E-16));
#6633=CARTESIAN_POINT('',(0.,-3.7,0.));
#6634=CARTESIAN_POINT('',(-1.75,-3.25,-1.25));
#6635=CARTESIAN_POINT('',(-1.75,-3.25,-2.16840434497101E-16));
#6636=CARTESIAN_POINT('',(-1.75,-3.25,-2.16840434497101E-16));
#6637=CARTESIAN_POINT('',(0.,0.,-2.16840434497101E-16));
#6638=CARTESIAN_POINT('',(-3.55,2.85,3.75));
#6639=CARTESIAN_POINT('',(-1.75,2.85,-1.25));
#6640=CARTESIAN_POINT('',(-1.75,-2.85,-1.25));
#6641=CARTESIAN_POINT('',(0.,-3.3,-1.7));
#6642=CARTESIAN_POINT('',(0.,3.3,-1.7));
#6643=CARTESIAN_POINT('',(-1.75,3.3,4.2));
#6644=CARTESIAN_POINT('',(3.55,-3.7,-1.65));
#6645=CARTESIAN_POINT('',(3.55,-2.85,-1.65));
#6646=CARTESIAN_POINT('',(3.55,2.85,-1.65));
#6647=CARTESIAN_POINT('',(1.75,2.85,-1.65));
#6648=CARTESIAN_POINT('',(1.75,2.85,-1.65));
#6649=CARTESIAN_POINT('',(1.75,-3.7,-1.65));
#6650=CARTESIAN_POINT('',(1.75,-2.85,-1.65));
#6651=CARTESIAN_POINT('',(3.55,-2.85,-1.65));
#6652=CARTESIAN_POINT('',(1.75,-3.7,-1.65));
#6653=CARTESIAN_POINT('',(3.55,3.25,-2.1));
#6654=CARTESIAN_POINT('',(3.55,3.25,-1.25));
#6655=CARTESIAN_POINT('',(3.55,3.25,-0.375));
#6656=CARTESIAN_POINT('',(1.75,3.25,-0.375));
#6657=CARTESIAN_POINT('',(1.75,3.25,-0.375));
#6658=CARTESIAN_POINT('',(1.75,3.25,-2.1));
#6659=CARTESIAN_POINT('',(1.75,3.25,-1.25));
#6660=CARTESIAN_POINT('',(3.55,3.25,-1.25));
#6661=CARTESIAN_POINT('',(1.75,3.25,-2.1));
#6662=CARTESIAN_POINT('',(3.55,-3.7,-1.65));
#6663=CARTESIAN_POINT('',(3.55,-3.7,-2.16840434497101E-16));
#6664=CARTESIAN_POINT('',(3.55,-3.7,-1.7));
#6665=CARTESIAN_POINT('',(3.55,-3.3,-1.7));
#6666=CARTESIAN_POINT('',(3.55,-3.3,-2.1));
#6667=CARTESIAN_POINT('',(3.55,3.25,-2.1));
#6668=CARTESIAN_POINT('',(3.55,3.3,-2.1));
#6669=CARTESIAN_POINT('',(3.55,3.3,-1.7));
#6670=CARTESIAN_POINT('',(3.55,3.7,-1.7));
#6671=CARTESIAN_POINT('',(3.55,3.7,0.475));
#6672=CARTESIAN_POINT('',(3.55,3.7,0.0750000000000004));
#6673=CARTESIAN_POINT('',(3.55,3.3,0.0750000000000004));
#6674=CARTESIAN_POINT('',(3.55,3.3,0.475));
#6675=CARTESIAN_POINT('',(3.55,3.7,0.475));
#6676=CARTESIAN_POINT('',(3.55,0.,0.475));
#6677=CARTESIAN_POINT('',(3.55,0.,0.475));
#6678=CARTESIAN_POINT('',(3.55,0.,0.0250000000000003));
#6679=CARTESIAN_POINT('',(3.55,3.7,0.0250000000000003));
#6680=CARTESIAN_POINT('',(3.55,2.85,0.0250000000000003));
#6681=CARTESIAN_POINT('',(3.55,2.85,-0.375));
#6682=CARTESIAN_POINT('',(3.55,2.85,-1.25));
#6683=CARTESIAN_POINT('',(3.55,-2.85,-1.25));
#6684=CARTESIAN_POINT('',(3.55,-3.25,-1.25));
#6685=CARTESIAN_POINT('',(3.55,-3.25,-2.16840434497101E-16));
#6686=CARTESIAN_POINT('',(3.55,-3.25,-2.16840434497101E-16));
#6687=CARTESIAN_POINT('',(3.55,-3.25,-2.16840434497101E-16));
#6688=CARTESIAN_POINT('',(3.55,3.7,0.475));
#6689=CARTESIAN_POINT('',(1.75,3.7,0.025));
#6690=CARTESIAN_POINT('',(1.75,2.85,0.025));
#6691=CARTESIAN_POINT('',(1.75,0.,0.025));
#6692=CARTESIAN_POINT('',(3.55,2.85,0.0250000000000003));
#6693=CARTESIAN_POINT('',(3.55,0.,0.0250000000000003));
#6694=CARTESIAN_POINT('',(3.55,3.7,0.0250000000000003));
#6695=CARTESIAN_POINT('',(1.75,3.7,-2.1));
#6696=CARTESIAN_POINT('',(1.75,3.3,-2.1));
#6697=CARTESIAN_POINT('',(1.75,-3.3,-2.1));
#6698=CARTESIAN_POINT('',(1.75,-3.3,-1.7));
#6699=CARTESIAN_POINT('',(1.75,-3.7,-1.7));
#6700=CARTESIAN_POINT('',(1.75,-3.7,-2.1));
#6701=CARTESIAN_POINT('',(1.75,-3.7,-2.16840434497101E-16));
#6702=CARTESIAN_POINT('',(1.75,-3.7,-2.16840434497101E-16));
#6703=CARTESIAN_POINT('',(1.75,-3.25,-2.16840434497101E-16));
#6704=CARTESIAN_POINT('',(1.75,-3.25,-2.16840434497101E-16));
#6705=CARTESIAN_POINT('',(1.75,-3.25,-1.25));
#6706=CARTESIAN_POINT('',(1.75,-2.85,-1.25));
#6707=CARTESIAN_POINT('',(1.75,2.85,-1.25));
#6708=CARTESIAN_POINT('',(1.75,2.85,-0.375));
#6709=CARTESIAN_POINT('',(1.75,0.,0.025));
#6710=CARTESIAN_POINT('',(1.75,0.,0.475));
#6711=CARTESIAN_POINT('',(1.75,3.7,0.475));
#6712=CARTESIAN_POINT('',(1.75,3.3,0.475));
#6713=CARTESIAN_POINT('',(1.75,3.3,0.075));
#6714=CARTESIAN_POINT('',(1.75,3.7,0.075));
#6715=CARTESIAN_POINT('',(1.75,3.7,0.025));
#6716=CARTESIAN_POINT('',(1.75,3.7,-1.7));
#6717=CARTESIAN_POINT('',(1.75,3.3,-1.7));
#6718=CARTESIAN_POINT('',(1.75,3.7,0.025));
#6719=CARTESIAN_POINT('',(1.75,3.3,0.475));
#6720=CARTESIAN_POINT('',(1.75,0.,0.475));
#6721=CARTESIAN_POINT('',(1.75,3.7,0.475));
#6722=CARTESIAN_POINT('',(3.55,3.7,0.0750000000000004));
#6723=CARTESIAN_POINT('',(1.75,3.7,-1.7));
#6724=CARTESIAN_POINT('',(0.,3.7,0.));
#6725=CARTESIAN_POINT('',(0.,0.,0.));
#6726=CARTESIAN_POINT('',(0.,-3.3,-2.1));
#6727=CARTESIAN_POINT('',(3.55,3.3,-2.1));
#6728=CARTESIAN_POINT('',(0.,0.,-2.1));
#6729=CARTESIAN_POINT('',(0.,-3.7,-1.7));
#6730=CARTESIAN_POINT('',(3.55,-3.7,-2.16840434497101E-16));
#6731=CARTESIAN_POINT('',(0.,-3.7,0.));
#6732=CARTESIAN_POINT('',(1.75,-3.25,-1.25));
#6733=CARTESIAN_POINT('',(1.75,-3.25,-2.16840434497101E-16));
#6734=CARTESIAN_POINT('',(1.75,-3.25,-2.16840434497101E-16));
#6735=CARTESIAN_POINT('',(0.,0.,-2.16840434497101E-16));
#6736=CARTESIAN_POINT('',(3.55,2.85,-0.375));
#6737=CARTESIAN_POINT('',(1.75,2.85,-1.25));
#6738=CARTESIAN_POINT('',(1.75,-2.85,-1.25));
#6739=CARTESIAN_POINT('',(0.,-3.3,-1.7));
#6740=CARTESIAN_POINT('',(-1.35525271560688E-17,3.3,0.0749999999999997));
#6741=CARTESIAN_POINT('',(0.,3.3,-1.7));
#6742=CARTESIAN_POINT('',(4.25,3.45,-1.6));
#6743=CARTESIAN_POINT('',(4.25,3.45,-1.6));
#6744=CARTESIAN_POINT('',(4.25000000000001,-3.45,-1.6));
#6745=CARTESIAN_POINT('',(3.25000000000001,-3.45,-1.6));
#6746=CARTESIAN_POINT('',(3.25000000000001,-4.45,-1.6));
#6747=CARTESIAN_POINT('',(3.25000000000001,-4.45,-1.6));
#6748=CARTESIAN_POINT('',(-3.25,-4.45,-1.6));
#6749=CARTESIAN_POINT('',(-3.25,-3.45,-1.6));
#6750=CARTESIAN_POINT('',(-4.25,-3.45,-1.6));
#6751=CARTESIAN_POINT('',(-4.25,-3.45,-1.6));
#6752=CARTESIAN_POINT('',(-4.25000000000001,3.45,-1.6));
#6753=CARTESIAN_POINT('',(-3.25000000000001,3.45,-1.6));
#6754=CARTESIAN_POINT('',(-3.25000000000001,4.45,-1.6));
#6755=CARTESIAN_POINT('',(-3.25000000000001,4.45,-1.6));
#6756=CARTESIAN_POINT('',(3.25,4.45,-1.6));
#6757=CARTESIAN_POINT('',(3.25,3.45,-1.6));
#6758=CARTESIAN_POINT('',(-3.55,-2.8,-1.6));
#6759=CARTESIAN_POINT('',(-3.55,-3.13998186164148,-1.6));
#6760=CARTESIAN_POINT('',(-3.88998186164148,-2.8,-1.6));
#6761=CARTESIAN_POINT('',(-1.65000025,-3.13998186164148,-1.6));
#6762=CARTESIAN_POINT('',(-1.73081882091419,-3.13998186164148,-1.6));
#6763=CARTESIAN_POINT('',(-1.48255300639124,-3.56999092378798,-1.6));
#6764=CARTESIAN_POINT('',(-1.44214372499451,-3.63998186164148,-1.6));
#6765=CARTESIAN_POINT('',(1.36132486540519,-3.63998186164148,-1.6));
#6766=CARTESIAN_POINT('',(1.44214343090556,-3.63998186164148,-1.6));
#6767=CARTESIAN_POINT('',(1.77122784825056,-3.06999093082074,-1.6));
#6768=CARTESIAN_POINT('',(1.73081856550038,-3.13998186164148,-1.6));
#6769=CARTESIAN_POINT('',(3.55,-3.13998186164148,-1.6));
#6770=CARTESIAN_POINT('',(3.55,-3.13998186164148,-1.6));
#6771=CARTESIAN_POINT('',(3.55,-2.8,-1.6));
#6772=CARTESIAN_POINT('',(3.88998186164147,-2.8,-1.6));
#6773=CARTESIAN_POINT('',(3.88998186164148,2.8,-1.6));
#6774=CARTESIAN_POINT('',(3.88998186164148,2.8,-1.6));
#6775=CARTESIAN_POINT('',(3.55,2.8,-1.6));
#6776=CARTESIAN_POINT('',(3.55,3.13998186164148,-1.6));
#6777=CARTESIAN_POINT('',(1.65,3.13998186164148,-1.6));
#6778=CARTESIAN_POINT('',(1.73081856550038,3.13998186164148,-1.6));
#6779=CARTESIAN_POINT('',(1.48255271365575,3.56999093082074,-1.6));
#6780=CARTESIAN_POINT('',(1.44214343090556,3.63998186164148,-1.6));
#6781=CARTESIAN_POINT('',(-1.36132515408032,3.63998186164148,-1.6));
#6782=CARTESIAN_POINT('',(-1.44214372499451,3.63998186164148,-1.6));
#6783=CARTESIAN_POINT('',(-1.77122810231092,3.06999092378798,-1.6));
#6784=CARTESIAN_POINT('',(-1.73081882091419,3.13998186164148,-1.6));
#6785=CARTESIAN_POINT('',(-3.55,3.13998186164148,-1.6));
#6786=CARTESIAN_POINT('',(-3.55,3.13998186164148,-1.6));
#6787=CARTESIAN_POINT('',(-3.55,2.8,-1.6));
#6788=CARTESIAN_POINT('',(-3.88998186164147,2.8,-1.6));
#6789=CARTESIAN_POINT('',(-3.88998186164148,-2.8,-1.6));
#6790=CARTESIAN_POINT('',(3.25000000000001,-3.45,-1.6));
#6791=CARTESIAN_POINT('',(4.25,3.45,5.6));
#6792=CARTESIAN_POINT('',(4.25,3.45,5.6));
#6793=CARTESIAN_POINT('',(4.25,3.45,5.6));
#6794=CARTESIAN_POINT('',(4.25000000000001,-3.45,5.6));
#6795=CARTESIAN_POINT('',(4.25000000000001,-3.45,5.6));
#6796=CARTESIAN_POINT('',(4.25,3.45,5.6));
#6797=CARTESIAN_POINT('',(3.25000000000001,-3.45,5.6));
#6798=CARTESIAN_POINT('',(3.25000000000001,-4.45,5.6));
#6799=CARTESIAN_POINT('',(3.25000000000001,-4.45,5.6));
#6800=CARTESIAN_POINT('',(3.25000000000001,-3.45,5.6));
#6801=CARTESIAN_POINT('',(3.25000000000001,-4.45,5.6));
#6802=CARTESIAN_POINT('',(-3.25,-4.45,5.6));
#6803=CARTESIAN_POINT('',(-3.25,-4.45,5.6));
#6804=CARTESIAN_POINT('',(3.25000000000001,-4.45,5.6));
#6805=CARTESIAN_POINT('',(-3.25,-3.45,5.6));
#6806=CARTESIAN_POINT('',(-4.25,-3.45,5.6));
#6807=CARTESIAN_POINT('',(-4.25,-3.45,5.6));
#6808=CARTESIAN_POINT('',(-3.25,-3.45,5.6));
#6809=CARTESIAN_POINT('',(-4.25,-3.45,5.6));
#6810=CARTESIAN_POINT('',(-4.25000000000001,3.45,5.6));
#6811=CARTESIAN_POINT('',(-4.25000000000001,3.45,5.6));
#6812=CARTESIAN_POINT('',(-4.25,-3.45,5.6));
#6813=CARTESIAN_POINT('',(-3.25000000000001,3.45,5.6));
#6814=CARTESIAN_POINT('',(-3.25000000000001,4.45,5.6));
#6815=CARTESIAN_POINT('',(-3.25000000000001,4.45,5.6));
#6816=CARTESIAN_POINT('',(-3.25000000000001,3.45,5.6));
#6817=CARTESIAN_POINT('',(-3.25000000000001,4.45,5.6));
#6818=CARTESIAN_POINT('',(3.25,4.45,5.6));
#6819=CARTESIAN_POINT('',(3.25,4.45,5.6));
#6820=CARTESIAN_POINT('',(-3.25000000000001,4.45,5.6));
#6821=CARTESIAN_POINT('',(3.25,3.45,5.6));
#6822=CARTESIAN_POINT('',(3.25,3.45,5.6));
#6823=CARTESIAN_POINT('',(3.25000000000001,-3.45,5.6));
#6824=CARTESIAN_POINT('',(-1.65000025,-3.,0.));
#6825=CARTESIAN_POINT('',(-3.55,-3.,0.));
#6826=CARTESIAN_POINT('',(-1.65000025,-3.,0.));
#6827=CARTESIAN_POINT('',(-1.65145843261598,-3.00252564620842,-0.0288682682604602));
#6828=CARTESIAN_POINT('',(-3.55,-3.,7.0601149302988E-18));
#6829=CARTESIAN_POINT('',(-1.65000025,-3.,0.));
#6830=CARTESIAN_POINT('',(-3.55,-2.8,0.));
#6831=CARTESIAN_POINT('',(-3.75,-2.8,0.));
#6832=CARTESIAN_POINT('',(-3.75,-2.8,3.73679222688382E-17));
#6833=CARTESIAN_POINT('',(-3.55,-2.8,0.));
#6834=CARTESIAN_POINT('',(-3.75,-2.8,0.));
#6835=CARTESIAN_POINT('',(-3.75,2.8,0.));
#6836=CARTESIAN_POINT('',(-3.75,2.8,-6.8247777659555E-17));
#6837=CARTESIAN_POINT('',(-3.75,-2.8,0.));
#6838=CARTESIAN_POINT('',(-3.55,2.8,0.));
#6839=CARTESIAN_POINT('',(-3.55,3.,0.));
#6840=CARTESIAN_POINT('',(-3.55,3.,3.73679222688381E-17));
#6841=CARTESIAN_POINT('',(-3.55,2.8,0.));
#6842=CARTESIAN_POINT('',(-3.55,3.,0.));
#6843=CARTESIAN_POINT('',(-1.65000025,3.,0.));
#6844=CARTESIAN_POINT('',(-1.65479897764676,3.0083116395391,-0.0950024746535781));
#6845=CARTESIAN_POINT('',(-3.55,3.,0.));
#6846=CARTESIAN_POINT('',(-1.65000025,3.,0.));
#6847=CARTESIAN_POINT('',(-1.36132515408032,3.5,0.));
#6848=CARTESIAN_POINT('',(-1.36132515408032,3.5,-9.42557892262626E-18));
#6849=CARTESIAN_POINT('',(-1.65000025,3.,0.));
#6850=CARTESIAN_POINT('',(-1.36132515408032,3.5,0.));
#6851=CARTESIAN_POINT('',(1.36132486540519,3.5,0.));
#6852=CARTESIAN_POINT('',(1.36132486540519,3.5,0.));
#6853=CARTESIAN_POINT('',(-1.36132515408032,3.5,0.));
#6854=CARTESIAN_POINT('',(1.36132486540519,3.5,0.));
#6855=CARTESIAN_POINT('',(1.65,3.,0.));
#6856=CARTESIAN_POINT('',(1.65145818246996,3.00252564612468,-0.0288682673033248));
#6857=CARTESIAN_POINT('',(1.36132486540519,3.5,0.));
#6858=CARTESIAN_POINT('',(1.65,3.,0.));
#6859=CARTESIAN_POINT('',(3.55,3.,0.));
#6860=CARTESIAN_POINT('',(3.55,3.,7.0601149302988E-18));
#6861=CARTESIAN_POINT('',(1.65,3.,0.));
#6862=CARTESIAN_POINT('',(3.55,2.8,0.));
#6863=CARTESIAN_POINT('',(3.75,2.8,0.));
#6864=CARTESIAN_POINT('',(3.75,2.8,3.73679222688383E-17));
#6865=CARTESIAN_POINT('',(3.55,2.8,0.));
#6866=CARTESIAN_POINT('',(3.75,2.8,0.));
#6867=CARTESIAN_POINT('',(3.75,-2.8,0.));
#6868=CARTESIAN_POINT('',(3.75,-2.8,-6.8247777659555E-17));
#6869=CARTESIAN_POINT('',(3.75,2.8,0.));
#6870=CARTESIAN_POINT('',(3.55,-2.8,0.));
#6871=CARTESIAN_POINT('',(3.55,-3.,0.));
#6872=CARTESIAN_POINT('',(3.55,-3.,3.73679222688381E-17));
#6873=CARTESIAN_POINT('',(3.55,-2.8,0.));
#6874=CARTESIAN_POINT('',(3.55,-3.,0.));
#6875=CARTESIAN_POINT('',(1.65,-3.,0.));
#6876=CARTESIAN_POINT('',(1.65479872763689,-3.00831164007877,-0.0950024808220917));
#6877=CARTESIAN_POINT('',(3.55,-3.,0.));
#6878=CARTESIAN_POINT('',(1.65,-3.,0.));
#6879=CARTESIAN_POINT('',(1.36132486540519,-3.5,0.));
#6880=CARTESIAN_POINT('',(1.36132486540519,-3.5,0.));
#6881=CARTESIAN_POINT('',(1.65,-3.,0.));
#6882=CARTESIAN_POINT('',(1.36132486540519,-3.5,0.));
#6883=CARTESIAN_POINT('',(-1.36132515408032,-3.5,0.));
#6884=CARTESIAN_POINT('',(-1.36132515408032,-3.5,0.));
#6885=CARTESIAN_POINT('',(1.36132486540519,-3.5,0.));
#6886=CARTESIAN_POINT('',(-1.36132515408032,-3.5,0.));
#6887=CARTESIAN_POINT('',(-1.36132515408032,-3.5,0.));
#6888=CARTESIAN_POINT('',(0.,0.,0.));
#6889=CARTESIAN_POINT('',(1.75,2.14313189850787E-16,0.));
#6890=CARTESIAN_POINT('',(-3.55,-2.8,0.));
#6891=CARTESIAN_POINT('',(0.,0.,5.));
#6892=CARTESIAN_POINT('',(1.75,2.14313189850787E-16,5.));
#6893=CARTESIAN_POINT('',(0.,0.,5.));
#6894=CARTESIAN_POINT('',(0.,0.,5.));
#6895=CARTESIAN_POINT('',(-2.75,0.849999999999999,5.6));
#6896=CARTESIAN_POINT('',(-2.75,0.283333333333333,5.6));
#6897=CARTESIAN_POINT('',(-2.75,-0.283333333333334,5.6));
#6898=CARTESIAN_POINT('',(-2.75,-0.850000000000001,5.6));
#6899=CARTESIAN_POINT('',(-2.75,0.849999999999999,5.6));
#6900=CARTESIAN_POINT('',(-2.75,-0.850000000000001,5.6));
#6901=CARTESIAN_POINT('',(-2.75,-0.850000000000001,5.61));
#6902=CARTESIAN_POINT('',(-2.75,-0.850000000000001,5.61));
#6903=CARTESIAN_POINT('',(-2.75,0.849999999999999,5.61));
#6904=CARTESIAN_POINT('',(-2.75,0.283333333333333,5.61));
#6905=CARTESIAN_POINT('',(-2.75,-0.283333333333334,5.61));
#6906=CARTESIAN_POINT('',(-2.75,-0.850000000000001,5.61));
#6907=CARTESIAN_POINT('',(-2.75,0.849999999999999,5.61));
#6908=CARTESIAN_POINT('',(-2.75,0.849999999999999,5.61));
#6909=CARTESIAN_POINT('',(-2.75,0.849999999999999,5.61));
#6910=CARTESIAN_POINT('',(-2.75,-0.850000000000001,5.6));
#6911=CARTESIAN_POINT('',(-2.70095516360192,-0.850000000000001,5.6));
#6912=CARTESIAN_POINT('',(-2.65191032720385,-0.850000000000001,5.6));
#6913=CARTESIAN_POINT('',(-2.60286549080577,-0.850000000000001,5.6));
#6914=CARTESIAN_POINT('',(-2.60286549080577,-0.850000000000001,5.6));
#6915=CARTESIAN_POINT('',(-2.60286549080577,-0.850000000000001,5.61));
#6916=CARTESIAN_POINT('',(-2.60286549080577,-0.850000000000001,5.61));
#6917=CARTESIAN_POINT('',(-2.75,-0.850000000000001,5.61));
#6918=CARTESIAN_POINT('',(-2.70095516360192,-0.850000000000001,5.61));
#6919=CARTESIAN_POINT('',(-2.65191032720385,-0.850000000000001,5.61));
#6920=CARTESIAN_POINT('',(-2.60286549080577,-0.850000000000001,5.61));
#6921=CARTESIAN_POINT('',(-2.75,-0.850000000000001,5.61));
#6922=CARTESIAN_POINT('',(-2.60286549080577,-0.850000000000001,5.6));
#6923=CARTESIAN_POINT('',(-2.60286549080577,-0.36755777266138,5.6));
#6924=CARTESIAN_POINT('',(-2.60286549080577,0.11488445467724,5.6));
#6925=CARTESIAN_POINT('',(-2.60286549080577,0.59732668201586,5.6));
#6926=CARTESIAN_POINT('',(-2.60286549080577,0.59732668201586,5.6));
#6927=CARTESIAN_POINT('',(-2.60286549080577,0.59732668201586,5.61));
#6928=CARTESIAN_POINT('',(-2.60286549080577,0.59732668201586,5.61));
#6929=CARTESIAN_POINT('',(-2.60286549080577,-0.850000000000001,5.61));
#6930=CARTESIAN_POINT('',(-2.60286549080577,-0.36755777266138,5.61));
#6931=CARTESIAN_POINT('',(-2.60286549080577,0.11488445467724,5.61));
#6932=CARTESIAN_POINT('',(-2.60286549080577,0.59732668201586,5.61));
#6933=CARTESIAN_POINT('',(-2.60286549080577,-0.850000000000001,5.61));
#6934=CARTESIAN_POINT('',(-2.60286549080577,0.59732668201586,5.6));
#6935=CARTESIAN_POINT('',(-2.49170374738648,0.11488445467724,5.6));
#6936=CARTESIAN_POINT('',(-2.38054200396719,-0.36755777266138,5.6));
#6937=CARTESIAN_POINT('',(-2.2693802605479,-0.85,5.6));
#6938=CARTESIAN_POINT('',(-2.2693802605479,-0.85,5.6));
#6939=CARTESIAN_POINT('',(-2.2693802605479,-0.85,5.61));
#6940=CARTESIAN_POINT('',(-2.2693802605479,-0.85,5.61));
#6941=CARTESIAN_POINT('',(-2.60286549080577,0.59732668201586,5.61));
#6942=CARTESIAN_POINT('',(-2.49170374738648,0.11488445467724,5.61));
#6943=CARTESIAN_POINT('',(-2.38054200396719,-0.36755777266138,5.61));
#6944=CARTESIAN_POINT('',(-2.2693802605479,-0.85,5.61));
#6945=CARTESIAN_POINT('',(-2.60286549080577,0.59732668201586,5.61));
#6946=CARTESIAN_POINT('',(-2.2693802605479,-0.85,5.6));
#6947=CARTESIAN_POINT('',(-2.22357887024428,-0.85,5.6));
#6948=CARTESIAN_POINT('',(-2.17777747994067,-0.85,5.6));
#6949=CARTESIAN_POINT('',(-2.13197608963705,-0.85,5.6));
#6950=CARTESIAN_POINT('',(-2.13197608963705,-0.85,5.6));
#6951=CARTESIAN_POINT('',(-2.13197608963705,-0.85,5.61));
#6952=CARTESIAN_POINT('',(-2.13197608963705,-0.85,5.61));
#6953=CARTESIAN_POINT('',(-2.2693802605479,-0.85,5.61));
#6954=CARTESIAN_POINT('',(-2.22357887024428,-0.85,5.61));
#6955=CARTESIAN_POINT('',(-2.17777747994067,-0.85,5.61));
#6956=CARTESIAN_POINT('',(-2.13197608963705,-0.85,5.61));
#6957=CARTESIAN_POINT('',(-2.2693802605479,-0.85,5.61));
#6958=CARTESIAN_POINT('',(-2.13197608963705,-0.85,5.6));
#6959=CARTESIAN_POINT('',(-2.02032291499133,-0.375675790909867,5.6));
#6960=CARTESIAN_POINT('',(-1.90866974034561,0.0986484181802673,5.6));
#6961=CARTESIAN_POINT('',(-1.79701656569989,0.572972627270401,5.6));
#6962=CARTESIAN_POINT('',(-1.79701656569989,0.572972627270401,5.6));
#6963=CARTESIAN_POINT('',(-1.79701656569989,0.572972627270401,5.61));
#6964=CARTESIAN_POINT('',(-1.79701656569989,0.572972627270401,5.61));
#6965=CARTESIAN_POINT('',(-2.13197608963705,-0.85,5.61));
#6966=CARTESIAN_POINT('',(-2.02032291499133,-0.375675790909867,5.61));
#6967=CARTESIAN_POINT('',(-1.90866974034561,0.0986484181802673,5.61));
#6968=CARTESIAN_POINT('',(-1.79701656569989,0.572972627270401,5.61));
#6969=CARTESIAN_POINT('',(-2.13197608963705,-0.85,5.61));
#6970=CARTESIAN_POINT('',(-1.79701656569989,0.572972627270401,5.6));
#6971=CARTESIAN_POINT('',(-1.79701656569989,0.0986484181802674,5.6));
#6972=CARTESIAN_POINT('',(-1.79701656569989,-0.375675790909866,5.6));
#6973=CARTESIAN_POINT('',(-1.79701656569989,-0.85,5.6));
#6974=CARTESIAN_POINT('',(-1.79701656569989,-0.85,5.6));
#6975=CARTESIAN_POINT('',(-1.79701656569989,-0.85,5.61));
#6976=CARTESIAN_POINT('',(-1.79701656569989,-0.85,5.61));
#6977=CARTESIAN_POINT('',(-1.79701656569989,0.572972627270401,5.61));
#6978=CARTESIAN_POINT('',(-1.79701656569989,0.0986484181802674,5.61));
#6979=CARTESIAN_POINT('',(-1.79701656569989,-0.375675790909866,5.61));
#6980=CARTESIAN_POINT('',(-1.79701656569989,-0.85,5.61));
#6981=CARTESIAN_POINT('',(-1.79701656569989,0.572972627270401,5.61));
#6982=CARTESIAN_POINT('',(-1.79701656569989,-0.85,5.6));
#6983=CARTESIAN_POINT('',(-1.74797172930181,-0.85,5.6));
#6984=CARTESIAN_POINT('',(-1.69892689290373,-0.85,5.6));
#6985=CARTESIAN_POINT('',(-1.64988205650566,-0.85,5.6));
#6986=CARTESIAN_POINT('',(-1.64988205650566,-0.85,5.6));
#6987=CARTESIAN_POINT('',(-1.64988205650566,-0.85,5.61));
#6988=CARTESIAN_POINT('',(-1.64988205650566,-0.85,5.61));
#6989=CARTESIAN_POINT('',(-1.79701656569989,-0.85,5.61));
#6990=CARTESIAN_POINT('',(-1.74797172930181,-0.85,5.61));
#6991=CARTESIAN_POINT('',(-1.69892689290373,-0.85,5.61));
#6992=CARTESIAN_POINT('',(-1.64988205650566,-0.85,5.61));
#6993=CARTESIAN_POINT('',(-1.79701656569989,-0.85,5.61));
#6994=CARTESIAN_POINT('',(-1.64988205650566,-0.85,5.6));
#6995=CARTESIAN_POINT('',(-1.64988205650566,-0.283333333333334,5.6));
#6996=CARTESIAN_POINT('',(-1.64988205650566,0.283333333333333,5.6));
#6997=CARTESIAN_POINT('',(-1.64988205650566,0.85,5.6));
#6998=CARTESIAN_POINT('',(-1.64988205650566,0.85,5.6));
#6999=CARTESIAN_POINT('',(-1.64988205650566,0.85,5.61));
#7000=CARTESIAN_POINT('',(-1.64988205650566,0.85,5.61));
#7001=CARTESIAN_POINT('',(-1.64988205650566,-0.85,5.61));
#7002=CARTESIAN_POINT('',(-1.64988205650566,-0.283333333333334,5.61));
#7003=CARTESIAN_POINT('',(-1.64988205650566,0.283333333333333,5.61));
#7004=CARTESIAN_POINT('',(-1.64988205650566,0.85,5.61));
#7005=CARTESIAN_POINT('',(-1.64988205650566,-0.85,5.61));
#7006=CARTESIAN_POINT('',(-1.64988205650566,0.85,5.6));
#7007=CARTESIAN_POINT('',(-1.71828928322522,0.85,5.6));
#7008=CARTESIAN_POINT('',(-1.78669650994478,0.85,5.6));
#7009=CARTESIAN_POINT('',(-1.85510373666434,0.85,5.6));
#7010=CARTESIAN_POINT('',(-1.85510373666434,0.85,5.6));
#7011=CARTESIAN_POINT('',(-1.85510373666434,0.85,5.61));
#7012=CARTESIAN_POINT('',(-1.85510373666434,0.85,5.61));
#7013=CARTESIAN_POINT('',(-1.64988205650566,0.85,5.61));
#7014=CARTESIAN_POINT('',(-1.71828928322522,0.85,5.61));
#7015=CARTESIAN_POINT('',(-1.78669650994478,0.85,5.61));
#7016=CARTESIAN_POINT('',(-1.85510373666434,0.85,5.61));
#7017=CARTESIAN_POINT('',(-1.64988205650566,0.85,5.61));
#7018=CARTESIAN_POINT('',(-1.85510373666434,0.85,5.6));
#7019=CARTESIAN_POINT('',(-1.94709966225272,0.455696256502089,5.6));
#7020=CARTESIAN_POINT('',(-2.0390955878411,0.061392513004178,5.6));
#7021=CARTESIAN_POINT('',(-2.13109151342947,-0.332911230493733,5.6));
#7022=CARTESIAN_POINT('',(-2.13109151342947,-0.332911230493733,5.6));
#7023=CARTESIAN_POINT('',(-2.13109151342947,-0.332911230493733,5.61));
#7024=CARTESIAN_POINT('',(-2.13109151342947,-0.332911230493733,5.61));
#7025=CARTESIAN_POINT('',(-1.85510373666434,0.85,5.61));
#7026=CARTESIAN_POINT('',(-1.94709966225272,0.455696256502089,5.61));
#7027=CARTESIAN_POINT('',(-2.0390955878411,0.061392513004178,5.61));
#7028=CARTESIAN_POINT('',(-2.13109151342947,-0.332911230493733,5.61));
#7029=CARTESIAN_POINT('',(-1.85510373666434,0.85,5.61));
#7030=CARTESIAN_POINT('',(-2.13109151342947,-0.332911230493733,5.6));
#7031=CARTESIAN_POINT('',(-2.15880823460033,-0.452507035047327,5.6));
#7032=CARTESIAN_POINT('',(-2.17944834611054,-0.543399846508059,5.6));
#7033=CARTESIAN_POINT('',(-2.19242213048839,-0.605154771041187,5.6));
#7034=CARTESIAN_POINT('',(-2.19242213048839,-0.605154771041187,5.6));
#7035=CARTESIAN_POINT('',(-2.19242213048839,-0.605154771041187,5.61));
#7036=CARTESIAN_POINT('',(-2.19242213048839,-0.605154771041187,5.61));
#7037=CARTESIAN_POINT('',(-2.13109151342947,-0.332911230493733,5.61));
#7038=CARTESIAN_POINT('',(-2.15880823460033,-0.452507035047327,5.61));
#7039=CARTESIAN_POINT('',(-2.17944834611054,-0.543399846508059,5.61));
#7040=CARTESIAN_POINT('',(-2.19242213048839,-0.605154771041187,5.61));
#7041=CARTESIAN_POINT('',(-2.13109151342947,-0.332911230493733,5.61));
#7042=CARTESIAN_POINT('',(-2.15880823460033,-0.452507035047327,5.61));
#7043=CARTESIAN_POINT('',(-2.17944834611054,-0.543399846508059,5.61));
#7044=CARTESIAN_POINT('',(-2.19242213048839,-0.605154771041187,5.61));
#7045=CARTESIAN_POINT('',(-2.19242213048839,-0.605154771041187,5.6));
#7046=CARTESIAN_POINT('',(-2.20392162118694,-0.549488360194424,5.6));
#7047=CARTESIAN_POINT('',(-2.22220286281027,-0.465988743924278,5.6));
#7048=CARTESIAN_POINT('',(-2.33825731415569,0.0475252807193224,5.6));
#7049=CARTESIAN_POINT('',(-2.42939026787469,0.448737955146243,5.6));
#7050=CARTESIAN_POINT('',(-2.52030504476492,0.85,5.6));
#7051=CARTESIAN_POINT('',(-2.52030504476492,0.85,5.6));
#7052=CARTESIAN_POINT('',(-2.52030504476492,0.85,5.61));
#7053=CARTESIAN_POINT('',(-2.52030504476492,0.85,5.61));
#7054=CARTESIAN_POINT('',(-2.19242213048839,-0.605154771041187,5.61));
#7055=CARTESIAN_POINT('',(-2.20392162118694,-0.549488360194424,5.61));
#7056=CARTESIAN_POINT('',(-2.22220286281027,-0.465988743924278,5.61));
#7057=CARTESIAN_POINT('',(-2.33825731415569,0.0475252807193224,5.61));
#7058=CARTESIAN_POINT('',(-2.42939026787469,0.448737955146243,5.61));
#7059=CARTESIAN_POINT('',(-2.52030504476492,0.85,5.61));
#7060=CARTESIAN_POINT('',(-2.19242213048839,-0.605154771041187,5.61));
#7061=CARTESIAN_POINT('',(-2.20392162118694,-0.549488360194424,5.61));
#7062=CARTESIAN_POINT('',(-2.22220286281027,-0.465988743924278,5.61));
#7063=CARTESIAN_POINT('',(-2.33825731415569,0.0475252807193224,5.61));
#7064=CARTESIAN_POINT('',(-2.42939026787469,0.448737955146243,5.61));
#7065=CARTESIAN_POINT('',(-2.52030504476492,0.85,5.61));
#7066=CARTESIAN_POINT('',(-2.52030504476492,0.85,5.6));
#7067=CARTESIAN_POINT('',(-2.59687002984328,0.849999999999999,5.6));
#7068=CARTESIAN_POINT('',(-2.67343501492164,0.849999999999999,5.6));
#7069=CARTESIAN_POINT('',(-2.75,0.849999999999999,5.6));
#7070=CARTESIAN_POINT('',(-2.52030504476492,0.85,5.61));
#7071=CARTESIAN_POINT('',(-2.59687002984328,0.849999999999999,5.61));
#7072=CARTESIAN_POINT('',(-2.67343501492164,0.849999999999999,5.61));
#7073=CARTESIAN_POINT('',(-2.75,0.849999999999999,5.61));
#7074=CARTESIAN_POINT('',(-2.52030504476492,0.85,5.61));
#7075=CARTESIAN_POINT('',(-2.16728542325631,-0.490723330775135,5.61));
#7076=CARTESIAN_POINT('',(-2.16728542325631,-0.490723330775135,5.6));
#7077=CARTESIAN_POINT('',(-1.12002090816491,-0.310731644921975,5.6));
#7078=CARTESIAN_POINT('',(-1.01741006808556,-0.288986953184958,5.6));
#7079=CARTESIAN_POINT('',(-0.940157079290193,-0.262893323100537,5.6));
#7080=CARTESIAN_POINT('',(-0.888851659250521,-0.232015860833973,5.6));
#7081=CARTESIAN_POINT('',(-1.12002090816491,-0.310731644921975,5.6));
#7082=CARTESIAN_POINT('',(-0.888851659250521,-0.232015860833973,5.6));
#7083=CARTESIAN_POINT('',(-0.888851659250521,-0.232015860833973,5.61));
#7084=CARTESIAN_POINT('',(-0.888851659250521,-0.232015860833973,5.61));
#7085=CARTESIAN_POINT('',(-1.12002090816491,-0.310731644921975,5.61));
#7086=CARTESIAN_POINT('',(-1.01741006808556,-0.288986953184958,5.61));
#7087=CARTESIAN_POINT('',(-0.940157079290193,-0.262893323100537,5.61));
#7088=CARTESIAN_POINT('',(-0.888851659250521,-0.232015860833973,5.61));
#7089=CARTESIAN_POINT('',(-1.12002090816491,-0.310731644921975,5.61));
#7090=CARTESIAN_POINT('',(-1.12002090816491,-0.310731644921975,5.61));
#7091=CARTESIAN_POINT('',(-1.12002090816491,-0.310731644921975,5.61));
#7092=CARTESIAN_POINT('',(-1.01741006808556,-0.288986953184958,5.61));
#7093=CARTESIAN_POINT('',(-0.940157079290193,-0.262893323100537,5.61));
#7094=CARTESIAN_POINT('',(-0.888851659250521,-0.232015860833973,5.61));
#7095=CARTESIAN_POINT('',(-0.888851659250521,-0.232015860833973,5.6));
#7096=CARTESIAN_POINT('',(-0.888851659250521,-0.257529632472073,5.6));
#7097=CARTESIAN_POINT('',(-0.888851659250521,-0.283043404110173,5.6));
#7098=CARTESIAN_POINT('',(-0.888851659250521,-0.400319774878486,5.6));
#7099=CARTESIAN_POINT('',(-0.896517986382886,-0.469902788436941,5.6));
#7100=CARTESIAN_POINT('',(-0.911555781911756,-0.517306216423638,5.6));
#7101=CARTESIAN_POINT('',(-0.911555781911756,-0.517306216423638,5.6));
#7102=CARTESIAN_POINT('',(-0.911555781911756,-0.517306216423638,5.61));
#7103=CARTESIAN_POINT('',(-0.911555781911756,-0.517306216423638,5.61));
#7104=CARTESIAN_POINT('',(-0.888851659250521,-0.232015860833973,5.61));
#7105=CARTESIAN_POINT('',(-0.888851659250521,-0.257529632472073,5.61));
#7106=CARTESIAN_POINT('',(-0.888851659250521,-0.283043404110173,5.61));
#7107=CARTESIAN_POINT('',(-0.888851659250521,-0.400319774878486,5.61));
#7108=CARTESIAN_POINT('',(-0.896517986382886,-0.469902788436941,5.61));
#7109=CARTESIAN_POINT('',(-0.911555781911756,-0.517306216423638,5.61));
#7110=CARTESIAN_POINT('',(-0.888851659250521,-0.232015860833973,5.61));
#7111=CARTESIAN_POINT('',(-0.888851659250521,-0.257529632472073,5.61));
#7112=CARTESIAN_POINT('',(-0.888851659250521,-0.283043404110173,5.61));
#7113=CARTESIAN_POINT('',(-0.888851659250521,-0.400319774878486,5.61));
#7114=CARTESIAN_POINT('',(-0.896517986382886,-0.469902788436941,5.61));
#7115=CARTESIAN_POINT('',(-0.911555781911756,-0.517306216423638,5.61));
#7116=CARTESIAN_POINT('',(-0.911555781911756,-0.517306216423638,5.6));
#7117=CARTESIAN_POINT('',(-0.931606175950248,-0.578191353287286,5.6));
#7118=CARTESIAN_POINT('',(-0.962861201951427,-0.626464568943464,5.6));
#7119=CARTESIAN_POINT('',(-1.04778051787916,-0.6969173701714,5.6));
#7120=CARTESIAN_POINT('',(-1.09613735056023,-0.714313123561013,5.6));
#7121=CARTESIAN_POINT('',(-1.20582480030022,-0.714313123561013,5.6));
#7122=CARTESIAN_POINT('',(-1.2473998820565,-0.696047582501919,5.6));
#7123=CARTESIAN_POINT('',(-1.27600117943494,-0.65864671271425,5.6));
#7124=CARTESIAN_POINT('',(-1.27600117943494,-0.65864671271425,5.6));
#7125=CARTESIAN_POINT('',(-1.27600117943494,-0.65864671271425,5.61));
#7126=CARTESIAN_POINT('',(-1.27600117943494,-0.65864671271425,5.61));
#7127=CARTESIAN_POINT('',(-0.911555781911756,-0.517306216423638,5.61));
#7128=CARTESIAN_POINT('',(-0.931606175950248,-0.578191353287286,5.61));
#7129=CARTESIAN_POINT('',(-0.962861201951427,-0.626464568943464,5.61));
#7130=CARTESIAN_POINT('',(-1.04778051787916,-0.6969173701714,5.61));
#7131=CARTESIAN_POINT('',(-1.09613735056023,-0.714313123561013,5.61));
#7132=CARTESIAN_POINT('',(-1.20582480030022,-0.714313123561013,5.61));
#7133=CARTESIAN_POINT('',(-1.2473998820565,-0.696047582501919,5.61));
#7134=CARTESIAN_POINT('',(-1.27600117943494,-0.65864671271425,5.61));
#7135=CARTESIAN_POINT('',(-0.911555781911756,-0.517306216423638,5.61));
#7136=CARTESIAN_POINT('',(-0.931606175950248,-0.578191353287286,5.61));
#7137=CARTESIAN_POINT('',(-0.962861201951427,-0.626464568943464,5.61));
#7138=CARTESIAN_POINT('',(-1.04778051787916,-0.6969173701714,5.61));
#7139=CARTESIAN_POINT('',(-1.09613735056023,-0.714313123561013,5.61));
#7140=CARTESIAN_POINT('',(-1.20582480030022,-0.714313123561013,5.61));
#7141=CARTESIAN_POINT('',(-1.2473998820565,-0.696047582501919,5.61));
#7142=CARTESIAN_POINT('',(-1.27600117943494,-0.65864671271425,5.61));
#7143=CARTESIAN_POINT('',(-1.27600117943494,-0.65864671271425,5.6));
#7144=CARTESIAN_POINT('',(-1.30460247681338,-0.62168073676132,5.6));
#7145=CARTESIAN_POINT('',(-1.31905055487053,-0.575147096444104,5.6));
#7146=CARTESIAN_POINT('',(-1.31905055487053,-0.483384497313891,5.6));
#7147=CARTESIAN_POINT('',(-1.31226880394574,-0.450332565873625,5.6));
#7148=CARTESIAN_POINT('',(-1.2992950195679,-0.420324891276542,5.6));
#7149=CARTESIAN_POINT('',(-1.2992950195679,-0.420324891276542,5.6));
#7150=CARTESIAN_POINT('',(-1.2992950195679,-0.420324891276542,5.61));
#7151=CARTESIAN_POINT('',(-1.2992950195679,-0.420324891276542,5.61));
#7152=CARTESIAN_POINT('',(-1.27600117943494,-0.65864671271425,5.61));
#7153=CARTESIAN_POINT('',(-1.30460247681338,-0.62168073676132,5.61));
#7154=CARTESIAN_POINT('',(-1.31905055487053,-0.575147096444104,5.61));
#7155=CARTESIAN_POINT('',(-1.31905055487053,-0.483384497313891,5.61));
#7156=CARTESIAN_POINT('',(-1.31226880394574,-0.450332565873625,5.61));
#7157=CARTESIAN_POINT('',(-1.2992950195679,-0.420324891276542,5.61));
#7158=CARTESIAN_POINT('',(-1.27600117943494,-0.65864671271425,5.61));
#7159=CARTESIAN_POINT('',(-1.30460247681338,-0.62168073676132,5.61));
#7160=CARTESIAN_POINT('',(-1.31905055487053,-0.575147096444104,5.61));
#7161=CARTESIAN_POINT('',(-1.31905055487053,-0.483384497313891,5.61));
#7162=CARTESIAN_POINT('',(-1.31226880394574,-0.450332565873625,5.61));
#7163=CARTESIAN_POINT('',(-1.2992950195679,-0.420324891276542,5.61));
#7164=CARTESIAN_POINT('',(-1.2992950195679,-0.420324891276542,5.6));
#7165=CARTESIAN_POINT('',(-1.28632123519005,-0.390752110514198,5.6));
#7166=CARTESIAN_POINT('',(-1.267450276095,-0.3681376311077,5.6));
#7167=CARTESIAN_POINT('',(-1.24356671849032,-0.352481453057048,5.6));
#7168=CARTESIAN_POINT('',(-1.24356671849032,-0.352481453057048,5.6));
#7169=CARTESIAN_POINT('',(-1.24356671849032,-0.352481453057048,5.61));
#7170=CARTESIAN_POINT('',(-1.24356671849032,-0.352481453057048,5.61));
#7171=CARTESIAN_POINT('',(-1.2992950195679,-0.420324891276542,5.61));
#7172=CARTESIAN_POINT('',(-1.28632123519005,-0.390752110514198,5.61));
#7173=CARTESIAN_POINT('',(-1.267450276095,-0.3681376311077,5.61));
#7174=CARTESIAN_POINT('',(-1.24356671849032,-0.352481453057048,5.61));
#7175=CARTESIAN_POINT('',(-1.2992950195679,-0.420324891276542,5.61));
#7176=CARTESIAN_POINT('',(-1.28632123519005,-0.390752110514198,5.61));
#7177=CARTESIAN_POINT('',(-1.267450276095,-0.3681376311077,5.61));
#7178=CARTESIAN_POINT('',(-1.24356671849032,-0.352481453057048,5.61));
#7179=CARTESIAN_POINT('',(-1.02831984131239,-0.83738807879253,5.6));
#7180=CARTESIAN_POINT('',(-0.979963008631318,-0.810424661038629,5.6));
#7181=CARTESIAN_POINT('',(-0.929542164799227,-0.763891020721412,5.6));
#7182=CARTESIAN_POINT('',(-0.877057309816114,-0.698222051675621,5.6));
#7183=CARTESIAN_POINT('',(-1.02831984131239,-0.83738807879253,5.6));
#7184=CARTESIAN_POINT('',(-0.877057309816114,-0.698222051675621,5.6));
#7185=CARTESIAN_POINT('',(-0.877057309816114,-0.698222051675621,5.61));
#7186=CARTESIAN_POINT('',(-0.877057309816114,-0.698222051675621,5.61));
#7187=CARTESIAN_POINT('',(-1.02831984131239,-0.83738807879253,5.61));
#7188=CARTESIAN_POINT('',(-0.979963008631318,-0.810424661038629,5.61));
#7189=CARTESIAN_POINT('',(-0.929542164799227,-0.763891020721412,5.61));
#7190=CARTESIAN_POINT('',(-0.877057309816114,-0.698222051675621,5.61));
#7191=CARTESIAN_POINT('',(-1.02831984131239,-0.83738807879253,5.61));
#7192=CARTESIAN_POINT('',(-1.02831984131239,-0.83738807879253,5.61));
#7193=CARTESIAN_POINT('',(-1.02831984131239,-0.83738807879253,5.61));
#7194=CARTESIAN_POINT('',(-0.979963008631318,-0.810424661038629,5.61));
#7195=CARTESIAN_POINT('',(-0.929542164799227,-0.763891020721412,5.61));
#7196=CARTESIAN_POINT('',(-0.877057309816114,-0.698222051675621,5.61));
#7197=CARTESIAN_POINT('',(-0.877057309816114,-0.698222051675621,5.6));
#7198=CARTESIAN_POINT('',(-0.872929287514072,-0.756062931696086,5.6));
#7199=CARTESIAN_POINT('',(-0.863493807966545,-0.806945510360706,5.6));
#7200=CARTESIAN_POINT('',(-0.848750871173536,-0.85,5.6));
#7201=CARTESIAN_POINT('',(-0.848750871173536,-0.85,5.6));
#7202=CARTESIAN_POINT('',(-0.848750871173536,-0.85,5.61));
#7203=CARTESIAN_POINT('',(-0.848750871173536,-0.85,5.61));
#7204=CARTESIAN_POINT('',(-0.877057309816114,-0.698222051675621,5.61));
#7205=CARTESIAN_POINT('',(-0.872929287514072,-0.756062931696086,5.61));
#7206=CARTESIAN_POINT('',(-0.863493807966545,-0.806945510360706,5.61));
#7207=CARTESIAN_POINT('',(-0.848750871173536,-0.85,5.61));
#7208=CARTESIAN_POINT('',(-0.877057309816114,-0.698222051675621,5.61));
#7209=CARTESIAN_POINT('',(-0.872929287514072,-0.756062931696086,5.61));
#7210=CARTESIAN_POINT('',(-0.863493807966545,-0.806945510360706,5.61));
#7211=CARTESIAN_POINT('',(-0.848750871173536,-0.85,5.61));
#7212=CARTESIAN_POINT('',(-0.848750871173536,-0.85,5.6));
#7213=CARTESIAN_POINT('',(-0.799509462284886,-0.85,5.6));
#7214=CARTESIAN_POINT('',(-0.750268053396235,-0.85,5.6));
#7215=CARTESIAN_POINT('',(-0.701026644507584,-0.85,5.6));
#7216=CARTESIAN_POINT('',(-0.701026644507584,-0.85,5.6));
#7217=CARTESIAN_POINT('',(-0.701026644507584,-0.85,5.61));
#7218=CARTESIAN_POINT('',(-0.701026644507584,-0.85,5.61));
#7219=CARTESIAN_POINT('',(-0.848750871173536,-0.85,5.61));
#7220=CARTESIAN_POINT('',(-0.799509462284886,-0.85,5.61));
#7221=CARTESIAN_POINT('',(-0.750268053396235,-0.85,5.61));
#7222=CARTESIAN_POINT('',(-0.701026644507584,-0.85,5.61));
#7223=CARTESIAN_POINT('',(-0.848750871173536,-0.85,5.61));
#7224=CARTESIAN_POINT('',(-0.701026644507584,-0.85,5.6));
#7225=CARTESIAN_POINT('',(-0.718718168659195,-0.803031465848043,5.6));
#7226=CARTESIAN_POINT('',(-0.730807376829463,-0.753453568687644,5.6));
#7227=CARTESIAN_POINT('',(-0.736704551546667,-0.702136096188284,5.6));
#7228=CARTESIAN_POINT('',(-0.736704551546667,-0.702136096188284,5.6));
#7229=CARTESIAN_POINT('',(-0.736704551546667,-0.702136096188284,5.61));
#7230=CARTESIAN_POINT('',(-0.736704551546667,-0.702136096188284,5.61));
#7231=CARTESIAN_POINT('',(-0.701026644507584,-0.85,5.61));
#7232=CARTESIAN_POINT('',(-0.718718168659195,-0.803031465848043,5.61));
#7233=CARTESIAN_POINT('',(-0.730807376829463,-0.753453568687644,5.61));
#7234=CARTESIAN_POINT('',(-0.736704551546667,-0.702136096188284,5.61));
#7235=CARTESIAN_POINT('',(-0.701026644507584,-0.85,5.61));
#7236=CARTESIAN_POINT('',(-0.718718168659195,-0.803031465848043,5.61));
#7237=CARTESIAN_POINT('',(-0.730807376829463,-0.753453568687644,5.61));
#7238=CARTESIAN_POINT('',(-0.736704551546667,-0.702136096188284,5.61));
#7239=CARTESIAN_POINT('',(-0.736704551546667,-0.702136096188284,5.6));
#7240=CARTESIAN_POINT('',(-0.742896584999731,-0.650818623688923,5.6));
#7241=CARTESIAN_POINT('',(-0.745845172358332,-0.528178562292146,5.6));
#7242=CARTESIAN_POINT('',(-0.745845172358333,-0.24100366675194,5.6));
#7243=CARTESIAN_POINT('',(-0.745845172358333,-0.148226315340667,5.6));
#7244=CARTESIAN_POINT('',(-0.745845172358333,0.0371834228702992,5.6));
#7245=CARTESIAN_POINT('',(-0.748204042245214,0.10111281657713,5.6));
#7246=CARTESIAN_POINT('',(-0.752921782018977,0.136774111025838,5.6));
#7247=CARTESIAN_POINT('',(-0.752921782018977,0.136774111025838,5.6));
#7248=CARTESIAN_POINT('',(-0.752921782018977,0.136774111025838,5.61));
#7249=CARTESIAN_POINT('',(-0.752921782018977,0.136774111025838,5.61));
#7250=CARTESIAN_POINT('',(-0.736704551546667,-0.702136096188284,5.61));
#7251=CARTESIAN_POINT('',(-0.742896584999731,-0.650818623688923,5.61));
#7252=CARTESIAN_POINT('',(-0.745845172358332,-0.528178562292146,5.61));
#7253=CARTESIAN_POINT('',(-0.745845172358333,-0.24100366675194,5.61));
#7254=CARTESIAN_POINT('',(-0.745845172358333,-0.148226315340667,5.61));
#7255=CARTESIAN_POINT('',(-0.745845172358333,0.0371834228702992,5.61));
#7256=CARTESIAN_POINT('',(-0.748204042245214,0.10111281657713,5.61));
#7257=CARTESIAN_POINT('',(-0.752921782018977,0.136774111025838,5.61));
#7258=CARTESIAN_POINT('',(-0.736704551546667,-0.702136096188284,5.61));
#7259=CARTESIAN_POINT('',(-0.742896584999731,-0.650818623688923,5.61));
#7260=CARTESIAN_POINT('',(-0.745845172358332,-0.528178562292146,5.61));
#7261=CARTESIAN_POINT('',(-0.745845172358333,-0.24100366675194,5.61));
#7262=CARTESIAN_POINT('',(-0.745845172358333,-0.148226315340667,5.61));
#7263=CARTESIAN_POINT('',(-0.745845172358333,0.0371834228702992,5.61));
#7264=CARTESIAN_POINT('',(-0.748204042245214,0.10111281657713,5.61));
#7265=CARTESIAN_POINT('',(-0.752921782018977,0.136774111025838,5.61));
#7266=CARTESIAN_POINT('',(-0.752921782018977,0.136774111025838,5.6));
#7267=CARTESIAN_POINT('',(-0.761177826623062,0.194180097211563,5.6));
#7268=CARTESIAN_POINT('',(-0.775920763416071,0.24114863136352,5.6));
#7269=CARTESIAN_POINT('',(-0.796855733662144,0.27898439498593,5.6));
#7270=CARTESIAN_POINT('',(-0.796855733662144,0.27898439498593,5.6));
#7271=CARTESIAN_POINT('',(-0.796855733662144,0.27898439498593,5.61));
#7272=CARTESIAN_POINT('',(-0.796855733662144,0.27898439498593,5.61));
#7273=CARTESIAN_POINT('',(-0.752921782018977,0.136774111025838,5.61));
#7274=CARTESIAN_POINT('',(-0.761177826623062,0.194180097211563,5.61));
#7275=CARTESIAN_POINT('',(-0.775920763416071,0.24114863136352,5.61));
#7276=CARTESIAN_POINT('',(-0.796855733662144,0.27898439498593,5.61));
#7277=CARTESIAN_POINT('',(-0.752921782018977,0.136774111025838,5.61));
#7278=CARTESIAN_POINT('',(-0.761177826623062,0.194180097211563,5.61));
#7279=CARTESIAN_POINT('',(-0.775920763416071,0.24114863136352,5.61));
#7280=CARTESIAN_POINT('',(-0.796855733662144,0.27898439498593,5.61));
#7281=CARTESIAN_POINT('',(-0.796855733662144,0.27898439498593,5.6));
#7282=CARTESIAN_POINT('',(-0.817790703908218,0.316385264773599,5.6));
#7283=CARTESIAN_POINT('',(-0.850520023588698,0.347262727040163,5.6));
#7284=CARTESIAN_POINT('',(-0.895043692703585,0.372051675620363,5.6));
#7285=CARTESIAN_POINT('',(-0.895043692703585,0.372051675620363,5.6));
#7286=CARTESIAN_POINT('',(-0.895043692703585,0.372051675620363,5.61));
#7287=CARTESIAN_POINT('',(-0.895043692703585,0.372051675620363,5.61));
#7288=CARTESIAN_POINT('',(-0.796855733662144,0.27898439498593,5.61));
#7289=CARTESIAN_POINT('',(-0.817790703908218,0.316385264773599,5.61));
#7290=CARTESIAN_POINT('',(-0.850520023588698,0.347262727040163,5.61));
#7291=CARTESIAN_POINT('',(-0.895043692703585,0.372051675620363,5.61));
#7292=CARTESIAN_POINT('',(-0.796855733662144,0.27898439498593,5.61));
#7293=CARTESIAN_POINT('',(-0.817790703908218,0.316385264773599,5.61));
#7294=CARTESIAN_POINT('',(-0.850520023588698,0.347262727040163,5.61));
#7295=CARTESIAN_POINT('',(-0.895043692703585,0.372051675620363,5.61));
#7296=CARTESIAN_POINT('',(-0.895043692703585,0.372051675620363,5.6));
#7297=CARTESIAN_POINT('',(-0.939862220554333,0.396840624200563,5.6));
#7298=CARTESIAN_POINT('',(-0.997654532782929,0.409452545408033,5.6));
#7299=CARTESIAN_POINT('',(-1.14066101967512,0.409452545408033,5.6));
#7300=CARTESIAN_POINT('',(-1.20405564788506,0.394666155026861,5.6));
#7301=CARTESIAN_POINT('',(-1.25830965528333,0.365963161933998,5.6));
#7302=CARTESIAN_POINT('',(-1.25830965528333,0.365963161933998,5.6));
#7303=CARTESIAN_POINT('',(-1.25830965528333,0.365963161933998,5.61));
#7304=CARTESIAN_POINT('',(-1.25830965528333,0.365963161933998,5.61));
#7305=CARTESIAN_POINT('',(-0.895043692703585,0.372051675620363,5.61));
#7306=CARTESIAN_POINT('',(-0.939862220554333,0.396840624200563,5.61));
#7307=CARTESIAN_POINT('',(-0.997654532782929,0.409452545408033,5.61));
#7308=CARTESIAN_POINT('',(-1.14066101967512,0.409452545408033,5.61));
#7309=CARTESIAN_POINT('',(-1.20405564788506,0.394666155026861,5.61));
#7310=CARTESIAN_POINT('',(-1.25830965528333,0.365963161933998,5.61));
#7311=CARTESIAN_POINT('',(-0.895043692703585,0.372051675620363,5.61));
#7312=CARTESIAN_POINT('',(-0.939862220554333,0.396840624200563,5.61));
#7313=CARTESIAN_POINT('',(-0.997654532782929,0.409452545408033,5.61));
#7314=CARTESIAN_POINT('',(-1.14066101967512,0.409452545408033,5.61));
#7315=CARTESIAN_POINT('',(-1.20405564788506,0.394666155026861,5.61));
#7316=CARTESIAN_POINT('',(-1.25830965528333,0.365963161933998,5.61));
#7317=CARTESIAN_POINT('',(-1.25830965528333,0.365963161933998,5.6));
#7318=CARTESIAN_POINT('',(-1.31285852141747,0.336825275006395,5.6));
#7319=CARTESIAN_POINT('',(-1.35472846190961,0.295510360706063,5.6));
#7320=CARTESIAN_POINT('',(-1.38332975928805,0.24158352519826,5.6));
#7321=CARTESIAN_POINT('',(-1.38332975928805,0.24158352519826,5.6));
#7322=CARTESIAN_POINT('',(-1.38332975928805,0.24158352519826,5.61));
#7323=CARTESIAN_POINT('',(-1.38332975928805,0.24158352519826,5.61));
#7324=CARTESIAN_POINT('',(-1.25830965528333,0.365963161933998,5.61));
#7325=CARTESIAN_POINT('',(-1.31285852141747,0.336825275006395,5.61));
#7326=CARTESIAN_POINT('',(-1.35472846190961,0.295510360706063,5.61));
#7327=CARTESIAN_POINT('',(-1.38332975928805,0.24158352519826,5.61));
#7328=CARTESIAN_POINT('',(-1.25830965528333,0.365963161933998,5.61));
#7329=CARTESIAN_POINT('',(-1.31285852141747,0.336825275006395,5.61));
#7330=CARTESIAN_POINT('',(-1.35472846190961,0.295510360706063,5.61));
#7331=CARTESIAN_POINT('',(-1.38332975928805,0.24158352519826,5.61));
#7332=CARTESIAN_POINT('',(-1.38332975928805,0.24158352519826,5.6));
#7333=CARTESIAN_POINT('',(-1.41222591540235,0.188091583525198,5.6));
#7334=CARTESIAN_POINT('',(-1.43286602691256,0.117638782297262,5.6));
#7335=CARTESIAN_POINT('',(-1.44554495255455,0.0302251215144534,5.6));
#7336=CARTESIAN_POINT('',(-1.44554495255455,0.0302251215144534,5.6));
#7337=CARTESIAN_POINT('',(-1.44554495255455,0.0302251215144534,5.61));
#7338=CARTESIAN_POINT('',(-1.44554495255455,0.0302251215144534,5.61));
#7339=CARTESIAN_POINT('',(-1.38332975928805,0.24158352519826,5.61));
#7340=CARTESIAN_POINT('',(-1.41222591540235,0.188091583525198,5.61));
#7341=CARTESIAN_POINT('',(-1.43286602691256,0.117638782297262,5.61));
#7342=CARTESIAN_POINT('',(-1.44554495255455,0.0302251215144534,5.61));
#7343=CARTESIAN_POINT('',(-1.38332975928805,0.24158352519826,5.61));
#7344=CARTESIAN_POINT('',(-1.41222591540235,0.188091583525198,5.61));
#7345=CARTESIAN_POINT('',(-1.43286602691256,0.117638782297262,5.61));
#7346=CARTESIAN_POINT('',(-1.44554495255455,0.0302251215144534,5.61));
#7347=CARTESIAN_POINT('',(-1.44554495255455,0.0302251215144534,5.6));
#7348=CARTESIAN_POINT('',(-1.39944870351507,0.0209473863733262,5.6));
#7349=CARTESIAN_POINT('',(-1.3533524544756,0.0116696512321989,5.6));
#7350=CARTESIAN_POINT('',(-1.30725620543612,0.00239191609107159,5.6));
#7351=CARTESIAN_POINT('',(-1.30725620543612,0.00239191609107159,5.6));
#7352=CARTESIAN_POINT('',(-1.30725620543612,0.00239191609107159,5.61));
#7353=CARTESIAN_POINT('',(-1.30725620543612,0.00239191609107159,5.61));
#7354=CARTESIAN_POINT('',(-1.44554495255455,0.0302251215144534,5.61));
#7355=CARTESIAN_POINT('',(-1.39944870351507,0.0209473863733262,5.61));
#7356=CARTESIAN_POINT('',(-1.3533524544756,0.0116696512321989,5.61));
#7357=CARTESIAN_POINT('',(-1.30725620543612,0.00239191609107159,5.61));
#7358=CARTESIAN_POINT('',(-1.44554495255455,0.0302251215144534,5.61));
#7359=CARTESIAN_POINT('',(-1.30725620543612,0.00239191609107159,5.6));
#7360=CARTESIAN_POINT('',(-1.29192355117139,0.0898055768738805,5.6));
#7361=CARTESIAN_POINT('',(-1.26862971103844,0.150690713737529,5.6));
#7362=CARTESIAN_POINT('',(-1.20494022409264,0.219403939626503,5.6));
#7363=CARTESIAN_POINT('',(-1.15599367393985,0.236364799181376,5.6));
#7364=CARTESIAN_POINT('',(-1.01799978555728,0.236364799181376,5.6));
#7365=CARTESIAN_POINT('',(-0.964335495630728,0.212880532105398,5.6));
#7366=CARTESIAN_POINT('',(-0.928067871119926,0.165911997953441,5.6));
#7367=CARTESIAN_POINT('',(-0.928067871119926,0.165911997953441,5.6));
#7368=CARTESIAN_POINT('',(-0.928067871119926,0.165911997953441,5.61));
#7369=CARTESIAN_POINT('',(-0.928067871119926,0.165911997953441,5.61));
#7370=CARTESIAN_POINT('',(-1.30725620543612,0.00239191609107159,5.61));
#7371=CARTESIAN_POINT('',(-1.29192355117139,0.0898055768738805,5.61));
#7372=CARTESIAN_POINT('',(-1.26862971103844,0.150690713737529,5.61));
#7373=CARTESIAN_POINT('',(-1.20494022409264,0.219403939626503,5.61));
#7374=CARTESIAN_POINT('',(-1.15599367393985,0.236364799181376,5.61));
#7375=CARTESIAN_POINT('',(-1.01799978555728,0.236364799181376,5.61));
#7376=CARTESIAN_POINT('',(-0.964335495630728,0.212880532105398,5.61));
#7377=CARTESIAN_POINT('',(-0.928067871119926,0.165911997953441,5.61));
#7378=CARTESIAN_POINT('',(-1.30725620543612,0.00239191609107159,5.61));
#7379=CARTESIAN_POINT('',(-1.29192355117139,0.0898055768738805,5.61));
#7380=CARTESIAN_POINT('',(-1.26862971103844,0.150690713737529,5.61));
#7381=CARTESIAN_POINT('',(-1.20494022409264,0.219403939626503,5.61));
#7382=CARTESIAN_POINT('',(-1.15599367393985,0.236364799181376,5.61));
#7383=CARTESIAN_POINT('',(-1.01799978555728,0.236364799181376,5.61));
#7384=CARTESIAN_POINT('',(-0.964335495630728,0.212880532105398,5.61));
#7385=CARTESIAN_POINT('',(-0.928067871119926,0.165911997953441,5.61));
#7386=CARTESIAN_POINT('',(-0.928067871119926,0.165911997953441,5.6));
#7387=CARTESIAN_POINT('',(-0.901530584892509,0.131120491174213,5.6));
#7388=CARTESIAN_POINT('',(-0.887967083042941,0.0711051419800458,5.6));
#7389=CARTESIAN_POINT('',(-0.887967083042941,-0.0215272448196472,5.6));
#7390=CARTESIAN_POINT('',(-0.888261941778801,-0.0397927858787416,5.6));
#7391=CARTESIAN_POINT('',(-0.888851659250522,-0.0684957789716043,5.6));
#7392=CARTESIAN_POINT('',(-0.888851659250522,-0.0684957789716043,5.6));
#7393=CARTESIAN_POINT('',(-0.888851659250522,-0.0684957789716043,5.61));
#7394=CARTESIAN_POINT('',(-0.888851659250522,-0.0684957789716043,5.61));
#7395=CARTESIAN_POINT('',(-0.928067871119926,0.165911997953441,5.61));
#7396=CARTESIAN_POINT('',(-0.901530584892509,0.131120491174213,5.61));
#7397=CARTESIAN_POINT('',(-0.887967083042941,0.0711051419800458,5.61));
#7398=CARTESIAN_POINT('',(-0.887967083042941,-0.0215272448196472,5.61));
#7399=CARTESIAN_POINT('',(-0.888261941778801,-0.0397927858787416,5.61));
#7400=CARTESIAN_POINT('',(-0.888851659250522,-0.0684957789716043,5.61));
#7401=CARTESIAN_POINT('',(-0.928067871119926,0.165911997953441,5.61));
#7402=CARTESIAN_POINT('',(-0.901530584892509,0.131120491174213,5.61));
#7403=CARTESIAN_POINT('',(-0.887967083042941,0.0711051419800458,5.61));
#7404=CARTESIAN_POINT('',(-0.887967083042941,-0.0215272448196472,5.61));
#7405=CARTESIAN_POINT('',(-0.888261941778801,-0.0397927858787416,5.61));
#7406=CARTESIAN_POINT('',(-0.888851659250522,-0.0684957789716043,5.61));
#7407=CARTESIAN_POINT('',(-0.888851659250522,-0.0684957789716043,5.6));
#7408=CARTESIAN_POINT('',(-0.942810807912935,-0.0963289843949862,5.6));
#7409=CARTESIAN_POINT('',(-1.02714040636895,-0.120248145305705,5.6));
#7410=CARTESIAN_POINT('',(-1.14125073714684,-0.140253261703761,5.6));
#7411=CARTESIAN_POINT('',(-1.14125073714684,-0.140253261703761,5.6));
#7412=CARTESIAN_POINT('',(-1.14125073714684,-0.140253261703761,5.61));
#7413=CARTESIAN_POINT('',(-1.14125073714684,-0.140253261703761,5.61));
#7414=CARTESIAN_POINT('',(-0.888851659250522,-0.0684957789716043,5.61));
#7415=CARTESIAN_POINT('',(-0.942810807912935,-0.0963289843949862,5.61));
#7416=CARTESIAN_POINT('',(-1.02714040636895,-0.120248145305705,5.61));
#7417=CARTESIAN_POINT('',(-1.14125073714684,-0.140253261703761,5.61));
#7418=CARTESIAN_POINT('',(-0.888851659250522,-0.0684957789716043,5.61));
#7419=CARTESIAN_POINT('',(-0.942810807912935,-0.0963289843949862,5.61));
#7420=CARTESIAN_POINT('',(-1.02714040636895,-0.120248145305705,5.61));
#7421=CARTESIAN_POINT('',(-1.14125073714684,-0.140253261703761,5.61));
#7422=CARTESIAN_POINT('',(-1.14125073714684,-0.140253261703761,5.6));
#7423=CARTESIAN_POINT('',(-1.19727389696027,-0.150255819902789,5.6));
#7424=CARTESIAN_POINT('',(-1.23914383745242,-0.160693271936557,5.6));
#7425=CARTESIAN_POINT('',(-1.26715541735914,-0.171565617805066,5.6));
#7426=CARTESIAN_POINT('',(-1.26715541735914,-0.171565617805066,5.6));
#7427=CARTESIAN_POINT('',(-1.26715541735914,-0.171565617805066,5.61));
#7428=CARTESIAN_POINT('',(-1.26715541735914,-0.171565617805066,5.61));
#7429=CARTESIAN_POINT('',(-1.14125073714684,-0.140253261703761,5.61));
#7430=CARTESIAN_POINT('',(-1.19727389696027,-0.150255819902789,5.61));
#7431=CARTESIAN_POINT('',(-1.23914383745242,-0.160693271936557,5.61));
#7432=CARTESIAN_POINT('',(-1.26715541735914,-0.171565617805066,5.61));
#7433=CARTESIAN_POINT('',(-1.14125073714684,-0.140253261703761,5.61));
#7434=CARTESIAN_POINT('',(-1.19727389696027,-0.150255819902789,5.61));
#7435=CARTESIAN_POINT('',(-1.23914383745242,-0.160693271936557,5.61));
#7436=CARTESIAN_POINT('',(-1.26715541735914,-0.171565617805066,5.61));
#7437=CARTESIAN_POINT('',(-1.26715541735914,-0.171565617805066,5.6));
#7438=CARTESIAN_POINT('',(-1.30489733554924,-0.187221795855718,5.6));
#7439=CARTESIAN_POINT('',(-1.33880609017316,-0.209836275262216,5.6));
#7440=CARTESIAN_POINT('',(-1.3688816812309,-0.24027884369404,5.6));
#7441=CARTESIAN_POINT('',(-1.3688816812309,-0.24027884369404,5.6));
#7442=CARTESIAN_POINT('',(-1.3688816812309,-0.24027884369404,5.61));
#7443=CARTESIAN_POINT('',(-1.3688816812309,-0.24027884369404,5.61));
#7444=CARTESIAN_POINT('',(-1.26715541735914,-0.171565617805066,5.61));
#7445=CARTESIAN_POINT('',(-1.30489733554924,-0.187221795855718,5.61));
#7446=CARTESIAN_POINT('',(-1.33880609017316,-0.209836275262216,5.61));
#7447=CARTESIAN_POINT('',(-1.3688816812309,-0.24027884369404,5.61));
#7448=CARTESIAN_POINT('',(-1.26715541735914,-0.171565617805066,5.61));
#7449=CARTESIAN_POINT('',(-1.30489733554924,-0.187221795855718,5.61));
#7450=CARTESIAN_POINT('',(-1.33880609017316,-0.209836275262216,5.61));
#7451=CARTESIAN_POINT('',(-1.3688816812309,-0.24027884369404,5.61));
#7452=CARTESIAN_POINT('',(-1.3688816812309,-0.24027884369404,5.6));
#7453=CARTESIAN_POINT('',(-1.39895727228864,-0.270286518291123,5.6));
#7454=CARTESIAN_POINT('',(-1.42343054736503,-0.310296751087235,5.6));
#7455=CARTESIAN_POINT('',(-1.44200664772423,-0.360309542082374,5.6));
#7456=CARTESIAN_POINT('',(-1.44200664772423,-0.360309542082374,5.6));
#7457=CARTESIAN_POINT('',(-1.44200664772423,-0.360309542082374,5.61));
#7458=CARTESIAN_POINT('',(-1.44200664772423,-0.360309542082374,5.61));
#7459=CARTESIAN_POINT('',(-1.3688816812309,-0.24027884369404,5.61));
#7460=CARTESIAN_POINT('',(-1.39895727228864,-0.270286518291123,5.61));
#7461=CARTESIAN_POINT('',(-1.42343054736503,-0.310296751087235,5.61));
#7462=CARTESIAN_POINT('',(-1.44200664772423,-0.360309542082374,5.61));
#7463=CARTESIAN_POINT('',(-1.3688816812309,-0.24027884369404,5.61));
#7464=CARTESIAN_POINT('',(-1.39895727228864,-0.270286518291123,5.61));
#7465=CARTESIAN_POINT('',(-1.42343054736503,-0.310296751087235,5.61));
#7466=CARTESIAN_POINT('',(-1.44200664772423,-0.360309542082374,5.61));
#7467=CARTESIAN_POINT('',(-1.44200664772423,-0.360309542082374,5.6));
#7468=CARTESIAN_POINT('',(-1.46058274808342,-0.409887439242773,5.6));
#7469=CARTESIAN_POINT('',(-1.47001822763094,-0.465118956254797,5.6));
#7470=CARTESIAN_POINT('',(-1.47001822763094,-0.628204144282425,5.6));
#7471=CARTESIAN_POINT('',(-1.44525009381869,-0.712573548222052,5.6));
#7472=CARTESIAN_POINT('',(-1.34676727604139,-0.844781273983116,5.6));
#7473=CARTESIAN_POINT('',(-1.2762960381708,-0.877833205423382,5.6));
#7474=CARTESIAN_POINT('',(-1.12886667024071,-0.877833205423382,5.6));
#7475=CARTESIAN_POINT('',(-1.07697153272932,-0.864351496546432,5.6));
#7476=CARTESIAN_POINT('',(-1.02831984131239,-0.83738807879253,5.6));
#7477=CARTESIAN_POINT('',(-1.44200664772423,-0.360309542082374,5.61));
#7478=CARTESIAN_POINT('',(-1.46058274808342,-0.409887439242773,5.61));
#7479=CARTESIAN_POINT('',(-1.47001822763094,-0.465118956254797,5.61));
#7480=CARTESIAN_POINT('',(-1.47001822763094,-0.628204144282425,5.61));
#7481=CARTESIAN_POINT('',(-1.44525009381869,-0.712573548222052,5.61));
#7482=CARTESIAN_POINT('',(-1.34676727604139,-0.844781273983116,5.61));
#7483=CARTESIAN_POINT('',(-1.2762960381708,-0.877833205423382,5.61));
#7484=CARTESIAN_POINT('',(-1.12886667024071,-0.877833205423382,5.61));
#7485=CARTESIAN_POINT('',(-1.07697153272932,-0.864351496546432,5.61));
#7486=CARTESIAN_POINT('',(-1.02831984131239,-0.83738807879253,5.61));
#7487=CARTESIAN_POINT('',(-1.44200664772423,-0.360309542082374,5.61));
#7488=CARTESIAN_POINT('',(-1.46058274808342,-0.409887439242773,5.61));
#7489=CARTESIAN_POINT('',(-1.47001822763094,-0.465118956254797,5.61));
#7490=CARTESIAN_POINT('',(-1.47001822763094,-0.628204144282425,5.61));
#7491=CARTESIAN_POINT('',(-1.44525009381869,-0.712573548222052,5.61));
#7492=CARTESIAN_POINT('',(-1.34676727604139,-0.844781273983116,5.61));
#7493=CARTESIAN_POINT('',(-1.2762960381708,-0.877833205423382,5.61));
#7494=CARTESIAN_POINT('',(-1.12886667024071,-0.877833205423382,5.61));
#7495=CARTESIAN_POINT('',(-1.07697153272932,-0.864351496546432,5.61));
#7496=CARTESIAN_POINT('',(-1.02831984131239,-0.83738807879253,5.61));
#7497=CARTESIAN_POINT('',(-1.24356671849032,-0.352481453057048,5.6));
#7498=CARTESIAN_POINT('',(-1.21938830214979,-0.337260168841136,5.6));
#7499=CARTESIAN_POINT('',(-1.17810807912936,-0.323343566129445,5.6));
#7500=CARTESIAN_POINT('',(-1.12002090816491,-0.310731644921975,5.6));
#7501=CARTESIAN_POINT('',(-1.24356671849032,-0.352481453057048,5.61));
#7502=CARTESIAN_POINT('',(-1.21938830214979,-0.337260168841136,5.61));
#7503=CARTESIAN_POINT('',(-1.17810807912936,-0.323343566129445,5.61));
#7504=CARTESIAN_POINT('',(-1.12002090816491,-0.310731644921975,5.61));
#7505=CARTESIAN_POINT('',(-1.24356671849032,-0.352481453057048,5.61));
#7506=CARTESIAN_POINT('',(-1.21938830214979,-0.337260168841136,5.61));
#7507=CARTESIAN_POINT('',(-1.17810807912936,-0.323343566129445,5.61));
#7508=CARTESIAN_POINT('',(-1.12002090816491,-0.310731644921975,5.61));
#7509=CARTESIAN_POINT('',(-0.954236583927517,-0.782319646968534,5.61));
#7510=CARTESIAN_POINT('',(-0.954236583927517,-0.782319646968534,5.6));
#7511=CARTESIAN_POINT('',(-0.527944566557657,0.381619339984651,5.6));
#7512=CARTESIAN_POINT('',(-0.527944566557657,-0.028920440010233,5.6));
#7513=CARTESIAN_POINT('',(-0.527944566557657,-0.439460220005117,5.6));
#7514=CARTESIAN_POINT('',(-0.527944566557657,-0.85,5.6));
#7515=CARTESIAN_POINT('',(-0.527944566557657,0.381619339984651,5.6));
#7516=CARTESIAN_POINT('',(-0.527944566557657,-0.85,5.6));
#7517=CARTESIAN_POINT('',(-0.527944566557657,-0.85,5.61));
#7518=CARTESIAN_POINT('',(-0.527944566557657,-0.85,5.61));
#7519=CARTESIAN_POINT('',(-0.527944566557657,0.381619339984651,5.61));
#7520=CARTESIAN_POINT('',(-0.527944566557657,-0.028920440010233,5.61));
#7521=CARTESIAN_POINT('',(-0.527944566557657,-0.439460220005117,5.61));
#7522=CARTESIAN_POINT('',(-0.527944566557657,-0.85,5.61));
#7523=CARTESIAN_POINT('',(-0.527944566557657,0.381619339984651,5.61));
#7524=CARTESIAN_POINT('',(-0.527944566557657,0.381619339984651,5.61));
#7525=CARTESIAN_POINT('',(-0.527944566557657,0.381619339984651,5.61));
#7526=CARTESIAN_POINT('',(-0.527944566557657,-0.85,5.6));
#7527=CARTESIAN_POINT('',(-0.480767168820028,-0.85,5.6));
#7528=CARTESIAN_POINT('',(-0.433589771082398,-0.85,5.6));
#7529=CARTESIAN_POINT('',(-0.386412373344769,-0.85,5.6));
#7530=CARTESIAN_POINT('',(-0.386412373344769,-0.85,5.6));
#7531=CARTESIAN_POINT('',(-0.386412373344769,-0.85,5.61));
#7532=CARTESIAN_POINT('',(-0.386412373344769,-0.85,5.61));
#7533=CARTESIAN_POINT('',(-0.527944566557657,-0.85,5.61));
#7534=CARTESIAN_POINT('',(-0.480767168820028,-0.85,5.61));
#7535=CARTESIAN_POINT('',(-0.433589771082398,-0.85,5.61));
#7536=CARTESIAN_POINT('',(-0.386412373344769,-0.85,5.61));
#7537=CARTESIAN_POINT('',(-0.527944566557657,-0.85,5.61));
#7538=CARTESIAN_POINT('',(-0.386412373344769,-0.85,5.6));
#7539=CARTESIAN_POINT('',(-0.386412373344769,-0.635017481026691,5.6));
#7540=CARTESIAN_POINT('',(-0.386412373344769,-0.420034962053381,5.6));
#7541=CARTESIAN_POINT('',(-0.386412373344769,-0.117203888462522,5.6));
#7542=CARTESIAN_POINT('',(-0.378746046212404,-0.0358787413660784,5.6));
#7543=CARTESIAN_POINT('',(-0.362823674475955,0.0380532105397798,5.6));
#7544=CARTESIAN_POINT('',(-0.362823674475955,0.0380532105397798,5.6));
#7545=CARTESIAN_POINT('',(-0.362823674475955,0.0380532105397798,5.61));
#7546=CARTESIAN_POINT('',(-0.362823674475955,0.0380532105397798,5.61));
#7547=CARTESIAN_POINT('',(-0.386412373344769,-0.85,5.61));
#7548=CARTESIAN_POINT('',(-0.386412373344769,-0.635017481026691,5.61));
#7549=CARTESIAN_POINT('',(-0.386412373344769,-0.420034962053381,5.61));
#7550=CARTESIAN_POINT('',(-0.386412373344769,-0.117203888462522,5.61));
#7551=CARTESIAN_POINT('',(-0.378746046212404,-0.0358787413660784,5.61));
#7552=CARTESIAN_POINT('',(-0.362823674475955,0.0380532105397798,5.61));
#7553=CARTESIAN_POINT('',(-0.386412373344769,-0.85,5.61));
#7554=CARTESIAN_POINT('',(-0.386412373344769,-0.635017481026691,5.61));
#7555=CARTESIAN_POINT('',(-0.386412373344769,-0.420034962053381,5.61));
#7556=CARTESIAN_POINT('',(-0.386412373344769,-0.117203888462522,5.61));
#7557=CARTESIAN_POINT('',(-0.378746046212404,-0.0358787413660784,5.61));
#7558=CARTESIAN_POINT('',(-0.362823674475955,0.0380532105397798,5.61));
#7559=CARTESIAN_POINT('',(-0.362823674475955,0.0380532105397798,5.6));
#7560=CARTESIAN_POINT('',(-0.352503618720848,0.0867613200306983,5.6));
#7561=CARTESIAN_POINT('',(-0.334812094569237,0.125031977487848,5.6));
#7562=CARTESIAN_POINT('',(-0.310338819492842,0.15243028907649,5.6));
#7563=CARTESIAN_POINT('',(-0.310338819492842,0.15243028907649,5.6));
#7564=CARTESIAN_POINT('',(-0.310338819492842,0.15243028907649,5.61));
#7565=CARTESIAN_POINT('',(-0.310338819492842,0.15243028907649,5.61));
#7566=CARTESIAN_POINT('',(-0.362823674475955,0.0380532105397798,5.61));
#7567=CARTESIAN_POINT('',(-0.352503618720848,0.0867613200306983,5.61));
#7568=CARTESIAN_POINT('',(-0.334812094569237,0.125031977487848,5.61));
#7569=CARTESIAN_POINT('',(-0.310338819492842,0.15243028907649,5.61));
#7570=CARTESIAN_POINT('',(-0.362823674475955,0.0380532105397798,5.61));
#7571=CARTESIAN_POINT('',(-0.352503618720848,0.0867613200306983,5.61));
#7572=CARTESIAN_POINT('',(-0.334812094569237,0.125031977487848,5.61));
#7573=CARTESIAN_POINT('',(-0.310338819492842,0.15243028907649,5.61));
#7574=CARTESIAN_POINT('',(-0.310338819492842,0.15243028907649,5.6));
#7575=CARTESIAN_POINT('',(-0.285570685680586,0.179828600665132,5.6));
#7576=CARTESIAN_POINT('',(-0.257853964509729,0.193745203376823,5.6));
#7577=CARTESIAN_POINT('',(-0.192395325148769,0.193745203376823,5.6));
#7578=CARTESIAN_POINT('',(-0.157601994317267,0.17852391916091,5.6));
#7579=CARTESIAN_POINT('',(-0.123103522221625,0.148516244563827,5.6));
#7580=CARTESIAN_POINT('',(-0.123103522221625,0.148516244563827,5.6));
#7581=CARTESIAN_POINT('',(-0.123103522221625,0.148516244563827,5.61));
#7582=CARTESIAN_POINT('',(-0.123103522221625,0.148516244563827,5.61));
#7583=CARTESIAN_POINT('',(-0.310338819492842,0.15243028907649,5.61));
#7584=CARTESIAN_POINT('',(-0.285570685680586,0.179828600665132,5.61));
#7585=CARTESIAN_POINT('',(-0.257853964509729,0.193745203376823,5.61));
#7586=CARTESIAN_POINT('',(-0.192395325148769,0.193745203376823,5.61));
#7587=CARTESIAN_POINT('',(-0.157601994317267,0.17852391916091,5.61));
#7588=CARTESIAN_POINT('',(-0.123103522221625,0.148516244563827,5.61));
#7589=CARTESIAN_POINT('',(-0.310338819492842,0.15243028907649,5.61));
#7590=CARTESIAN_POINT('',(-0.285570685680586,0.179828600665132,5.61));
#7591=CARTESIAN_POINT('',(-0.257853964509729,0.193745203376823,5.61));
#7592=CARTESIAN_POINT('',(-0.192395325148769,0.193745203376823,5.61));
#7593=CARTESIAN_POINT('',(-0.157601994317267,0.17852391916091,5.61));
#7594=CARTESIAN_POINT('',(-0.123103522221625,0.148516244563827,5.61));
#7595=CARTESIAN_POINT('',(-0.123103522221625,0.148516244563827,5.6));
#7596=CARTESIAN_POINT('',(-0.106886291749315,0.213025496716978,5.6));
#7597=CARTESIAN_POINT('',(-0.0906690612770053,0.277534748870129,5.6));
#7598=CARTESIAN_POINT('',(-0.0744518308046953,0.34204400102328,5.6));
#7599=CARTESIAN_POINT('',(-0.0744518308046953,0.34204400102328,5.6));
#7600=CARTESIAN_POINT('',(-0.0744518308046953,0.34204400102328,5.61));
#7601=CARTESIAN_POINT('',(-0.0744518308046953,0.34204400102328,5.61));
#7602=CARTESIAN_POINT('',(-0.123103522221625,0.148516244563827,5.61));
#7603=CARTESIAN_POINT('',(-0.106886291749315,0.213025496716978,5.61));
#7604=CARTESIAN_POINT('',(-0.0906690612770053,0.277534748870129,5.61));
#7605=CARTESIAN_POINT('',(-0.0744518308046953,0.34204400102328,5.61));
#7606=CARTESIAN_POINT('',(-0.123103522221625,0.148516244563827,5.61));
#7607=CARTESIAN_POINT('',(-0.0744518308046953,0.34204400102328,5.6));
#7608=CARTESIAN_POINT('',(-0.123693239693346,0.386838066001535,5.6));
#7609=CARTESIAN_POINT('',(-0.172050072374416,0.409452545408033,5.6));
#7610=CARTESIAN_POINT('',(-0.252841366000106,0.409452545408033,5.6));
#7611=CARTESIAN_POINT('',(-0.283211815793705,0.395535942696342,5.6));
#7612=CARTESIAN_POINT('',(-0.338055540663699,0.339869531849577,5.6));
#7613=CARTESIAN_POINT('',(-0.368131131721438,0.282028651829112,5.6));
#7614=CARTESIAN_POINT('',(-0.400565592666058,0.194614991046303,5.6));
#7615=CARTESIAN_POINT('',(-0.400565592666058,0.194614991046303,5.6));
#7616=CARTESIAN_POINT('',(-0.400565592666058,0.194614991046303,5.61));
#7617=CARTESIAN_POINT('',(-0.400565592666058,0.194614991046303,5.61));
#7618=CARTESIAN_POINT('',(-0.0744518308046953,0.34204400102328,5.61));
#7619=CARTESIAN_POINT('',(-0.123693239693346,0.386838066001535,5.61));
#7620=CARTESIAN_POINT('',(-0.172050072374416,0.409452545408033,5.61));
#7621=CARTESIAN_POINT('',(-0.252841366000106,0.409452545408033,5.61));
#7622=CARTESIAN_POINT('',(-0.283211815793705,0.395535942696342,5.61));
#7623=CARTESIAN_POINT('',(-0.338055540663699,0.339869531849577,5.61));
#7624=CARTESIAN_POINT('',(-0.368131131721438,0.282028651829112,5.61));
#7625=CARTESIAN_POINT('',(-0.400565592666058,0.194614991046303,5.61));
#7626=CARTESIAN_POINT('',(-0.0744518308046953,0.34204400102328,5.61));
#7627=CARTESIAN_POINT('',(-0.123693239693346,0.386838066001535,5.61));
#7628=CARTESIAN_POINT('',(-0.172050072374416,0.409452545408033,5.61));
#7629=CARTESIAN_POINT('',(-0.252841366000106,0.409452545408033,5.61));
#7630=CARTESIAN_POINT('',(-0.283211815793705,0.395535942696342,5.61));
#7631=CARTESIAN_POINT('',(-0.338055540663699,0.339869531849577,5.61));
#7632=CARTESIAN_POINT('',(-0.368131131721438,0.282028651829112,5.61));
#7633=CARTESIAN_POINT('',(-0.400565592666058,0.194614991046303,5.61));
#7634=CARTESIAN_POINT('',(-0.400565592666058,0.194614991046303,5.6));
#7635=CARTESIAN_POINT('',(-0.400565592666058,0.256949774025752,5.6));
#7636=CARTESIAN_POINT('',(-0.400565592666058,0.319284557005201,5.6));
#7637=CARTESIAN_POINT('',(-0.400565592666058,0.381619339984651,5.6));
#7638=CARTESIAN_POINT('',(-0.400565592666058,0.381619339984651,5.6));
#7639=CARTESIAN_POINT('',(-0.400565592666058,0.381619339984651,5.61));
#7640=CARTESIAN_POINT('',(-0.400565592666058,0.381619339984651,5.61));
#7641=CARTESIAN_POINT('',(-0.400565592666058,0.194614991046303,5.61));
#7642=CARTESIAN_POINT('',(-0.400565592666058,0.256949774025752,5.61));
#7643=CARTESIAN_POINT('',(-0.400565592666058,0.319284557005201,5.61));
#7644=CARTESIAN_POINT('',(-0.400565592666058,0.381619339984651,5.61));
#7645=CARTESIAN_POINT('',(-0.400565592666058,0.194614991046303,5.61));
#7646=CARTESIAN_POINT('',(-0.400565592666058,0.381619339984651,5.6));
#7647=CARTESIAN_POINT('',(-0.443025250629924,0.381619339984651,5.6));
#7648=CARTESIAN_POINT('',(-0.485484908593791,0.381619339984651,5.6));
#7649=CARTESIAN_POINT('',(-0.527944566557657,0.381619339984651,5.6));
#7650=CARTESIAN_POINT('',(-0.400565592666058,0.381619339984651,5.61));
#7651=CARTESIAN_POINT('',(-0.443025250629924,0.381619339984651,5.61));
#7652=CARTESIAN_POINT('',(-0.485484908593791,0.381619339984651,5.61));
#7653=CARTESIAN_POINT('',(-0.527944566557657,0.381619339984651,5.61));
#7654=CARTESIAN_POINT('',(-0.400565592666058,0.381619339984651,5.61));
#7655=CARTESIAN_POINT('',(-0.386412373344769,-0.395753389613712,5.61));
#7656=CARTESIAN_POINT('',(-0.386412373344769,-0.395753389613712,5.6));
#7657=CARTESIAN_POINT('',(0.0107623438588981,0.85,5.6));
#7658=CARTESIAN_POINT('',(0.0107623438588982,0.283333333333333,5.6));
#7659=CARTESIAN_POINT('',(0.0107623438588983,-0.283333333333333,5.6));
#7660=CARTESIAN_POINT('',(0.0107623438588984,-0.85,5.6));
#7661=CARTESIAN_POINT('',(0.0107623438588981,0.85,5.6));
#7662=CARTESIAN_POINT('',(0.0107623438588984,-0.85,5.6));
#7663=CARTESIAN_POINT('',(0.0107623438588984,-0.85,5.61));
#7664=CARTESIAN_POINT('',(0.0107623438588984,-0.85,5.61));
#7665=CARTESIAN_POINT('',(0.0107623438588981,0.85,5.61));
#7666=CARTESIAN_POINT('',(0.0107623438588982,0.283333333333333,5.61));
#7667=CARTESIAN_POINT('',(0.0107623438588983,-0.283333333333333,5.61));
#7668=CARTESIAN_POINT('',(0.0107623438588984,-0.85,5.61));
#7669=CARTESIAN_POINT('',(0.0107623438588981,0.85,5.61));
#7670=CARTESIAN_POINT('',(0.0107623438588981,0.85,5.61));
#7671=CARTESIAN_POINT('',(0.0107623438588981,0.85,5.61));
#7672=CARTESIAN_POINT('',(0.0107623438588984,-0.85,5.6));
#7673=CARTESIAN_POINT('',(0.0579397415965277,-0.85,5.6));
#7674=CARTESIAN_POINT('',(0.105117139334157,-0.85,5.6));
#7675=CARTESIAN_POINT('',(0.152294537071786,-0.85,5.6));
#7676=CARTESIAN_POINT('',(0.152294537071786,-0.85,5.6));
#7677=CARTESIAN_POINT('',(0.152294537071786,-0.85,5.61));
#7678=CARTESIAN_POINT('',(0.152294537071786,-0.85,5.61));
#7679=CARTESIAN_POINT('',(0.0107623438588984,-0.85,5.61));
#7680=CARTESIAN_POINT('',(0.0579397415965277,-0.85,5.61));
#7681=CARTESIAN_POINT('',(0.105117139334157,-0.85,5.61));
#7682=CARTESIAN_POINT('',(0.152294537071786,-0.85,5.61));
#7683=CARTESIAN_POINT('',(0.0107623438588984,-0.85,5.61));
#7684=CARTESIAN_POINT('',(0.152294537071786,-0.85,5.6));
#7685=CARTESIAN_POINT('',(0.152294537071786,-0.687204741195532,5.6));
#7686=CARTESIAN_POINT('',(0.152294537071786,-0.524409482391063,5.6));
#7687=CARTESIAN_POINT('',(0.152294537071786,-0.361614223586595,5.6));
#7688=CARTESIAN_POINT('',(0.152294537071786,-0.361614223586595,5.6));
#7689=CARTESIAN_POINT('',(0.152294537071786,-0.361614223586595,5.61));
#7690=CARTESIAN_POINT('',(0.152294537071786,-0.361614223586595,5.61));
#7691=CARTESIAN_POINT('',(0.152294537071786,-0.85,5.61));
#7692=CARTESIAN_POINT('',(0.152294537071786,-0.687204741195532,5.61));
#7693=CARTESIAN_POINT('',(0.152294537071786,-0.524409482391063,5.61));
#7694=CARTESIAN_POINT('',(0.152294537071786,-0.361614223586595,5.61));
#7695=CARTESIAN_POINT('',(0.152294537071786,-0.85,5.61));
#7696=CARTESIAN_POINT('',(0.152294537071786,-0.361614223586595,5.6));
#7697=CARTESIAN_POINT('',(0.1855152879787,-0.314500724823058,5.6));
#7698=CARTESIAN_POINT('',(0.218736038885614,-0.267387226059521,5.6));
#7699=CARTESIAN_POINT('',(0.251956789792528,-0.220273727295983,5.6));
#7700=CARTESIAN_POINT('',(0.251956789792528,-0.220273727295983,5.6));
#7701=CARTESIAN_POINT('',(0.251956789792528,-0.220273727295983,5.61));
#7702=CARTESIAN_POINT('',(0.251956789792528,-0.220273727295983,5.61));
#7703=CARTESIAN_POINT('',(0.152294537071786,-0.361614223586595,5.61));
#7704=CARTESIAN_POINT('',(0.1855152879787,-0.314500724823058,5.61));
#7705=CARTESIAN_POINT('',(0.218736038885614,-0.267387226059521,5.61));
#7706=CARTESIAN_POINT('',(0.251956789792528,-0.220273727295983,5.61));
#7707=CARTESIAN_POINT('',(0.152294537071786,-0.361614223586595,5.61));
#7708=CARTESIAN_POINT('',(0.251956789792528,-0.220273727295983,5.6));
#7709=CARTESIAN_POINT('',(0.343952715380905,-0.430182484863989,5.6));
#7710=CARTESIAN_POINT('',(0.435948640969283,-0.640091242431994,5.6));
#7711=CARTESIAN_POINT('',(0.52794456655766,-0.85,5.6));
#7712=CARTESIAN_POINT('',(0.52794456655766,-0.85,5.6));
#7713=CARTESIAN_POINT('',(0.52794456655766,-0.85,5.61));
#7714=CARTESIAN_POINT('',(0.52794456655766,-0.85,5.61));
#7715=CARTESIAN_POINT('',(0.251956789792528,-0.220273727295983,5.61));
#7716=CARTESIAN_POINT('',(0.343952715380905,-0.430182484863989,5.61));
#7717=CARTESIAN_POINT('',(0.435948640969283,-0.640091242431994,5.61));
#7718=CARTESIAN_POINT('',(0.52794456655766,-0.85,5.61));
#7719=CARTESIAN_POINT('',(0.251956789792528,-0.220273727295983,5.61));
#7720=CARTESIAN_POINT('',(0.52794456655766,-0.85,5.6));
#7721=CARTESIAN_POINT('',(0.586130023767403,-0.85,5.6));
#7722=CARTESIAN_POINT('',(0.644315480977145,-0.85,5.6));
#7723=CARTESIAN_POINT('',(0.702500938186888,-0.85,5.6));
#7724=CARTESIAN_POINT('',(0.702500938186888,-0.85,5.6));
#7725=CARTESIAN_POINT('',(0.702500938186888,-0.85,5.61));
#7726=CARTESIAN_POINT('',(0.702500938186888,-0.85,5.61));
#7727=CARTESIAN_POINT('',(0.52794456655766,-0.85,5.61));
#7728=CARTESIAN_POINT('',(0.586130023767403,-0.85,5.61));
#7729=CARTESIAN_POINT('',(0.644315480977145,-0.85,5.61));
#7730=CARTESIAN_POINT('',(0.702500938186888,-0.85,5.61));
#7731=CARTESIAN_POINT('',(0.52794456655766,-0.85,5.61));
#7732=CARTESIAN_POINT('',(0.702500938186888,-0.85,5.6));
#7733=CARTESIAN_POINT('',(0.585343733805109,-0.591818026775816,5.6));
#7734=CARTESIAN_POINT('',(0.468186529423329,-0.333636053551633,5.6));
#7735=CARTESIAN_POINT('',(0.35102932504155,-0.0754540803274494,5.6));
#7736=CARTESIAN_POINT('',(0.35102932504155,-0.0754540803274494,5.6));
#7737=CARTESIAN_POINT('',(0.35102932504155,-0.0754540803274494,5.61));
#7738=CARTESIAN_POINT('',(0.35102932504155,-0.0754540803274494,5.61));
#7739=CARTESIAN_POINT('',(0.702500938186888,-0.85,5.61));
#7740=CARTESIAN_POINT('',(0.585343733805109,-0.591818026775816,5.61));
#7741=CARTESIAN_POINT('',(0.468186529423329,-0.333636053551633,5.61));
#7742=CARTESIAN_POINT('',(0.35102932504155,-0.0754540803274494,5.61));
#7743=CARTESIAN_POINT('',(0.702500938186888,-0.85,5.61));
#7744=CARTESIAN_POINT('',(0.35102932504155,-0.0754540803274494,5.6));
#7745=CARTESIAN_POINT('',(0.457473328687076,0.0769037264432507,5.6));
#7746=CARTESIAN_POINT('',(0.563917332332602,0.229261533213951,5.6));
#7747=CARTESIAN_POINT('',(0.670361335978128,0.381619339984651,5.6));
#7748=CARTESIAN_POINT('',(0.670361335978128,0.381619339984651,5.6));
#7749=CARTESIAN_POINT('',(0.670361335978128,0.381619339984651,5.61));
#7750=CARTESIAN_POINT('',(0.670361335978128,0.381619339984651,5.61));
#7751=CARTESIAN_POINT('',(0.35102932504155,-0.0754540803274494,5.61));
#7752=CARTESIAN_POINT('',(0.457473328687076,0.0769037264432507,5.61));
#7753=CARTESIAN_POINT('',(0.563917332332602,0.229261533213951,5.61));
#7754=CARTESIAN_POINT('',(0.670361335978128,0.381619339984651,5.61));
#7755=CARTESIAN_POINT('',(0.35102932504155,-0.0754540803274494,5.61));
#7756=CARTESIAN_POINT('',(0.670361335978128,0.381619339984651,5.6));
#7757=CARTESIAN_POINT('',(0.60932557765507,0.381619339984651,5.6));
#7758=CARTESIAN_POINT('',(0.548289819332012,0.381619339984651,5.6));
#7759=CARTESIAN_POINT('',(0.487254061008955,0.381619339984651,5.6));
#7760=CARTESIAN_POINT('',(0.487254061008955,0.381619339984651,5.6));
#7761=CARTESIAN_POINT('',(0.487254061008955,0.381619339984651,5.61));
#7762=CARTESIAN_POINT('',(0.487254061008955,0.381619339984651,5.61));
#7763=CARTESIAN_POINT('',(0.670361335978128,0.381619339984651,5.61));
#7764=CARTESIAN_POINT('',(0.60932557765507,0.381619339984651,5.61));
#7765=CARTESIAN_POINT('',(0.548289819332012,0.381619339984651,5.61));
#7766=CARTESIAN_POINT('',(0.487254061008955,0.381619339984651,5.61));
#7767=CARTESIAN_POINT('',(0.670361335978128,0.381619339984651,5.61));
#7768=CARTESIAN_POINT('',(0.487254061008955,0.381619339984651,5.6));
#7769=CARTESIAN_POINT('',(0.375600886363232,0.214620107444359,5.6));
#7770=CARTESIAN_POINT('',(0.263947711717509,0.0476208749040676,5.6));
#7771=CARTESIAN_POINT('',(0.152294537071786,-0.119378357636224,5.6));
#7772=CARTESIAN_POINT('',(0.152294537071786,-0.119378357636224,5.6));
#7773=CARTESIAN_POINT('',(0.152294537071786,-0.119378357636224,5.61));
#7774=CARTESIAN_POINT('',(0.152294537071786,-0.119378357636224,5.61));
#7775=CARTESIAN_POINT('',(0.487254061008955,0.381619339984651,5.61));
#7776=CARTESIAN_POINT('',(0.375600886363232,0.214620107444359,5.61));
#7777=CARTESIAN_POINT('',(0.263947711717509,0.0476208749040676,5.61));
#7778=CARTESIAN_POINT('',(0.152294537071786,-0.119378357636224,5.61));
#7779=CARTESIAN_POINT('',(0.487254061008955,0.381619339984651,5.61));
#7780=CARTESIAN_POINT('',(0.152294537071786,-0.119378357636224,5.6));
#7781=CARTESIAN_POINT('',(0.152294537071786,0.203747761575851,5.6));
#7782=CARTESIAN_POINT('',(0.152294537071786,0.526873880787925,5.6));
#7783=CARTESIAN_POINT('',(0.152294537071786,0.85,5.6));
#7784=CARTESIAN_POINT('',(0.152294537071786,0.85,5.6));
#7785=CARTESIAN_POINT('',(0.152294537071786,0.85,5.61));
#7786=CARTESIAN_POINT('',(0.152294537071786,0.85,5.61));
#7787=CARTESIAN_POINT('',(0.152294537071786,-0.119378357636224,5.61));
#7788=CARTESIAN_POINT('',(0.152294537071786,0.203747761575851,5.61));
#7789=CARTESIAN_POINT('',(0.152294537071786,0.526873880787925,5.61));
#7790=CARTESIAN_POINT('',(0.152294537071786,0.85,5.61));
#7791=CARTESIAN_POINT('',(0.152294537071786,-0.119378357636224,5.61));
#7792=CARTESIAN_POINT('',(0.152294537071786,0.85,5.6));
#7793=CARTESIAN_POINT('',(0.105117139334157,0.85,5.6));
#7794=CARTESIAN_POINT('',(0.0579397415965274,0.85,5.6));
#7795=CARTESIAN_POINT('',(0.0107623438588981,0.85,5.6));
#7796=CARTESIAN_POINT('',(0.152294537071786,0.85,5.61));
#7797=CARTESIAN_POINT('',(0.105117139334157,0.85,5.61));
#7798=CARTESIAN_POINT('',(0.0579397415965274,0.85,5.61));
#7799=CARTESIAN_POINT('',(0.0107623438588981,0.85,5.61));
#7800=CARTESIAN_POINT('',(0.152294537071786,0.85,5.61));
#7801=CARTESIAN_POINT('',(0.0107623438588982,1.0842021724855E-16,5.61));
#7802=CARTESIAN_POINT('',(0.0107623438588982,1.0842021724855E-16,5.6));
#7803=CARTESIAN_POINT('',(0.816021551493059,0.381619339984651,5.6));
#7804=CARTESIAN_POINT('',(0.816021551493059,-0.0289204400102326,5.6));
#7805=CARTESIAN_POINT('',(0.81602155149306,-0.439460220005116,5.6));
#7806=CARTESIAN_POINT('',(0.81602155149306,-0.85,5.6));
#7807=CARTESIAN_POINT('',(0.816021551493059,0.381619339984651,5.6));
#7808=CARTESIAN_POINT('',(0.81602155149306,-0.85,5.6));
#7809=CARTESIAN_POINT('',(0.81602155149306,-0.85,5.61));
#7810=CARTESIAN_POINT('',(0.81602155149306,-0.85,5.61));
#7811=CARTESIAN_POINT('',(0.816021551493059,0.381619339984651,5.61));
#7812=CARTESIAN_POINT('',(0.816021551493059,-0.0289204400102326,5.61));
#7813=CARTESIAN_POINT('',(0.81602155149306,-0.439460220005116,5.61));
#7814=CARTESIAN_POINT('',(0.81602155149306,-0.85,5.61));
#7815=CARTESIAN_POINT('',(0.816021551493059,0.381619339984651,5.61));
#7816=CARTESIAN_POINT('',(0.816021551493059,0.381619339984651,5.61));
#7817=CARTESIAN_POINT('',(0.816021551493059,0.381619339984651,5.61));
#7818=CARTESIAN_POINT('',(0.81602155149306,-0.85,5.6));
#7819=CARTESIAN_POINT('',(0.863198949230689,-0.85,5.6));
#7820=CARTESIAN_POINT('',(0.910376346968318,-0.85,5.6));
#7821=CARTESIAN_POINT('',(0.957553744705948,-0.85,5.6));
#7822=CARTESIAN_POINT('',(0.957553744705948,-0.85,5.6));
#7823=CARTESIAN_POINT('',(0.957553744705948,-0.85,5.61));
#7824=CARTESIAN_POINT('',(0.957553744705948,-0.85,5.61));
#7825=CARTESIAN_POINT('',(0.81602155149306,-0.85,5.61));
#7826=CARTESIAN_POINT('',(0.863198949230689,-0.85,5.61));
#7827=CARTESIAN_POINT('',(0.910376346968318,-0.85,5.61));
#7828=CARTESIAN_POINT('',(0.957553744705948,-0.85,5.61));
#7829=CARTESIAN_POINT('',(0.81602155149306,-0.85,5.61));
#7830=CARTESIAN_POINT('',(0.957553744705948,-0.85,5.6));
#7831=CARTESIAN_POINT('',(0.957553744705947,-0.439460220005116,5.6));
#7832=CARTESIAN_POINT('',(0.957553744705947,-0.0289204400102326,5.6));
#7833=CARTESIAN_POINT('',(0.957553744705947,0.381619339984651,5.6));
#7834=CARTESIAN_POINT('',(0.957553744705947,0.381619339984651,5.6));
#7835=CARTESIAN_POINT('',(0.957553744705947,0.381619339984651,5.61));
#7836=CARTESIAN_POINT('',(0.957553744705947,0.381619339984651,5.61));
#7837=CARTESIAN_POINT('',(0.957553744705948,-0.85,5.61));
#7838=CARTESIAN_POINT('',(0.957553744705947,-0.439460220005116,5.61));
#7839=CARTESIAN_POINT('',(0.957553744705947,-0.0289204400102326,5.61));
#7840=CARTESIAN_POINT('',(0.957553744705947,0.381619339984651,5.61));
#7841=CARTESIAN_POINT('',(0.957553744705948,-0.85,5.61));
#7842=CARTESIAN_POINT('',(0.957553744705947,0.381619339984651,5.6));
#7843=CARTESIAN_POINT('',(0.910376346968318,0.381619339984651,5.6));
#7844=CARTESIAN_POINT('',(0.863198949230689,0.381619339984651,5.6));
#7845=CARTESIAN_POINT('',(0.816021551493059,0.381619339984651,5.6));
#7846=CARTESIAN_POINT('',(0.957553744705947,0.381619339984651,5.61));
#7847=CARTESIAN_POINT('',(0.910376346968318,0.381619339984651,5.61));
#7848=CARTESIAN_POINT('',(0.863198949230689,0.381619339984651,5.61));
#7849=CARTESIAN_POINT('',(0.816021551493059,0.381619339984651,5.61));
#7850=CARTESIAN_POINT('',(0.957553744705947,0.381619339984651,5.61));
#7851=CARTESIAN_POINT('',(0.81602155149306,-0.234190330007674,5.61));
#7852=CARTESIAN_POINT('',(0.81602155149306,-0.234190330007674,5.6));
#7853=CARTESIAN_POINT('',(0.816021551493059,0.85,5.6));
#7854=CARTESIAN_POINT('',(0.816021551493059,0.769979534407777,5.6));
#7855=CARTESIAN_POINT('',(0.816021551493059,0.689959068815554,5.6));
#7856=CARTESIAN_POINT('',(0.816021551493059,0.609938603223331,5.6));
#7857=CARTESIAN_POINT('',(0.816021551493059,0.85,5.6));
#7858=CARTESIAN_POINT('',(0.816021551493059,0.609938603223331,5.6));
#7859=CARTESIAN_POINT('',(0.816021551493059,0.609938603223331,5.61));
#7860=CARTESIAN_POINT('',(0.816021551493059,0.609938603223331,5.61));
#7861=CARTESIAN_POINT('',(0.816021551493059,0.85,5.61));
#7862=CARTESIAN_POINT('',(0.816021551493059,0.769979534407777,5.61));
#7863=CARTESIAN_POINT('',(0.816021551493059,0.689959068815554,5.61));
#7864=CARTESIAN_POINT('',(0.816021551493059,0.609938603223331,5.61));
#7865=CARTESIAN_POINT('',(0.816021551493059,0.85,5.61));
#7866=CARTESIAN_POINT('',(0.816021551493059,0.85,5.61));
#7867=CARTESIAN_POINT('',(0.816021551493059,0.85,5.61));
#7868=CARTESIAN_POINT('',(0.816021551493059,0.609938603223331,5.6));
#7869=CARTESIAN_POINT('',(0.863198949230689,0.609938603223331,5.6));
#7870=CARTESIAN_POINT('',(0.910376346968318,0.609938603223331,5.6));
#7871=CARTESIAN_POINT('',(0.957553744705947,0.609938603223331,5.6));
#7872=CARTESIAN_POINT('',(0.957553744705947,0.609938603223331,5.6));
#7873=CARTESIAN_POINT('',(0.957553744705947,0.609938603223331,5.61));
#7874=CARTESIAN_POINT('',(0.957553744705947,0.609938603223331,5.61));
#7875=CARTESIAN_POINT('',(0.816021551493059,0.609938603223331,5.61));
#7876=CARTESIAN_POINT('',(0.863198949230689,0.609938603223331,5.61));
#7877=CARTESIAN_POINT('',(0.910376346968318,0.609938603223331,5.61));
#7878=CARTESIAN_POINT('',(0.957553744705947,0.609938603223331,5.61));
#7879=CARTESIAN_POINT('',(0.816021551493059,0.609938603223331,5.61));
#7880=CARTESIAN_POINT('',(0.957553744705947,0.609938603223331,5.6));
#7881=CARTESIAN_POINT('',(0.957553744705947,0.689959068815554,5.6));
#7882=CARTESIAN_POINT('',(0.957553744705947,0.769979534407777,5.6));
#7883=CARTESIAN_POINT('',(0.957553744705947,0.85,5.6));
#7884=CARTESIAN_POINT('',(0.957553744705947,0.85,5.6));
#7885=CARTESIAN_POINT('',(0.957553744705947,0.85,5.61));
#7886=CARTESIAN_POINT('',(0.957553744705947,0.85,5.61));
#7887=CARTESIAN_POINT('',(0.957553744705947,0.609938603223331,5.61));
#7888=CARTESIAN_POINT('',(0.957553744705947,0.689959068815554,5.61));
#7889=CARTESIAN_POINT('',(0.957553744705947,0.769979534407777,5.61));
#7890=CARTESIAN_POINT('',(0.957553744705947,0.85,5.61));
#7891=CARTESIAN_POINT('',(0.957553744705947,0.609938603223331,5.61));
#7892=CARTESIAN_POINT('',(0.957553744705947,0.85,5.6));
#7893=CARTESIAN_POINT('',(0.910376346968318,0.85,5.6));
#7894=CARTESIAN_POINT('',(0.863198949230689,0.85,5.6));
#7895=CARTESIAN_POINT('',(0.816021551493059,0.85,5.6));
#7896=CARTESIAN_POINT('',(0.957553744705947,0.85,5.61));
#7897=CARTESIAN_POINT('',(0.910376346968318,0.85,5.61));
#7898=CARTESIAN_POINT('',(0.863198949230689,0.85,5.61));
#7899=CARTESIAN_POINT('',(0.816021551493059,0.85,5.61));
#7900=CARTESIAN_POINT('',(0.957553744705947,0.85,5.61));
#7901=CARTESIAN_POINT('',(0.816021551493059,0.729969301611666,5.61));
#7902=CARTESIAN_POINT('',(0.816021551493059,0.729969301611666,5.6));
#7903=CARTESIAN_POINT('',(1.17280062188388,0.381619339984651,5.6));
#7904=CARTESIAN_POINT('',(1.17280062188388,-0.0289204400102325,5.6));
#7905=CARTESIAN_POINT('',(1.17280062188388,-0.439460220005116,5.6));
#7906=CARTESIAN_POINT('',(1.17280062188388,-0.85,5.6));
#7907=CARTESIAN_POINT('',(1.17280062188388,0.381619339984651,5.6));
#7908=CARTESIAN_POINT('',(1.17280062188388,-0.85,5.6));
#7909=CARTESIAN_POINT('',(1.17280062188388,-0.85,5.61));
#7910=CARTESIAN_POINT('',(1.17280062188388,-0.85,5.61));
#7911=CARTESIAN_POINT('',(1.17280062188388,0.381619339984651,5.61));
#7912=CARTESIAN_POINT('',(1.17280062188388,-0.0289204400102325,5.61));
#7913=CARTESIAN_POINT('',(1.17280062188388,-0.439460220005116,5.61));
#7914=CARTESIAN_POINT('',(1.17280062188388,-0.85,5.61));
#7915=CARTESIAN_POINT('',(1.17280062188388,0.381619339984651,5.61));
#7916=CARTESIAN_POINT('',(1.17280062188388,0.381619339984651,5.61));
#7917=CARTESIAN_POINT('',(1.17280062188388,0.381619339984651,5.61));
#7918=CARTESIAN_POINT('',(1.17280062188388,-0.85,5.6));
#7919=CARTESIAN_POINT('',(1.21997801962151,-0.85,5.6));
#7920=CARTESIAN_POINT('',(1.26715541735914,-0.85,5.6));
#7921=CARTESIAN_POINT('',(1.31433281509677,-0.85,5.6));
#7922=CARTESIAN_POINT('',(1.31433281509677,-0.85,5.6));
#7923=CARTESIAN_POINT('',(1.31433281509677,-0.85,5.61));
#7924=CARTESIAN_POINT('',(1.31433281509677,-0.85,5.61));
#7925=CARTESIAN_POINT('',(1.17280062188388,-0.85,5.61));
#7926=CARTESIAN_POINT('',(1.21997801962151,-0.85,5.61));
#7927=CARTESIAN_POINT('',(1.26715541735914,-0.85,5.61));
#7928=CARTESIAN_POINT('',(1.31433281509677,-0.85,5.61));
#7929=CARTESIAN_POINT('',(1.17280062188388,-0.85,5.61));
#7930=CARTESIAN_POINT('',(1.31433281509677,-0.85,5.6));
#7931=CARTESIAN_POINT('',(1.31433281509677,-0.625739745885563,5.6));
#7932=CARTESIAN_POINT('',(1.31433281509677,-0.401479491771126,5.6));
#7933=CARTESIAN_POINT('',(1.31433281509677,-0.0197876694806854,5.6));
#7934=CARTESIAN_POINT('',(1.33615236155042,0.087196213865439,5.6));
#7935=CARTESIAN_POINT('',(1.38008631319359,0.143732412381684,5.6));
#7936=CARTESIAN_POINT('',(1.38008631319359,0.143732412381684,5.6));
#7937=CARTESIAN_POINT('',(1.38008631319359,0.143732412381684,5.61));
#7938=CARTESIAN_POINT('',(1.38008631319359,0.143732412381684,5.61));
#7939=CARTESIAN_POINT('',(1.31433281509677,-0.85,5.61));
#7940=CARTESIAN_POINT('',(1.31433281509677,-0.625739745885563,5.61));
#7941=CARTESIAN_POINT('',(1.31433281509677,-0.401479491771126,5.61));
#7942=CARTESIAN_POINT('',(1.31433281509677,-0.0197876694806854,5.61));
#7943=CARTESIAN_POINT('',(1.33615236155042,0.087196213865439,5.61));
#7944=CARTESIAN_POINT('',(1.38008631319359,0.143732412381684,5.61));
#7945=CARTESIAN_POINT('',(1.31433281509677,-0.85,5.61));
#7946=CARTESIAN_POINT('',(1.31433281509677,-0.625739745885563,5.61));
#7947=CARTESIAN_POINT('',(1.31433281509677,-0.401479491771126,5.61));
#7948=CARTESIAN_POINT('',(1.31433281509677,-0.0197876694806854,5.61));
#7949=CARTESIAN_POINT('',(1.33615236155042,0.087196213865439,5.61));
#7950=CARTESIAN_POINT('',(1.38008631319359,0.143732412381684,5.61));
#7951=CARTESIAN_POINT('',(1.38008631319359,0.143732412381684,5.6));
#7952=CARTESIAN_POINT('',(1.4237254061009,0.200268610897928,5.6));
#7953=CARTESIAN_POINT('',(1.47591540234815,0.228536710156051,5.6));
#7954=CARTESIAN_POINT('',(1.57380850265373,0.228536710156051,5.6));
#7955=CARTESIAN_POINT('',(1.60653782233421,0.21592478894858,5.6));
#7956=CARTESIAN_POINT('',(1.63484426097679,0.190700946533641,5.6));
#7957=CARTESIAN_POINT('',(1.63484426097679,0.190700946533641,5.6));
#7958=CARTESIAN_POINT('',(1.63484426097679,0.190700946533641,5.61));
#7959=CARTESIAN_POINT('',(1.63484426097679,0.190700946533641,5.61));
#7960=CARTESIAN_POINT('',(1.38008631319359,0.143732412381684,5.61));
#7961=CARTESIAN_POINT('',(1.4237254061009,0.200268610897928,5.61));
#7962=CARTESIAN_POINT('',(1.47591540234815,0.228536710156051,5.61));
#7963=CARTESIAN_POINT('',(1.57380850265373,0.228536710156051,5.61));
#7964=CARTESIAN_POINT('',(1.60653782233421,0.21592478894858,5.61));
#7965=CARTESIAN_POINT('',(1.63484426097679,0.190700946533641,5.61));
#7966=CARTESIAN_POINT('',(1.38008631319359,0.143732412381684,5.61));
#7967=CARTESIAN_POINT('',(1.4237254061009,0.200268610897928,5.61));
#7968=CARTESIAN_POINT('',(1.47591540234815,0.228536710156051,5.61));
#7969=CARTESIAN_POINT('',(1.57380850265373,0.228536710156051,5.61));
#7970=CARTESIAN_POINT('',(1.60653782233421,0.21592478894858,5.61));
#7971=CARTESIAN_POINT('',(1.63484426097679,0.190700946533641,5.61));
#7972=CARTESIAN_POINT('',(1.63484426097679,0.190700946533641,5.6));
#7973=CARTESIAN_POINT('',(1.66285584088351,0.165477104118701,5.6));
#7974=CARTESIAN_POINT('',(1.68231651745028,0.131990278843694,5.6));
#7975=CARTESIAN_POINT('',(1.6932262906771,0.089805576873881,5.6));
#7976=CARTESIAN_POINT('',(1.6932262906771,0.089805576873881,5.6));
#7977=CARTESIAN_POINT('',(1.6932262906771,0.089805576873881,5.61));
#7978=CARTESIAN_POINT('',(1.6932262906771,0.089805576873881,5.61));
#7979=CARTESIAN_POINT('',(1.63484426097679,0.190700946533641,5.61));
#7980=CARTESIAN_POINT('',(1.66285584088351,0.165477104118701,5.61));
#7981=CARTESIAN_POINT('',(1.68231651745028,0.131990278843694,5.61));
#7982=CARTESIAN_POINT('',(1.6932262906771,0.089805576873881,5.61));
#7983=CARTESIAN_POINT('',(1.63484426097679,0.190700946533641,5.61));
#7984=CARTESIAN_POINT('',(1.66285584088351,0.165477104118701,5.61));
#7985=CARTESIAN_POINT('',(1.68231651745028,0.131990278843694,5.61));
#7986=CARTESIAN_POINT('',(1.6932262906771,0.089805576873881,5.61));
#7987=CARTESIAN_POINT('',(1.6932262906771,0.089805576873881,5.6));
#7988=CARTESIAN_POINT('',(1.70443092263979,0.0476208749040679,5.6));
#7989=CARTESIAN_POINT('',(1.70973837988527,-0.0158736249680222,5.6));
#7990=CARTESIAN_POINT('',(1.70973837988527,-0.350451948494926,5.6));
#7991=CARTESIAN_POINT('',(1.70973837988527,-0.600225974247463,5.6));
#7992=CARTESIAN_POINT('',(1.70973837988527,-0.85,5.6));
#7993=CARTESIAN_POINT('',(1.70973837988527,-0.85,5.6));
#7994=CARTESIAN_POINT('',(1.70973837988527,-0.85,5.61));
#7995=CARTESIAN_POINT('',(1.70973837988527,-0.85,5.61));
#7996=CARTESIAN_POINT('',(1.6932262906771,0.089805576873881,5.61));
#7997=CARTESIAN_POINT('',(1.70443092263979,0.0476208749040679,5.61));
#7998=CARTESIAN_POINT('',(1.70973837988527,-0.0158736249680222,5.61));
#7999=CARTESIAN_POINT('',(1.70973837988527,-0.350451948494926,5.61));
#8000=CARTESIAN_POINT('',(1.70973837988527,-0.600225974247463,5.61));
#8001=CARTESIAN_POINT('',(1.70973837988527,-0.85,5.61));
#8002=CARTESIAN_POINT('',(1.6932262906771,0.089805576873881,5.61));
#8003=CARTESIAN_POINT('',(1.70443092263979,0.0476208749040679,5.61));
#8004=CARTESIAN_POINT('',(1.70973837988527,-0.0158736249680222,5.61));
#8005=CARTESIAN_POINT('',(1.70973837988527,-0.350451948494926,5.61));
#8006=CARTESIAN_POINT('',(1.70973837988527,-0.600225974247463,5.61));
#8007=CARTESIAN_POINT('',(1.70973837988527,-0.85,5.61));
#8008=CARTESIAN_POINT('',(1.70973837988527,-0.85,5.6));
#8009=CARTESIAN_POINT('',(1.7569157776229,-0.85,5.6));
#8010=CARTESIAN_POINT('',(1.80409317536053,-0.85,5.6));
#8011=CARTESIAN_POINT('',(1.85127057309816,-0.85,5.6));
#8012=CARTESIAN_POINT('',(1.85127057309816,-0.85,5.6));
#8013=CARTESIAN_POINT('',(1.85127057309816,-0.85,5.61));
#8014=CARTESIAN_POINT('',(1.85127057309816,-0.85,5.61));
#8015=CARTESIAN_POINT('',(1.70973837988527,-0.85,5.61));
#8016=CARTESIAN_POINT('',(1.7569157776229,-0.85,5.61));
#8017=CARTESIAN_POINT('',(1.80409317536053,-0.85,5.61));
#8018=CARTESIAN_POINT('',(1.85127057309816,-0.85,5.61));
#8019=CARTESIAN_POINT('',(1.70973837988527,-0.85,5.61));
#8020=CARTESIAN_POINT('',(1.85127057309816,-0.85,5.6));
#8021=CARTESIAN_POINT('',(1.85127057309816,-0.597616611239021,5.6));
#8022=CARTESIAN_POINT('',(1.85127057309816,-0.345233222478042,5.6));
#8023=CARTESIAN_POINT('',(1.85127057309816,0.00369659759529328,5.6));
#8024=CARTESIAN_POINT('',(1.84861684447542,0.0715400358147868,5.6));
#8025=CARTESIAN_POINT('',(1.8436042459658,0.110245587106677,5.6));
#8026=CARTESIAN_POINT('',(1.8436042459658,0.110245587106677,5.6));
#8027=CARTESIAN_POINT('',(1.8436042459658,0.110245587106677,5.61));
#8028=CARTESIAN_POINT('',(1.8436042459658,0.110245587106677,5.61));
#8029=CARTESIAN_POINT('',(1.85127057309816,-0.85,5.61));
#8030=CARTESIAN_POINT('',(1.85127057309816,-0.597616611239021,5.61));
#8031=CARTESIAN_POINT('',(1.85127057309816,-0.345233222478042,5.61));
#8032=CARTESIAN_POINT('',(1.85127057309816,0.00369659759529328,5.61));
#8033=CARTESIAN_POINT('',(1.84861684447542,0.0715400358147868,5.61));
#8034=CARTESIAN_POINT('',(1.8436042459658,0.110245587106677,5.61));
#8035=CARTESIAN_POINT('',(1.85127057309816,-0.85,5.61));
#8036=CARTESIAN_POINT('',(1.85127057309816,-0.597616611239021,5.61));
#8037=CARTESIAN_POINT('',(1.85127057309816,-0.345233222478042,5.61));
#8038=CARTESIAN_POINT('',(1.85127057309816,0.00369659759529328,5.61));
#8039=CARTESIAN_POINT('',(1.84861684447542,0.0715400358147868,5.61));
#8040=CARTESIAN_POINT('',(1.8436042459658,0.110245587106677,5.61));
#8041=CARTESIAN_POINT('',(1.8436042459658,0.110245587106677,5.6));
#8042=CARTESIAN_POINT('',(1.83505334262585,0.169826042466104,5.6));
#8043=CARTESIAN_POINT('',(1.82031040583284,0.221143514965465,5.6));
#8044=CARTESIAN_POINT('',(1.79937543558677,0.264198004604759,5.6));
#8045=CARTESIAN_POINT('',(1.79937543558677,0.264198004604759,5.6));
#8046=CARTESIAN_POINT('',(1.79937543558677,0.264198004604759,5.61));
#8047=CARTESIAN_POINT('',(1.79937543558677,0.264198004604759,5.61));
#8048=CARTESIAN_POINT('',(1.8436042459658,0.110245587106677,5.61));
#8049=CARTESIAN_POINT('',(1.83505334262585,0.169826042466104,5.61));
#8050=CARTESIAN_POINT('',(1.82031040583284,0.221143514965465,5.61));
#8051=CARTESIAN_POINT('',(1.79937543558677,0.264198004604759,5.61));
#8052=CARTESIAN_POINT('',(1.8436042459658,0.110245587106677,5.61));
#8053=CARTESIAN_POINT('',(1.83505334262585,0.169826042466104,5.61));
#8054=CARTESIAN_POINT('',(1.82031040583284,0.221143514965465,5.61));
#8055=CARTESIAN_POINT('',(1.79937543558677,0.264198004604759,5.61));
#8056=CARTESIAN_POINT('',(1.79937543558677,0.264198004604759,5.6));
#8057=CARTESIAN_POINT('',(1.7784404653407,0.307687388078793,5.6));
#8058=CARTESIAN_POINT('',(1.74689058060366,0.34247889485802,5.6));
#8059=CARTESIAN_POINT('',(1.70472578137565,0.369442312611922,5.6));
#8060=CARTESIAN_POINT('',(1.70472578137565,0.369442312611922,5.6));
#8061=CARTESIAN_POINT('',(1.70472578137565,0.369442312611922,5.61));
#8062=CARTESIAN_POINT('',(1.70472578137565,0.369442312611922,5.61));
#8063=CARTESIAN_POINT('',(1.79937543558677,0.264198004604759,5.61));
#8064=CARTESIAN_POINT('',(1.7784404653407,0.307687388078793,5.61));
#8065=CARTESIAN_POINT('',(1.74689058060366,0.34247889485802,5.61));
#8066=CARTESIAN_POINT('',(1.70472578137565,0.369442312611922,5.61));
#8067=CARTESIAN_POINT('',(1.79937543558677,0.264198004604759,5.61));
#8068=CARTESIAN_POINT('',(1.7784404653407,0.307687388078793,5.61));
#8069=CARTESIAN_POINT('',(1.74689058060366,0.34247889485802,5.61));
#8070=CARTESIAN_POINT('',(1.70472578137565,0.369442312611922,5.61));
#8071=CARTESIAN_POINT('',(1.70472578137565,0.369442312611922,5.6));
#8072=CARTESIAN_POINT('',(1.66256098214764,0.395970836531082,5.6));
#8073=CARTESIAN_POINT('',(1.6162681606176,0.409452545408033,5.6));
#8074=CARTESIAN_POINT('',(1.44996783359245,0.409452545408033,5.6));
#8075=CARTESIAN_POINT('',(1.3615102128344,0.341609107188539,5.6));
#8076=CARTESIAN_POINT('',(1.30017959577548,0.206357124584293,5.6));
#8077=CARTESIAN_POINT('',(1.30017959577548,0.206357124584293,5.6));
#8078=CARTESIAN_POINT('',(1.30017959577548,0.206357124584293,5.61));
#8079=CARTESIAN_POINT('',(1.30017959577548,0.206357124584293,5.61));
#8080=CARTESIAN_POINT('',(1.70472578137565,0.369442312611922,5.61));
#8081=CARTESIAN_POINT('',(1.66256098214764,0.395970836531082,5.61));
#8082=CARTESIAN_POINT('',(1.6162681606176,0.409452545408033,5.61));
#8083=CARTESIAN_POINT('',(1.44996783359245,0.409452545408033,5.61));
#8084=CARTESIAN_POINT('',(1.3615102128344,0.341609107188539,5.61));
#8085=CARTESIAN_POINT('',(1.30017959577548,0.206357124584293,5.61));
#8086=CARTESIAN_POINT('',(1.70472578137565,0.369442312611922,5.61));
#8087=CARTESIAN_POINT('',(1.66256098214764,0.395970836531082,5.61));
#8088=CARTESIAN_POINT('',(1.6162681606176,0.409452545408033,5.61));
#8089=CARTESIAN_POINT('',(1.44996783359245,0.409452545408033,5.61));
#8090=CARTESIAN_POINT('',(1.3615102128344,0.341609107188539,5.61));
#8091=CARTESIAN_POINT('',(1.30017959577548,0.206357124584293,5.61));
#8092=CARTESIAN_POINT('',(1.30017959577548,0.206357124584293,5.6));
#8093=CARTESIAN_POINT('',(1.30017959577548,0.264777863051079,5.6));
#8094=CARTESIAN_POINT('',(1.30017959577548,0.323198601517865,5.6));
#8095=CARTESIAN_POINT('',(1.30017959577548,0.381619339984651,5.6));
#8096=CARTESIAN_POINT('',(1.30017959577548,0.381619339984651,5.6));
#8097=CARTESIAN_POINT('',(1.30017959577548,0.381619339984651,5.61));
#8098=CARTESIAN_POINT('',(1.30017959577548,0.381619339984651,5.61));
#8099=CARTESIAN_POINT('',(1.30017959577548,0.206357124584293,5.61));
#8100=CARTESIAN_POINT('',(1.30017959577548,0.264777863051079,5.61));
#8101=CARTESIAN_POINT('',(1.30017959577548,0.323198601517865,5.61));
#8102=CARTESIAN_POINT('',(1.30017959577548,0.381619339984651,5.61));
#8103=CARTESIAN_POINT('',(1.30017959577548,0.206357124584293,5.61));
#8104=CARTESIAN_POINT('',(1.30017959577548,0.381619339984651,5.6));
#8105=CARTESIAN_POINT('',(1.25771993781161,0.381619339984651,5.6));
#8106=CARTESIAN_POINT('',(1.21526027984775,0.381619339984651,5.6));
#8107=CARTESIAN_POINT('',(1.17280062188388,0.381619339984651,5.6));
#8108=CARTESIAN_POINT('',(1.30017959577548,0.381619339984651,5.61));
#8109=CARTESIAN_POINT('',(1.25771993781161,0.381619339984651,5.61));
#8110=CARTESIAN_POINT('',(1.21526027984775,0.381619339984651,5.61));
#8111=CARTESIAN_POINT('',(1.17280062188388,0.381619339984651,5.61));
#8112=CARTESIAN_POINT('',(1.30017959577548,0.381619339984651,5.61));
#8113=CARTESIAN_POINT('',(1.31433281509677,-0.277462266564339,5.61));
#8114=CARTESIAN_POINT('',(1.31433281509677,-0.277462266564339,5.6));
#8115=CARTESIAN_POINT('',(2.22485659143302,-0.566014325914556,5.6));
#8116=CARTESIAN_POINT('',(2.18121749852571,-0.491647480173957,5.6));
#8117=CARTESIAN_POINT('',(2.15939795207205,-0.373791250959324,5.6));
#8118=CARTESIAN_POINT('',(2.15939795207205,-0.0637119467894597,5.6));
#8119=CARTESIAN_POINT('',(2.18151235726157,0.0480557687388083,5.6));
#8120=CARTESIAN_POINT('',(2.2696446191007,0.198981748023513,5.6));
#8121=CARTESIAN_POINT('',(2.32304455047446,0.236364799181377,5.6));
#8122=CARTESIAN_POINT('',(2.44983380689433,0.236364799181377,5.6));
#8123=CARTESIAN_POINT('',(2.50438267302847,0.198094141724227,5.6));
#8124=CARTESIAN_POINT('',(2.54979091835094,0.121552826809926,5.6));
#8125=CARTESIAN_POINT('',(2.22485659143302,-0.566014325914556,5.6));
#8126=CARTESIAN_POINT('',(2.54979091835094,0.121552826809926,5.6));
#8127=CARTESIAN_POINT('',(2.54979091835094,0.121552826809926,5.61));
#8128=CARTESIAN_POINT('',(2.54979091835094,0.121552826809926,5.61));
#8129=CARTESIAN_POINT('',(2.22485659143302,-0.566014325914556,5.61));
#8130=CARTESIAN_POINT('',(2.18121749852571,-0.491647480173957,5.61));
#8131=CARTESIAN_POINT('',(2.15939795207205,-0.373791250959324,5.61));
#8132=CARTESIAN_POINT('',(2.15939795207205,-0.0637119467894597,5.61));
#8133=CARTESIAN_POINT('',(2.18151235726157,0.0480557687388083,5.61));
#8134=CARTESIAN_POINT('',(2.2696446191007,0.198981748023513,5.61));
#8135=CARTESIAN_POINT('',(2.32304455047446,0.236364799181377,5.61));
#8136=CARTESIAN_POINT('',(2.44983380689433,0.236364799181377,5.61));
#8137=CARTESIAN_POINT('',(2.50438267302847,0.198094141724227,5.61));
#8138=CARTESIAN_POINT('',(2.54979091835094,0.121552826809926,5.61));
#8139=CARTESIAN_POINT('',(2.22485659143302,-0.566014325914556,5.61));
#8140=CARTESIAN_POINT('',(2.22485659143302,-0.566014325914556,5.61));
#8141=CARTESIAN_POINT('',(2.22485659143302,-0.566014325914556,5.61));
#8142=CARTESIAN_POINT('',(2.18121749852571,-0.491647480173957,5.61));
#8143=CARTESIAN_POINT('',(2.15939795207205,-0.373791250959324,5.61));
#8144=CARTESIAN_POINT('',(2.15939795207205,-0.0637119467894597,5.61));
#8145=CARTESIAN_POINT('',(2.18151235726157,0.0480557687388083,5.61));
#8146=CARTESIAN_POINT('',(2.2696446191007,0.198981748023513,5.61));
#8147=CARTESIAN_POINT('',(2.32304455047446,0.236364799181377,5.61));
#8148=CARTESIAN_POINT('',(2.44983380689433,0.236364799181377,5.61));
#8149=CARTESIAN_POINT('',(2.50438267302847,0.198094141724227,5.61));
#8150=CARTESIAN_POINT('',(2.54979091835094,0.121552826809926,5.61));
#8151=CARTESIAN_POINT('',(2.18003806358227,-0.982207725761064,5.6));
#8152=CARTESIAN_POINT('',(2.13413838703337,-0.972205167562036,5.6));
#8153=CARTESIAN_POINT('',(2.08823871048446,-0.962202609363008,5.6));
#8154=CARTESIAN_POINT('',(2.04233903393556,-0.95220005116398,5.6));
#8155=CARTESIAN_POINT('',(2.18003806358227,-0.982207725761064,5.6));
#8156=CARTESIAN_POINT('',(2.04233903393556,-0.95220005116398,5.6));
#8157=CARTESIAN_POINT('',(2.04233903393556,-0.95220005116398,5.61));
#8158=CARTESIAN_POINT('',(2.04233903393556,-0.95220005116398,5.61));
#8159=CARTESIAN_POINT('',(2.18003806358227,-0.982207725761064,5.61));
#8160=CARTESIAN_POINT('',(2.13413838703337,-0.972205167562036,5.61));
#8161=CARTESIAN_POINT('',(2.08823871048446,-0.962202609363008,5.61));
#8162=CARTESIAN_POINT('',(2.04233903393556,-0.95220005116398,5.61));
#8163=CARTESIAN_POINT('',(2.18003806358227,-0.982207725761064,5.61));
#8164=CARTESIAN_POINT('',(2.18003806358227,-0.982207725761064,5.61));
#8165=CARTESIAN_POINT('',(2.18003806358227,-0.982207725761064,5.61));
#8166=CARTESIAN_POINT('',(2.04233903393556,-0.95220005116398,5.6));
#8167=CARTESIAN_POINT('',(2.04027502278454,-1.08484267075978,5.6));
#8168=CARTESIAN_POINT('',(2.06976089637056,-1.18443335891532,5.6));
#8169=CARTESIAN_POINT('',(2.1924221304884,-1.31664108467639,5.6));
#8170=CARTESIAN_POINT('',(2.27291856537823,-1.34969301611665,5.6));
#8171=CARTESIAN_POINT('',(2.45632069908326,-1.34969301611665,5.6));
#8172=CARTESIAN_POINT('',(2.5270867956897,-1.32664364287542,5.6));
#8173=CARTESIAN_POINT('',(2.58458424918244,-1.2801100025582,5.6));
#8174=CARTESIAN_POINT('',(2.58458424918244,-1.2801100025582,5.6));
#8175=CARTESIAN_POINT('',(2.58458424918244,-1.2801100025582,5.61));
#8176=CARTESIAN_POINT('',(2.58458424918244,-1.2801100025582,5.61));
#8177=CARTESIAN_POINT('',(2.04233903393556,-0.95220005116398,5.61));
#8178=CARTESIAN_POINT('',(2.04027502278454,-1.08484267075978,5.61));
#8179=CARTESIAN_POINT('',(2.06976089637056,-1.18443335891532,5.61));
#8180=CARTESIAN_POINT('',(2.1924221304884,-1.31664108467639,5.61));
#8181=CARTESIAN_POINT('',(2.27291856537823,-1.34969301611665,5.61));
#8182=CARTESIAN_POINT('',(2.45632069908326,-1.34969301611665,5.61));
#8183=CARTESIAN_POINT('',(2.5270867956897,-1.32664364287542,5.61));
#8184=CARTESIAN_POINT('',(2.58458424918244,-1.2801100025582,5.61));
#8185=CARTESIAN_POINT('',(2.04233903393556,-0.95220005116398,5.61));
#8186=CARTESIAN_POINT('',(2.04027502278454,-1.08484267075978,5.61));
#8187=CARTESIAN_POINT('',(2.06976089637056,-1.18443335891532,5.61));
#8188=CARTESIAN_POINT('',(2.1924221304884,-1.31664108467639,5.61));
#8189=CARTESIAN_POINT('',(2.27291856537823,-1.34969301611665,5.61));
#8190=CARTESIAN_POINT('',(2.45632069908326,-1.34969301611665,5.61));
#8191=CARTESIAN_POINT('',(2.5270867956897,-1.32664364287542,5.61));
#8192=CARTESIAN_POINT('',(2.58458424918244,-1.2801100025582,5.61));
#8193=CARTESIAN_POINT('',(2.58458424918244,-1.2801100025582,5.6));
#8194=CARTESIAN_POINT('',(2.64178684393931,-1.23401125607572,5.6));
#8195=CARTESIAN_POINT('',(2.68365678443146,-1.17051675620363,5.6));
#8196=CARTESIAN_POINT('',(2.73673135688629,-1.01047582501919,5.6));
#8197=CARTESIAN_POINT('',(2.75,-0.874788948580199,5.6));
#8198=CARTESIAN_POINT('',(2.75,-0.328127398311588,5.6));
#8199=CARTESIAN_POINT('',(2.75,0.0267459708365316,5.6));
#8200=CARTESIAN_POINT('',(2.75,0.381619339984651,5.6));
#8201=CARTESIAN_POINT('',(2.75,0.381619339984651,5.6));
#8202=CARTESIAN_POINT('',(2.75,0.381619339984651,5.61));
#8203=CARTESIAN_POINT('',(2.75,0.381619339984651,5.61));
#8204=CARTESIAN_POINT('',(2.58458424918244,-1.2801100025582,5.61));
#8205=CARTESIAN_POINT('',(2.64178684393931,-1.23401125607572,5.61));
#8206=CARTESIAN_POINT('',(2.68365678443146,-1.17051675620363,5.61));
#8207=CARTESIAN_POINT('',(2.73673135688629,-1.01047582501919,5.61));
#8208=CARTESIAN_POINT('',(2.75,-0.874788948580199,5.61));
#8209=CARTESIAN_POINT('',(2.75,-0.328127398311588,5.61));
#8210=CARTESIAN_POINT('',(2.75,0.0267459708365316,5.61));
#8211=CARTESIAN_POINT('',(2.75,0.381619339984651,5.61));
#8212=CARTESIAN_POINT('',(2.58458424918244,-1.2801100025582,5.61));
#8213=CARTESIAN_POINT('',(2.64178684393931,-1.23401125607572,5.61));
#8214=CARTESIAN_POINT('',(2.68365678443146,-1.17051675620363,5.61));
#8215=CARTESIAN_POINT('',(2.73673135688629,-1.01047582501919,5.61));
#8216=CARTESIAN_POINT('',(2.75,-0.874788948580199,5.61));
#8217=CARTESIAN_POINT('',(2.75,-0.328127398311588,5.61));
#8218=CARTESIAN_POINT('',(2.75,0.0267459708365316,5.61));
#8219=CARTESIAN_POINT('',(2.75,0.381619339984651,5.61));
#8220=CARTESIAN_POINT('',(2.75,0.381619339984651,5.6));
#8221=CARTESIAN_POINT('',(2.70645919333798,0.381619339984651,5.6));
#8222=CARTESIAN_POINT('',(2.66291838667596,0.381619339984651,5.6));
#8223=CARTESIAN_POINT('',(2.61937758001394,0.381619339984651,5.6));
#8224=CARTESIAN_POINT('',(2.61937758001394,0.381619339984651,5.6));
#8225=CARTESIAN_POINT('',(2.61937758001394,0.381619339984651,5.61));
#8226=CARTESIAN_POINT('',(2.61937758001394,0.381619339984651,5.61));
#8227=CARTESIAN_POINT('',(2.75,0.381619339984651,5.61));
#8228=CARTESIAN_POINT('',(2.70645919333798,0.381619339984651,5.61));
#8229=CARTESIAN_POINT('',(2.66291838667596,0.381619339984651,5.61));
#8230=CARTESIAN_POINT('',(2.61937758001394,0.381619339984651,5.61));
#8231=CARTESIAN_POINT('',(2.75,0.381619339984651,5.61));
#8232=CARTESIAN_POINT('',(2.61937758001394,0.381619339984651,5.6));
#8233=CARTESIAN_POINT('',(2.61937758001394,0.332041442824252,5.6));
#8234=CARTESIAN_POINT('',(2.61937758001394,0.282463545663853,5.6));
#8235=CARTESIAN_POINT('',(2.61937758001394,0.232885648503454,5.6));
#8236=CARTESIAN_POINT('',(2.61937758001394,0.232885648503454,5.6));
#8237=CARTESIAN_POINT('',(2.61937758001394,0.232885648503454,5.61));
#8238=CARTESIAN_POINT('',(2.61937758001394,0.232885648503454,5.61));
#8239=CARTESIAN_POINT('',(2.61937758001394,0.381619339984651,5.61));
#8240=CARTESIAN_POINT('',(2.61937758001394,0.332041442824252,5.61));
#8241=CARTESIAN_POINT('',(2.61937758001394,0.282463545663853,5.61));
#8242=CARTESIAN_POINT('',(2.61937758001394,0.232885648503454,5.61));
#8243=CARTESIAN_POINT('',(2.61937758001394,0.381619339984651,5.61));
#8244=CARTESIAN_POINT('',(2.61937758001394,0.232885648503454,5.6));
#8245=CARTESIAN_POINT('',(2.55539323433228,0.350741877718087,5.6));
#8246=CARTESIAN_POINT('',(2.47430708197073,0.409452545408033,5.6));
#8247=CARTESIAN_POINT('',(2.30181472149252,0.409452545408033,5.6));
#8248=CARTESIAN_POINT('',(2.237535517075,0.382054233819392,5.6));
#8249=CARTESIAN_POINT('',(2.12784806733501,0.274200562803787,5.6));
#8250=CARTESIAN_POINT('',(2.08597812684287,0.197224354054746,5.6));
#8251=CARTESIAN_POINT('',(2.05737682946443,0.0980685597339477,5.6));
#8252=CARTESIAN_POINT('',(2.05737682946443,0.0980685597339477,5.6));
#8253=CARTESIAN_POINT('',(2.05737682946443,0.0980685597339477,5.61));
#8254=CARTESIAN_POINT('',(2.05737682946443,0.0980685597339477,5.61));
#8255=CARTESIAN_POINT('',(2.61937758001394,0.232885648503454,5.61));
#8256=CARTESIAN_POINT('',(2.55539323433228,0.350741877718087,5.61));
#8257=CARTESIAN_POINT('',(2.47430708197073,0.409452545408033,5.61));
#8258=CARTESIAN_POINT('',(2.30181472149252,0.409452545408033,5.61));
#8259=CARTESIAN_POINT('',(2.237535517075,0.382054233819392,5.61));
#8260=CARTESIAN_POINT('',(2.12784806733501,0.274200562803787,5.61));
#8261=CARTESIAN_POINT('',(2.08597812684287,0.197224354054746,5.61));
#8262=CARTESIAN_POINT('',(2.05737682946443,0.0980685597339477,5.61));
#8263=CARTESIAN_POINT('',(2.61937758001394,0.232885648503454,5.61));
#8264=CARTESIAN_POINT('',(2.55539323433228,0.350741877718087,5.61));
#8265=CARTESIAN_POINT('',(2.47430708197073,0.409452545408033,5.61));
#8266=CARTESIAN_POINT('',(2.30181472149252,0.409452545408033,5.61));
#8267=CARTESIAN_POINT('',(2.237535517075,0.382054233819392,5.61));
#8268=CARTESIAN_POINT('',(2.12784806733501,0.274200562803787,5.61));
#8269=CARTESIAN_POINT('',(2.08597812684287,0.197224354054746,5.61));
#8270=CARTESIAN_POINT('',(2.05737682946443,0.0980685597339477,5.61));
#8271=CARTESIAN_POINT('',(2.05737682946443,0.0980685597339477,5.6));
#8272=CARTESIAN_POINT('',(2.02848067335013,-0.00152212842159083,5.6));
#8273=CARTESIAN_POINT('',(2.01403259529298,-0.109810693271936,5.6));
#8274=CARTESIAN_POINT('',(2.01403259529298,-0.398145305704783,5.6));
#8275=CARTESIAN_POINT('',(2.04558248003002,-0.544704528012279,5.6));
#8276=CARTESIAN_POINT('',(2.17119230150646,-0.789114863136352,5.6));
#8277=CARTESIAN_POINT('',(2.26023963973624,-0.849999999999999,5.6));
#8278=CARTESIAN_POINT('',(2.46723047231009,-0.849999999999999,5.6));
#8279=CARTESIAN_POINT('',(2.54418860236959,-0.796508058326937,5.6));
#8280=CARTESIAN_POINT('',(2.60610893690023,-0.688654387311332,5.6));
#8281=CARTESIAN_POINT('',(2.60610893690023,-0.688654387311332,5.6));
#8282=CARTESIAN_POINT('',(2.60610893690023,-0.688654387311332,5.61));
#8283=CARTESIAN_POINT('',(2.60610893690023,-0.688654387311332,5.61));
#8284=CARTESIAN_POINT('',(2.05737682946443,0.0980685597339477,5.61));
#8285=CARTESIAN_POINT('',(2.02848067335013,-0.00152212842159083,5.61));
#8286=CARTESIAN_POINT('',(2.01403259529298,-0.109810693271936,5.61));
#8287=CARTESIAN_POINT('',(2.01403259529298,-0.398145305704783,5.61));
#8288=CARTESIAN_POINT('',(2.04558248003002,-0.544704528012279,5.61));
#8289=CARTESIAN_POINT('',(2.17119230150646,-0.789114863136352,5.61));
#8290=CARTESIAN_POINT('',(2.26023963973624,-0.849999999999999,5.61));
#8291=CARTESIAN_POINT('',(2.46723047231009,-0.849999999999999,5.61));
#8292=CARTESIAN_POINT('',(2.54418860236959,-0.796508058326937,5.61));
#8293=CARTESIAN_POINT('',(2.60610893690023,-0.688654387311332,5.61));
#8294=CARTESIAN_POINT('',(2.05737682946443,0.0980685597339477,5.61));
#8295=CARTESIAN_POINT('',(2.02848067335013,-0.00152212842159083,5.61));
#8296=CARTESIAN_POINT('',(2.01403259529298,-0.109810693271936,5.61));
#8297=CARTESIAN_POINT('',(2.01403259529298,-0.398145305704783,5.61));
#8298=CARTESIAN_POINT('',(2.04558248003002,-0.544704528012279,5.61));
#8299=CARTESIAN_POINT('',(2.17119230150646,-0.789114863136352,5.61));
#8300=CARTESIAN_POINT('',(2.26023963973624,-0.849999999999999,5.61));
#8301=CARTESIAN_POINT('',(2.46723047231009,-0.849999999999999,5.61));
#8302=CARTESIAN_POINT('',(2.54418860236959,-0.796508058326937,5.61));
#8303=CARTESIAN_POINT('',(2.60610893690023,-0.688654387311332,5.61));
#8304=CARTESIAN_POINT('',(2.60610893690023,-0.688654387311332,5.6));
#8305=CARTESIAN_POINT('',(2.60669865437195,-0.82477615758506,5.6));
#8306=CARTESIAN_POINT('',(2.60316034954163,-0.91436428754157,5.6));
#8307=CARTESIAN_POINT('',(2.59578888114513,-0.956548989511383,5.6));
#8308=CARTESIAN_POINT('',(2.59578888114513,-0.956548989511383,5.6));
#8309=CARTESIAN_POINT('',(2.59578888114513,-0.956548989511383,5.61));
#8310=CARTESIAN_POINT('',(2.59578888114513,-0.956548989511383,5.61));
#8311=CARTESIAN_POINT('',(2.60610893690023,-0.688654387311332,5.61));
#8312=CARTESIAN_POINT('',(2.60669865437195,-0.82477615758506,5.61));
#8313=CARTESIAN_POINT('',(2.60316034954163,-0.91436428754157,5.61));
#8314=CARTESIAN_POINT('',(2.59578888114513,-0.956548989511383,5.61));
#8315=CARTESIAN_POINT('',(2.60610893690023,-0.688654387311332,5.61));
#8316=CARTESIAN_POINT('',(2.60669865437195,-0.82477615758506,5.61));
#8317=CARTESIAN_POINT('',(2.60316034954163,-0.91436428754157,5.61));
#8318=CARTESIAN_POINT('',(2.59578888114513,-0.956548989511383,5.61));
#8319=CARTESIAN_POINT('',(2.59578888114513,-0.956548989511383,5.6));
#8320=CARTESIAN_POINT('',(2.583404814239,-1.02613200306984,5.6));
#8321=CARTESIAN_POINT('',(2.55922639789846,-1.08049373241238,5.6));
#8322=CARTESIAN_POINT('',(2.4878705838203,-1.15790483499616,5.6));
#8323=CARTESIAN_POINT('',(2.43744973998821,-1.17704016372474,5.6));
#8324=CARTESIAN_POINT('',(2.31095534230419,-1.17704016372474,5.6));
#8325=CARTESIAN_POINT('',(2.26289336835898,-1.15790483499616,5.6));
#8326=CARTESIAN_POINT('',(2.22780517879162,-1.11919928370427,5.6));
#8327=CARTESIAN_POINT('',(2.22780517879162,-1.11919928370427,5.6));
#8328=CARTESIAN_POINT('',(2.22780517879162,-1.11919928370427,5.61));
#8329=CARTESIAN_POINT('',(2.22780517879162,-1.11919928370427,5.61));
#8330=CARTESIAN_POINT('',(2.59578888114513,-0.956548989511383,5.61));
#8331=CARTESIAN_POINT('',(2.583404814239,-1.02613200306984,5.61));
#8332=CARTESIAN_POINT('',(2.55922639789846,-1.08049373241238,5.61));
#8333=CARTESIAN_POINT('',(2.4878705838203,-1.15790483499616,5.61));
#8334=CARTESIAN_POINT('',(2.43744973998821,-1.17704016372474,5.61));
#8335=CARTESIAN_POINT('',(2.31095534230419,-1.17704016372474,5.61));
#8336=CARTESIAN_POINT('',(2.26289336835898,-1.15790483499616,5.61));
#8337=CARTESIAN_POINT('',(2.22780517879162,-1.11919928370427,5.61));
#8338=CARTESIAN_POINT('',(2.59578888114513,-0.956548989511383,5.61));
#8339=CARTESIAN_POINT('',(2.583404814239,-1.02613200306984,5.61));
#8340=CARTESIAN_POINT('',(2.55922639789846,-1.08049373241238,5.61));
#8341=CARTESIAN_POINT('',(2.4878705838203,-1.15790483499616,5.61));
#8342=CARTESIAN_POINT('',(2.43744973998821,-1.17704016372474,5.61));
#8343=CARTESIAN_POINT('',(2.31095534230419,-1.17704016372474,5.61));
#8344=CARTESIAN_POINT('',(2.26289336835898,-1.15790483499616,5.61));
#8345=CARTESIAN_POINT('',(2.22780517879162,-1.11919928370427,5.61));
#8346=CARTESIAN_POINT('',(2.22780517879162,-1.11919928370427,5.6));
#8347=CARTESIAN_POINT('',(2.20156275130006,-1.09049629061141,5.6));
#8348=CARTESIAN_POINT('',(2.18564037956361,-1.04483243796367,5.6));
#8349=CARTESIAN_POINT('',(2.18003806358227,-0.982207725761064,5.6));
#8350=CARTESIAN_POINT('',(2.22780517879162,-1.11919928370427,5.61));
#8351=CARTESIAN_POINT('',(2.20156275130006,-1.09049629061141,5.61));
#8352=CARTESIAN_POINT('',(2.18564037956361,-1.04483243796367,5.61));
#8353=CARTESIAN_POINT('',(2.18003806358227,-0.982207725761064,5.61));
#8354=CARTESIAN_POINT('',(2.22780517879162,-1.11919928370427,5.61));
#8355=CARTESIAN_POINT('',(2.20156275130006,-1.09049629061141,5.61));
#8356=CARTESIAN_POINT('',(2.18564037956361,-1.04483243796367,5.61));
#8357=CARTESIAN_POINT('',(2.18003806358227,-0.982207725761064,5.61));
#8358=CARTESIAN_POINT('',(2.54979091835094,0.121552826809926,5.6));
#8359=CARTESIAN_POINT('',(2.59519916367341,0.0450115118956262,5.6));
#8360=CARTESIAN_POINT('',(2.61790328633464,-0.0684957789716035,5.6));
#8361=CARTESIAN_POINT('',(2.61790328633464,-0.376835507802506,5.6));
#8362=CARTESIAN_POINT('',(2.59578888114513,-0.492517267843438,5.6));
#8363=CARTESIAN_POINT('',(2.50792097785879,-0.640381171655154,5.6));
#8364=CARTESIAN_POINT('',(2.45337211172466,-0.677347147608083,5.6));
#8365=CARTESIAN_POINT('',(2.3227496917386,-0.677347147608083,5.6));
#8366=CARTESIAN_POINT('',(2.26820082560446,-0.639946277820414,5.6));
#8367=CARTESIAN_POINT('',(2.22485659143302,-0.566014325914556,5.6));
#8368=CARTESIAN_POINT('',(2.54979091835094,0.121552826809926,5.61));
#8369=CARTESIAN_POINT('',(2.59519916367341,0.0450115118956262,5.61));
#8370=CARTESIAN_POINT('',(2.61790328633464,-0.0684957789716035,5.61));
#8371=CARTESIAN_POINT('',(2.61790328633464,-0.376835507802506,5.61));
#8372=CARTESIAN_POINT('',(2.59578888114513,-0.492517267843438,5.61));
#8373=CARTESIAN_POINT('',(2.50792097785879,-0.640381171655154,5.61));
#8374=CARTESIAN_POINT('',(2.45337211172466,-0.677347147608083,5.61));
#8375=CARTESIAN_POINT('',(2.3227496917386,-0.677347147608083,5.61));
#8376=CARTESIAN_POINT('',(2.26820082560446,-0.639946277820414,5.61));
#8377=CARTESIAN_POINT('',(2.22485659143302,-0.566014325914556,5.61));
#8378=CARTESIAN_POINT('',(2.54979091835094,0.121552826809926,5.61));
#8379=CARTESIAN_POINT('',(2.59519916367341,0.0450115118956262,5.61));
#8380=CARTESIAN_POINT('',(2.61790328633464,-0.0684957789716035,5.61));
#8381=CARTESIAN_POINT('',(2.61790328633464,-0.376835507802506,5.61));
#8382=CARTESIAN_POINT('',(2.59578888114513,-0.492517267843438,5.61));
#8383=CARTESIAN_POINT('',(2.50792097785879,-0.640381171655154,5.61));
#8384=CARTESIAN_POINT('',(2.45337211172466,-0.677347147608083,5.61));
#8385=CARTESIAN_POINT('',(2.3227496917386,-0.677347147608083,5.61));
#8386=CARTESIAN_POINT('',(2.26820082560446,-0.639946277820414,5.61));
#8387=CARTESIAN_POINT('',(2.22485659143302,-0.566014325914556,5.61));
#8388=CARTESIAN_POINT('',(2.21853813243185,-1.31635061743814,5.61));
#8389=CARTESIAN_POINT('',(2.21853813243185,-1.31635061743814,5.6));
#8390=MECHANICAL_DESIGN_GEOMETRIC_PRESENTATION_REPRESENTATION('',(#80,#81,
#82,#69,#70,#71,#72,#73,#83,#74,#75,#76,#77,#78,#84,#85,#86,#87,#88,#89,
#90,#91,#92),#8391);
#8391=(
GEOMETRIC_REPRESENTATION_CONTEXT(3)
GLOBAL_UNCERTAINTY_ASSIGNED_CONTEXT((#8392))
GLOBAL_UNIT_ASSIGNED_CONTEXT((#8398,#8394,#8393))
REPRESENTATION_CONTEXT('TMPF0808','TOP_LEVEL_ASSEMBLY_PART')
);
#8392=UNCERTAINTY_MEASURE_WITH_UNIT(LENGTH_MEASURE(0.0508),#8398,
'DISTANCE_ACCURACY_VALUE','Maximum Tolerance applied to model');
#8393=(
NAMED_UNIT(*)
SI_UNIT($,.STERADIAN.)
SOLID_ANGLE_UNIT()
);
#8394=(
CONVERSION_BASED_UNIT('DEGREE',#8396)
NAMED_UNIT(#8395)
PLANE_ANGLE_UNIT()
);
#8395=DIMENSIONAL_EXPONENTS(0.,0.,0.,0.,0.,0.,0.);
#8396=PLANE_ANGLE_MEASURE_WITH_UNIT(PLANE_ANGLE_MEASURE(0.0174532925),#8397);
#8397=(
NAMED_UNIT(*)
PLANE_ANGLE_UNIT()
SI_UNIT($,.RADIAN.)
);
#8398=(
LENGTH_UNIT()
NAMED_UNIT(*)
SI_UNIT(.MILLI.,.METRE.)
);
ENDSEC;
END-ISO-10303-21;
